,link,video_link,title,time,date,video_id,views,likes,comments,shares
0,https://www.1tv.am/hy/video/Հարցազրույց-Սոսի-Թաթիկյանի-հետ/235331,https://www.youtube.com/embed/gkLMht3Vt-k?autoplay=1&autohide=1,Հարցազրույց Սոսի Թաթիկյանի հետ,22:10,"03 Հլս, 2025",gkLMht3Vt-k,33761,410,0,N/A
1,https://www.1tv.am/hy/video/Հարցազրույց-Համբիկ-Սարաֆյանի-հետ/235319,https://www.youtube.com/embed/yjj8ISwxTwE?autoplay=1&autohide=1,Հարցազրույց Համբիկ Սարաֆյանի հետ,22:10,"02 Հլս, 2025",yjj8ISwxTwE,33991,518,0,N/A
2,https://www.1tv.am/hy/video/Հարցազրույց-Կայա-Կալասի-հետ/235300,https://www.youtube.com/embed/Hd6l_IRhygI?autoplay=1&autohide=1,Հարցազրույց Կայա Կալասի հետ,22:10,"01 Հլս, 2025",Hd6l_IRhygI,42727,888,0,N/A
3,https://www.1tv.am/hy/video/Հարցազրույց-Արթուր-Պողոսյանի-հետ/235299,https://www.youtube.com/embed/d5x7uI6cCLI?autoplay=1&autohide=1,Հարցազրույց Արթուր Պողոսյանի հետ,22:10,"30 Հնս, 2025",d5x7uI6cCLI,97758,1384,0,N/A
4,https://www.1tv.am/hy/video/Հարցազրույց-Էլեն-Հոխիկյանի-հետ/235233,https://www.youtube.com/embed/gpIDqXFZx8o?autoplay=1&autohide=1,Հարցազրույց Էլեն Հոխիկյանի հետ,22:30,"27 Հնս, 2025",gpIDqXFZx8o,42014,504,0,N/A
5,https://www.1tv.am/hy/video/Հարցազրույց-Խորեն-Վարդապետ-Հովհաննիսյանի-հետ/235242,https://www.youtube.com/embed/L9QYke6Lavg?autoplay=1&autohide=1,Հարցազրույց Խորեն Վարդապետ Հովհաննիսյանի հետ,22:05,"27 Հնս, 2025",L9QYke6Lavg,145988,3177,0,N/A
6,https://www.1tv.am/hy/video/Հարցազրույց-Անդրանիկ-Քոչարյանի-հետ/235223,https://www.youtube.com/embed/YQ3IWIXioi8?autoplay=1&autohide=1,Հարցազրույց Անդրանիկ Քոչարյանի հետ,22:10,"26 Հնս, 2025",YQ3IWIXioi8,100581,1183,0,N/A
7,https://www.1tv.am/hy/video/Հարցազրույց-Ալեն-Սիմոնյանի-հետ/235216,https://www.youtube.com/embed/g9xybkHV0lc?autoplay=1&autohide=1,Հարցազրույց Ալեն Սիմոնյանի հետ,22:10,"25 Հնս, 2025",g9xybkHV0lc,118191,1829,0,N/A
8,https://www.1tv.am/hy/video/Հարցազրույց-Կարինե-Գևորգյանի-հետ/235214,https://www.youtube.com/embed/eVYSKBkEQ3c?autoplay=1&autohide=1,Հարցազրույց Կարինե Գևորգյանի հետ,22:10,"24 Հնս, 2025",eVYSKBkEQ3c,45487,255,0,N/A
9,https://www.1tv.am/hy/video/Հարցազրույց-Գեորգի-Դերլուգյանի-հետ/235100,https://www.youtube.com/embed/9J1L57KDjh0?autoplay=1&autohide=1,Հարցազրույց Գեորգի Դերլուգյանի հետ,22:10,"23 Հնս, 2025",9J1L57KDjh0,36008,262,0,N/A
10,https://www.1tv.am/hy/video/Հարցազրույց-Վիլեն-Գաբրիելյանի-հետ/235022,https://www.youtube.com/embed/lgK9ftDnw7k?autoplay=1&autohide=1,Հարցազրույց Վիլեն Գաբրիելյանի հետ,22:10,"20 Հնս, 2025",lgK9ftDnw7k,30620,231,0,N/A
11,https://www.1tv.am/hy/video/Հարցազրույց-Հայկ-Եսայանի-հետ/234963,https://www.youtube.com/embed/TpKNCQw712I?autoplay=1&autohide=1,Հարցազրույց Հայկ Եսայանի հետ,22:10,"19 Հնս, 2025",TpKNCQw712I,18956,247,0,N/A
12,https://www.1tv.am/hy/video/Հարցազրույց-Հայկ-Կոնջորյանի-հետ/234946,https://www.youtube.com/embed/gRysYMqznrU?autoplay=1&autohide=1,Հարցազրույց Հայկ Կոնջորյանի հետ,22:10,"18 Հնս, 2025",gRysYMqznrU,69733,922,0,N/A
13,https://www.1tv.am/hy/video/Հարցազրույց-Միքայել-Զոլյանի-հետ/234899,https://www.youtube.com/embed/6hiWBZOxhhE?autoplay=1&autohide=1,Հարցազրույց Միքայել Զոլյանի հետ,22:10,"17 Հնս, 2025",6hiWBZOxhhE,34007,357,0,N/A
14,https://www.1tv.am/hy/video/Հարցազրույց-Գոհար-Իսկանդարյանի-հետ/234878,https://www.youtube.com/embed/VaOALzBUEpY?autoplay=1&autohide=1,Հարցազրույց Գոհար Իսկանդարյանի հետ,22:10,"16 Հնս, 2025",VaOALzBUEpY,24478,202,0,N/A
15,https://www.1tv.am/hy/video/Հարցազրույց-փորձագետների-հետ/234781,https://www.youtube.com/embed/b264_CxWxSg?autoplay=1&autohide=1,Հարցազրույց փորձագետների հետ,22:10,"13 Հնս, 2025",b264_CxWxSg,93460,761,0,N/A
16,https://www.1tv.am/hy/video/Հարցազրույց-Արթուր-Վանեցյանի-հետ/234732,https://www.youtube.com/embed/vCbnIJM8ihQ?autoplay=1&autohide=1,Հարցազրույց Արթուր Վանեցյանի հետ,22:10,"12 Հնս, 2025",vCbnIJM8ihQ,91637,502,0,N/A
17,https://www.1tv.am/hy/video/Հարցազրույց-Ալեն-Բերսեի-հետ/234707,https://www.youtube.com/embed/m_DdC-tuJNc?autoplay=1&autohide=1,Հարցազրույց Ալեն Բերսեի հետ,22:10,"11 Հնս, 2025",m_DdC-tuJNc,21387,303,0,N/A
18,https://www.1tv.am/hy/video/Հարցազրույց-Մարի-Գրիգորյանի-հետ/234665,https://www.youtube.com/embed/WBVw2zOFiRM?autoplay=1&autohide=1,Հարցազրույց Մարի Գրիգորյանի հետ,22:10,"10 Հնս, 2025",WBVw2zOFiRM,32174,608,0,N/A
19,https://www.1tv.am/hy/video/Հարցազրույց-Վահագն-Ալեքսանյանի-հետ/234635,https://www.youtube.com/embed/lXqEuNcSoB4?autoplay=1&autohide=1,Հարցազրույց Վահագն Ալեքսանյանի հետ,22:10,"09 Հնս, 2025",lXqEuNcSoB4,73305,1157,0,N/A
20,https://www.1tv.am/hy/video/Հարցազրույց-Գայանե-Աբրահամյանի-հետ/234524,https://www.youtube.com/embed/I8XW7f98sKI?autoplay=1&autohide=1,Հարցազրույց Գայանե Աբրահամյանի հետ,22:10,"06 Հնս, 2025",I8XW7f98sKI,23749,415,0,N/A
21,https://www.1tv.am/hy/video/Հարցազրույց-Արման-Բաբաջանյանի-հետ/234481,https://www.youtube.com/embed/bR85x0q5nSI?autoplay=1&autohide=1,Հարցազրույց Արման Բաբաջանյանի հետ,22:10,"05 Հնս, 2025",bR85x0q5nSI,36403,705,0,N/A
22,https://www.1tv.am/hy/video/Հարցազրույց-Հայկ-Հովյանի-հետ/234118,https://www.youtube.com/embed/dD8PMpjziew?autoplay=1&autohide=1,Հարցազրույց Հայկ Հովյանի հետ,22:10,"23 Մայ, 2025",dD8PMpjziew,20328,172,0,N/A
23,https://www.1tv.am/hy/video/Հարցազրույց-Էնրիկո-Դելլա-Կասայի-հետ/234050,https://www.youtube.com/embed/0WyNm0kfdkg?autoplay=1&autohide=1,Հարցազրույց Էնրիկո Դելլա Կասայի հետ,22:10,"22 Մայ, 2025",0WyNm0kfdkg,4800,52,0,N/A
24,https://www.1tv.am/hy/video/Հարցազրույց-Անիտա-Դիմիտրիուի-հետ/234022,https://www.youtube.com/embed/QzlgWDC63qE?autoplay=1&autohide=1,Հարցազրույց Անիտա Դիմիտրիուի հետ,22:10,"21 Մայ, 2025",QzlgWDC63qE,N/A,N/A,N/A,N/A
25,https://www.1tv.am/hy/video/Հարցազրույց-Հայկ-Կոնջորյանի-հետ/233997,https://www.youtube.com/embed/IQ9Ghx8vWHQ?autoplay=1&autohide=1,Հարցազրույց Հայկ Կոնջորյանի հետ,22:10,"20 Մայ, 2025",IQ9Ghx8vWHQ,51710,794,0,N/A
26,https://www.1tv.am/hy/video/Հարցազրույց-Արամ-Սարգսյանի-հետ/233946,https://www.youtube.com/embed/ZoxxSL1qUps?autoplay=1&autohide=1,Հարցազրույց Արամ Սարգսյանի հետ,22:10,"19 Մայ, 2025",ZoxxSL1qUps,76747,1143,0,N/A
27,https://www.1tv.am/hy/video/Հարցազրույց-Տիգրան-Հակոբյանի-հետ/233842,https://www.youtube.com/embed/9aeOF-4ZWf0?autoplay=1&autohide=1,Հարցազրույց Տիգրան Հակոբյանի հետ,22:10,"16 Մայ, 2025",9aeOF-4ZWf0,19430,191,0,N/A
28,https://www.1tv.am/hy/video/Հարցազրույց-Ռուբեն-Ռուբինյանի-հետ/233751,https://www.youtube.com/embed/1hIJrTDufbE?autoplay=1&autohide=1,Հարցազրույց Ռուբեն Ռուբինյանի հետ,22:10,"14 Մայ, 2025",1hIJrTDufbE,77732,1193,0,N/A
29,https://www.1tv.am/hy/video/Հարցազրույց-Հայկ-Սարգսյանի-հետ/233726,https://www.youtube.com/embed/WsJQYLxGo9I?autoplay=1&autohide=1,Հարցազրույց Հայկ Սարգսյանի հետ,22:10,"13 Մայ, 2025",WsJQYLxGo9I,26463,248,0,N/A
30,https://www.1tv.am/hy/video/Հարցազրույց-Վահագն-Ալեքսանյանի-հետ/233685,https://www.youtube.com/embed/XUc3kLWgZQg?autoplay=1&autohide=1,Հարցազրույց Վահագն Ալեքսանյանի հետ,22:10,"12 Մայ, 2025",XUc3kLWgZQg,65938,1001,0,N/A
31,https://www.1tv.am/hy/video/Հարցազրույց-Արծրուն-Հովհաննիսյանի-հետ/233603,https://www.youtube.com/embed/NLFYH-I985g?autoplay=1&autohide=1,Հարցազրույց Արծրուն Հովհաննիսյանի հետ,22:10,"09 Մայ, 2025",NLFYH-I985g,108402,1713,0,N/A
32,https://www.1tv.am/hy/video/Հարցազրույց-Աննա-Վարդապետյանի-հետ/233596,https://www.youtube.com/embed/9KDAEGmyy-4?autoplay=1&autohide=1,Հարցազրույց Աննա Վարդապետյանի հետ,22:10,"08 Մայ, 2025",9KDAEGmyy-4,81518,909,0,N/A
33,https://www.1tv.am/hy/video/Հարցազրույց-Գառնիկ-Դանիելյանի-հետ/233590,https://www.youtube.com/embed/kwPt9TXlRgk?autoplay=1&autohide=1,Հարցազրույց Գառնիկ Դանիելյանի հետ,22:10,"07 Մայ, 2025",kwPt9TXlRgk,49654,253,0,N/A
34,https://www.1tv.am/hy/video/Հարցազրույց-Արթուր-Նահապետյանի-հետ/233462,https://www.youtube.com/embed/6LnkR5jb46k?autoplay=1&autohide=1,Հարցազրույց Արթուր Նահապետյանի հետ,22:10,"06 Մայ, 2025",6LnkR5jb46k,12936,121,0,N/A
35,https://www.1tv.am/hy/video/Հարցազրույց-Համո-Սուքիասյանի-հետ/233408,https://www.youtube.com/embed/rR4w1tKb1M0?autoplay=1&autohide=1,Հարցազրույց Համո Սուքիասյանի հետ,22:10,"05 Մայ, 2025",rR4w1tKb1M0,20309,151,0,N/A
36,https://www.1tv.am/hy/video/Հարցազրույց-Իվան-Տիմոֆեևի-հետ/233314,https://www.youtube.com/embed/i13ZLwYoLnE?autoplay=1&autohide=1,Հարցազրույց Իվան Տիմոֆեևի հետ,22:10,"02 Մայ, 2025",i13ZLwYoLnE,30441,214,0,N/A
37,https://www.1tv.am/hy/video/Հարցազրույց-Գեղամ-Նազարյանի-հետ/233243,https://www.youtube.com/embed/wZPqzqnfylg?autoplay=1&autohide=1,Հարցազրույց Գեղամ Նազարյանի հետ,22:10,"01 Մայ, 2025",wZPqzqnfylg,51835,955,0,N/A
38,https://www.1tv.am/hy/video/Հարցազրույց-Տարոն-Չախոյանի-հետ/233242,https://www.youtube.com/embed/plzW6EQKlYQ?autoplay=1&autohide=1,Հարցազրույց Տարոն Չախոյանի հետ,22:10,"30 Ապր, 2025",plzW6EQKlYQ,43166,640,0,N/A
39,https://www.1tv.am/hy/video/Հարցազրույց-Սրբուհի-Գալյանի-հետ/233177,https://www.youtube.com/embed/hcLhnUIN7Y0?autoplay=1&autohide=1,Հարցազրույց Սրբուհի Գալյանի հետ,22:10,"29 Ապր, 2025",hcLhnUIN7Y0,23224,216,0,N/A
40,https://www.1tv.am/hy/video/Հարցազրույց-Լիլիթ-Մինասյանի-հետ/233120,https://www.youtube.com/embed/lqmSDYB-_hY?autoplay=1&autohide=1,Հարցազրույց Լիլիթ Մինասյանի հետ,22:10,"28 Ապր, 2025",lqmSDYB-_hY,26974,344,0,N/A
41,https://www.1tv.am/hy/video/Հարցազրույց-Հակոբ-Մովսեսի-հետ/233051,https://www.youtube.com/embed/62_pUJLnvlo?autoplay=1&autohide=1,Հարցազրույց Հակոբ Մովսեսի հետ,22:10,"25 Ապր, 2025",62_pUJLnvlo,28124,548,0,N/A
42,https://www.1tv.am/hy/video/Հարցազրույց-Ռուբեն-Սաֆրաստյանի-հետ/232999,https://www.youtube.com/embed/tbQATYApYSI?autoplay=1&autohide=1,Հարցազրույց Ռուբեն Սաֆրաստյանի հետ,22:10,"24 Ապր, 2025",tbQATYApYSI,21643,239,0,N/A
43,https://www.1tv.am/hy/video/Հարցազրույց-Արծվիկ-Մինասյանի-հետ/232980,https://www.youtube.com/embed/kJLWgZQ-myI?autoplay=1&autohide=1,Հարցազրույց Արծվիկ Մինասյանի հետ,22:10,"23 Ապր, 2025",kJLWgZQ-myI,82240,547,0,N/A
44,https://www.1tv.am/hy/video/Հարցազրույց-Էդուարդ-Հակոբյանի-հետ/232933,https://www.youtube.com/embed/330z2yi8DG0?autoplay=1&autohide=1,Հարցազրույց Էդուարդ Հակոբյանի հետ,22:10,"22 Ապր, 2025",330z2yi8DG0,10713,69,0,N/A
45,https://www.1tv.am/hy/video/Հարցազրույց-Արփինե-Սարգսյանի-հետ/232895,https://www.youtube.com/embed/yGrd3FBdix8?autoplay=1&autohide=1,Հարցազրույց Արփինե Սարգսյանի հետ,22:10,"21 Ապր, 2025",yGrd3FBdix8,32613,314,0,N/A
46,https://www.1tv.am/hy/video/Հարցազրույց-Հարություն-Մկրտչյանի-հետ/232743,https://www.youtube.com/embed/11H4Oqi5jXU?autoplay=1&autohide=1,Հարցազրույց Հարություն Մկրտչյանի հետ,22:10,"16 Ապր, 2025",11H4Oqi5jXU,56385,962,0,N/A
47,https://www.1tv.am/hy/video/Հարցազրույց-Անդրանիկ-Քոչարյանի-հետ/232723,https://www.youtube.com/embed/s8z730bpo2Y?autoplay=1&autohide=1,Հարցազրույց Անդրանիկ Քոչարյանի հետ,22:10,"15 Ապր, 2025",s8z730bpo2Y,54518,534,0,N/A
48,https://www.1tv.am/hy/video/Հարցազրույց-Գեղամ-Ստեփանյանի-հետ/232706,https://www.youtube.com/embed/nCr1QheWiAQ?autoplay=1&autohide=1,Հարցազրույց Գեղամ Ստեփանյանի հետ,22:10,"14 Ապր, 2025",nCr1QheWiAQ,44339,308,0,N/A
49,https://www.1tv.am/hy/video/Հարցազրույց-Ստաս-Նամինի-հետ/232536,https://www.youtube.com/embed/joSP83VHA3I?autoplay=1&autohide=1,Հարցազրույց Ստաս Նամինի հետ,22:10,"09 Ապր, 2025",joSP83VHA3I,46011,782,0,N/A
50,https://www.1tv.am/hy/video/Հարցազրույց-Ռոդիոն-Միրոշնիկի-հետ/232513,https://www.youtube.com/embed/T4wlpkrrpTM?autoplay=1&autohide=1,Հարցազրույց Ռոդիոն Միրոշնիկի հետ,22:10,"08 Ապր, 2025",T4wlpkrrpTM,40687,481,0,N/A
51,https://www.1tv.am/hy/video/Հարցազրույց-Տիգրան-Խաչատրյանի-հետ/232466,https://www.youtube.com/embed/8HStP0XZ5zQ?autoplay=1&autohide=1,Հարցազրույց Տիգրան Խաչատրյանի հետ,22:10,"07 Ապր, 2025",8HStP0XZ5zQ,18852,190,0,N/A
52,https://www.1tv.am/hy/video/Հարցազրույց-Վահագն-Ալեքսանյանի-հետ/232383,https://www.youtube.com/embed/DEqd9AROqe4?autoplay=1&autohide=1,Հարցազրույց Վահագն Ալեքսանյանի հետ,22:10,"04 Ապր, 2025",DEqd9AROqe4,78110,980,0,N/A
53,https://www.1tv.am/hy/video/Հարցազրույց-Արմեն-Նուրբեկյանի-հետ/232322,https://www.youtube.com/embed/ciTvwcUaanE?autoplay=1&autohide=1,Հարցազրույց Արմեն Նուրբեկյանի հետ,22:10,"03 Ապր, 2025",ciTvwcUaanE,24651,184,0,N/A
54,https://www.1tv.am/hy/video/Հարցազրույց-Վահրամ-Թոքմաջյանի-հետ/232294,https://www.youtube.com/embed/W4U6OGE1Sdk?autoplay=1&autohide=1,Հարցազրույց Վահրամ Թոքմաջյանի հետ,22:10,"02 Ապր, 2025",W4U6OGE1Sdk,55846,647,0,N/A
55,https://www.1tv.am/hy/video/Հարցազրույց-Լիլիթ-Դալլաքյանի-հետ/232282,https://www.youtube.com/embed/XQUhqQOUACE?autoplay=1&autohide=1,Հարցազրույց Լիլիթ Դալլաքյանի հետ,22:10,"01 Ապր, 2025",XQUhqQOUACE,62063,956,0,N/A
56,https://www.1tv.am/hy/video/Հարցազրույց-Արեգ-Քոչինյանի-հետ/232225,https://www.youtube.com/embed/34FcpDxd3nY?autoplay=1&autohide=1,Հարցազրույց Արեգ Քոչինյանի հետ,22:10,"31 Մար, 2025",34FcpDxd3nY,51201,813,0,N/A
57,https://www.1tv.am/hy/video/Հարցազրույց-Սարիկ-Մինասյանի-հետ/232165,https://www.youtube.com/embed/AkJy5NJ5ds4?autoplay=1&autohide=1,Հարցազրույց Սարիկ Մինասյանի հետ,22:10,"28 Մար, 2025",AkJy5NJ5ds4,27689,548,0,N/A
58,https://www.1tv.am/hy/video/Հարցազրույց-Մարտուն-Գրիգորյանի-հետ/232157,https://www.youtube.com/embed/qOem8WMgRqI?autoplay=1&autohide=1,Հարցազրույց Մարտուն Գրիգորյանի հետ,19:00,"28 Մար, 2025",qOem8WMgRqI,30924,140,0,N/A
59,https://www.1tv.am/hy/video/Հարցազրույց-Լևոն-Բարսեղյանի-հետ/232064,https://www.youtube.com/embed/7utSMb_5Dkw?autoplay=1&autohide=1,Հարցազրույց Լևոն Բարսեղյանի հետ,22:10,"26 Մար, 2025",7utSMb_5Dkw,31359,742,0,N/A
60,https://www.1tv.am/hy/video/Հարցազրույց-Արտյոմ-Ղարաղազարյանի-հետ/232055,https://www.youtube.com/embed/JHPaKoFH3Ec?autoplay=1&autohide=1,Հարցազրույց Արտյոմ Ղարաղազարյանի հետ,20:30,"26 Մար, 2025",JHPaKoFH3Ec,9937,44,0,N/A
61,https://www.1tv.am/hy/video/Հարցազրույց-Վարդան-Ղուկասյանի-հետ/232024,https://www.youtube.com/embed/foNM1cFHOTo?autoplay=1&autohide=1,Հարցազրույց Վարդան Ղուկասյանի հետ,22:10,"25 Մար, 2025",foNM1cFHOTo,129281,961,0,N/A
62,https://www.1tv.am/hy/video/Հարցազրույց-Կարեն-Սիմոնյանի-հետ/231979,https://www.youtube.com/embed/QXe6voYx9r4?autoplay=1&autohide=1,Հարցազրույց Կարեն Սիմոնյանի հետ,22:10,"24 Մար, 2025",QXe6voYx9r4,14144,77,0,N/A
63,https://www.1tv.am/hy/video/Հարցազրույց-Արտյոմ-Թումանյանի-հետ/231978,https://www.youtube.com/embed/NqmM11ROeBw?autoplay=1&autohide=1,Հարցազրույց Արտյոմ Թումանյանի հետ,20:30,"24 Մար, 2025",NqmM11ROeBw,35211,302,0,N/A
64,https://www.1tv.am/hy/video/Հարցազրույց-Անդերս-Ֆոգ-Ռասմուսենի-հետ/231848,https://www.youtube.com/embed/xqMrtijccuM?autoplay=1&autohide=1,Հարցազրույց Անդերս Ֆոգ Ռասմուսենի հետ,22:10,"20 Մար, 2025",xqMrtijccuM,48686,911,0,N/A
65,https://www.1tv.am/hy/video/Հարցազրույց-Քրիստինե-Վարդանյանի-հետ/231800,https://www.youtube.com/embed/2f2bBulNidU?autoplay=1&autohide=1,Հարցազրույց Քրիստինե Վարդանյանի հետ,22:10,"19 Մար, 2025",2f2bBulNidU,42696,260,0,N/A
66,https://www.1tv.am/hy/video/Հարցազրույց-Արեգ-Քոչինյանի-հետ/231782,https://www.youtube.com/embed/HaOw3W2h5Yg?autoplay=1&autohide=1,Հարցազրույց Արեգ Քոչինյանի հետ,22:10,"18 Մար, 2025",HaOw3W2h5Yg,48161,795,0,N/A
67,https://www.1tv.am/hy/video/Հարցազրույց-Արսեն-Թորոսյանի-հետ/231714,https://www.youtube.com/embed/JWmKXMjNULo?autoplay=1&autohide=1,Հարցազրույց Արսեն Թորոսյանի հետ,22:10,"17 Մար, 2025",JWmKXMjNULo,24107,301,0,N/A
68,https://www.1tv.am/hy/video/Հարցազրույց-Հայկ-Կոնջորյանի-հետ/231637,https://www.youtube.com/embed/EtbizvjWz5A?autoplay=1&autohide=1,Հարցազրույց Հայկ Կոնջորյանի հետ,22:10,"14 Մար, 2025",EtbizvjWz5A,43975,665,0,N/A
69,https://www.1tv.am/hy/video/Հարցազրույց-Կարեն-Կարագուլյանի-և-Վաչե-Թովմասյանի-հետ/231457,https://www.youtube.com/embed/MT9t2a7a3j8?autoplay=1&autohide=1,Հարցազրույց Կարեն Կարագուլյանի և Վաչե Թովմասյանի հետ,20:20,"04 Մար, 2025",MT9t2a7a3j8,176650,3401,565,N/A
70,https://www.1tv.am/hy/video/Հարցազրույց-Երվանդ-Թարվերդյանի-հետ/231445,https://www.youtube.com/embed/vKDlqqbhRuU?autoplay=1&autohide=1,Հարցազրույց Երվանդ Թարվերդյանի հետ,22:10,"03 Մար, 2025",vKDlqqbhRuU,12319,86,0,N/A
71,https://www.1tv.am/hy/video/Հարցազրույց-Դավիթ-Առուշանյանի-հետ/231397,https://www.youtube.com/embed/SPhG9lFMvZg?autoplay=1&autohide=1,Հարցազրույց Դավիթ Առուշանյանի հետ,22:10,"28 Փտր, 2025",SPhG9lFMvZg,11047,149,0,N/A
72,https://www.1tv.am/hy/video/Հարցազրույց-Վահագն-Ալեքսանյանի-հետ/231379,https://www.youtube.com/embed/VP-3f82wC6o?autoplay=1&autohide=1,Հարցազրույց Վահագն Ալեքսանյանի հետ,22:10,"27 Փտր, 2025",VP-3f82wC6o,39864,647,0,N/A
73,https://www.1tv.am/hy/video/Հարցազրույց-Սերգեյ-Մինասյանի-հետ/231366,https://www.youtube.com/embed/oKH47mw0Zpw?autoplay=1&autohide=1,Հարցազրույց Սերգեյ Մինասյանի հետ,22:10,"26 Փտր, 2025",oKH47mw0Zpw,12734,94,0,N/A
74,https://www.1tv.am/hy/video/Հարցազրույց-Խոսրով-Հարությունյանի-հետ/231350,https://www.youtube.com/embed/iA6jfsTpWkc?autoplay=1&autohide=1,Հարցազրույց Խոսրով Հարությունյանի հետ,22:10,"25 Փտր, 2025",iA6jfsTpWkc,22633,122,0,N/A
75,https://www.1tv.am/hy/video/Հարցազրույց-Վլադիմիր-Վարդանյանի-հետ/231337,https://www.youtube.com/embed/fDJUutoThxo?autoplay=1&autohide=1,Հարցազրույց Վլադիմիր Վարդանյանի հետ,22:10,"24 Փտր, 2025",fDJUutoThxo,14687,180,0,N/A
76,https://www.1tv.am/hy/video/Հարցազրույց-Հայկ-Կոնջորյանի-հետ/231263,https://www.youtube.com/embed/KubiymERfVA?autoplay=1&autohide=1,Հարցազրույց Հայկ Կոնջորյանի հետ,22:10,"20 Փտր, 2025",KubiymERfVA,34001,608,0,N/A
77,https://www.1tv.am/hy/video/Հարցազրույց-Տարոն-Չախոյանի-հետ/231225,https://www.youtube.com/embed/g6BXBertBbg?si=D4rdLo9ti5KLCDb9?autoplay=1&autohide=1,Հարցազրույց Տարոն Չախոյանի հետ,22:10,"18 Փտր, 2025",g6BXBertBbg,44852,710,0,N/A
78,https://www.1tv.am/hy/video/Հարցազրույց-Արման-Բաբաջանյանի-հետ/231205,https://www.youtube.com/embed/-ocRwHq4qqM?autoplay=1&autohide=1,Հարցազրույց Արման Բաբաջանյանի հետ,22:10,"17 Փտր, 2025",-ocRwHq4qqM,39525,742,0,N/A
79,https://www.1tv.am/hy/video/Հարցազրույց-Հայկ-Սուքիասյանի-հետ/231158,https://www.youtube.com/embed/azYrbMmjW9Y?autoplay=1&autohide=1,Հարցազրույց Հայկ Սուքիասյանի հետ,22:10,"14 Փտր, 2025",azYrbMmjW9Y,46006,1143,0,N/A
80,https://www.1tv.am/hy/video/Հարցազրույց-Սերգեյ-Գոլուբի-և-Հայկուհի-Գեոկչյանի-հետ/231117,https://www.youtube.com/embed/mFd1WNIQXg0?autoplay=1&autohide=1,Հարցազրույց Սերգեյ Գոլուբի և Հայկուհի Գեոկչյանի հետ,22:10,"13 Փտր, 2025",mFd1WNIQXg0,5703,51,0,N/A
81,https://www.1tv.am/hy/video/Հարցազրույց-Արման-Եղոյանի-հետ/231094,https://www.youtube.com/embed/sO-HjfA2B3M?autoplay=1&autohide=1,Հարցազրույց Արման Եղոյանի հետ,22:10,"12 Փտր, 2025",sO-HjfA2B3M,21012,305,0,N/A
82,https://www.1tv.am/hy/video/Հարցազրույց-Վիգեն-Չըթըրյանի-հետ/231050,https://www.youtube.com/embed/wMpMHwlRaIw?autoplay=1&autohide=1,Հարցազրույց Վիգեն Չըթըրյանի հետ,22:10,"10 Փտր, 2025",wMpMHwlRaIw,17082,223,0,N/A
83,https://www.1tv.am/hy/video/Հարցազրույց-Հայկ-Կոնջորյանի-հետ/231033,https://www.youtube.com/embed/rCEb9pU7Rko?autoplay=1&autohide=1,Հարցազրույց Հայկ Կոնջորյանի հետ,22:10,"07 Փտր, 2025",rCEb9pU7Rko,37336,899,0,N/A
84,https://www.1tv.am/hy/video/Հարցազրույց-Բաբկեն-Թունյանի-հետ/230991,https://www.youtube.com/embed/9QovpP63kGY?autoplay=1&autohide=1,Հարցազրույց Բաբկեն Թունյանի հետ,22:10,"06 Փտր, 2025",9QovpP63kGY,14530,169,0,N/A
85,https://www.1tv.am/hy/video/Հարցազրույց-Գառնիկ-Դանիելյանի-հետ/230986,https://www.youtube.com/embed/2beBtQAXlbo?autoplay=1&autohide=1,Հարցազրույց Գառնիկ Դանիելյանի հետ,22:10,"05 Փտր, 2025",2beBtQAXlbo,56262,405,0,N/A
86,https://www.1tv.am/hy/video/Հարցազրույց-Միքայել-Զոլյանի-հետ/230942,https://www.youtube.com/embed/CigKPH_vhLo?autoplay=1&autohide=1,Հարցազրույց Միքայել Զոլյանի հետ,22:10,"03 Փտր, 2025",CigKPH_vhLo,27852,417,0,N/A
87,https://www.1tv.am/hy/video/Հարցազրույց-Գարո-Փայլանի-հետ/230894,https://www.youtube.com/embed/0FKCAATFOJc?autoplay=1&autohide=1,Հարցազրույց Գարո Փայլանի հետ,22:10,"31 Հնվ, 2025",0FKCAATFOJc,39886,763,0,N/A
88,https://www.1tv.am/hy/video/Հարցազրույց-Տիգրան-Ավինյանի-հետ/230853,https://www.youtube.com/embed/VmE3cOfaLxk?autoplay=1&autohide=1,Հարցազրույց Տիգրան Ավինյանի հետ,22:10,"29 Հնվ, 2025",VmE3cOfaLxk,40334,462,0,N/A
89,https://www.1tv.am/hy/video/Հարցազրույց-Անդրանիկ-Քոչարյանի-հետ/230822,https://www.youtube.com/embed/2Nk4_8inWsE?autoplay=1&autohide=1,Հարցազրույց Անդրանիկ Քոչարյանի հետ,22:00,"28 Հնվ, 2025",2Nk4_8inWsE,53954,693,0,N/A
90,https://www.1tv.am/hy/video/Հարցազրույց-Գայանե-Աբրահամյանի-հետ/230816,https://www.youtube.com/embed/FXXijvwGagk?autoplay=1&autohide=1,Հարցազրույց Գայանե Աբրահամյանի հետ,22:10,"27 Հնվ, 2025",FXXijvwGagk,30231,585,0,N/A
91,https://www.1tv.am/hy/video/Պետրոս-Ղազարյանի-հարցազրույցը-ՀՀ-վարչապետ-Նիկոլ-Փաշինյանի-հետ/230754,https://www.youtube.com/embed/olE-AcwQWfc?autoplay=1&autohide=1,Պետրոս Ղազարյանի հարցազրույցը ՀՀ վարչապետ Նիկոլ Փաշինյանի հետ,21:50,"25 Հնվ, 2025",olE-AcwQWfc,108555,1525,0,N/A
92,https://www.1tv.am/hy/video/Հարցազրույց-Սուրեն-Գրիգորյանի-հետ/230750,https://www.youtube.com/embed/3EZ3YxznGGg?autoplay=1&autohide=1,Հարցազրույց Սուրեն Գրիգորյանի հետ,22:10,"24 Հնվ, 2025",3EZ3YxznGGg,17028,168,0,N/A
93,https://www.1tv.am/hy/video/Հարցազրույց-Արթուր-Հովհաննիսյանի-հետ/230713,https://www.youtube.com/embed/bDchPif3RP4?autoplay=1&autohide=1,Հարցազրույց Արթուր Հովհաննիսյանի հետ,22:10,"23 Հնվ, 2025",bDchPif3RP4,24064,355,0,N/A
94,https://www.1tv.am/hy/video/Հարցազրույց-Վահե-Հովհաննիսյանի-հետ/230697,https://www.youtube.com/embed/M5Lse4GEyxE?autoplay=1&autohide=1,Հարցազրույց Վահե Հովհաննիսյանի հետ,22:10,"22 Հնվ, 2025",M5Lse4GEyxE,13052,153,0,N/A
95,https://www.1tv.am/hy/video/Հարցազրույց-Էդուարդ-Հակոբյանի-հետ/230655,https://www.youtube.com/embed/vlZFyYDeDrU?autoplay=1&autohide=1,Հարցազրույց Էդուարդ Հակոբյանի հետ,22:10,"21 Հնվ, 2025",vlZFyYDeDrU,17517,133,0,N/A
96,https://www.1tv.am/hy/video/Հարցազրույց-Լևոն-Բարխուդարյանի-հետ/230642,https://www.youtube.com/embed/N-I33eg13Pc?autoplay=1&autohide=1,Հարցազրույց Լևոն Բարխուդարյանի հետ,22:10,"20 Հնվ, 2025",N-I33eg13Pc,25513,500,0,N/A
97,https://www.1tv.am/hy/video/Հարցազրույց-Գեորգի-Դերլուգյանի-հետ/230553,https://www.youtube.com/embed/wUryATZPzKY?autoplay=1&autohide=1,Հարցազրույց Գեորգի Դերլուգյանի հետ,22:10,"17 Հնվ, 2025",wUryATZPzKY,32523,591,0,N/A
98,https://www.1tv.am/hy/video/Հարցազրույց-Արեգ-Քոչինյանի-հետ/230522,https://www.youtube.com/embed/r4QAYCSbP98?autoplay=1&autohide=1,Հարցազրույց Արեգ Քոչինյանի հետ,22:10,"16 Հնվ, 2025",r4QAYCSbP98,50834,1153,0,N/A
99,https://www.1tv.am/hy/video/Հարցազրույց-Արման-Բաբաջանյանի-հետ/230456,https://www.youtube.com/embed/fH8UILDdcdo?autoplay=1&autohide=1,Հարցազրույց Արման Բաբաջանյանի հետ,22:10,"14 Հնվ, 2025",fH8UILDdcdo,42576,1114,0,N/A
100,https://www.1tv.am/hy/video/Հարցազրույց-Սուրեն-Գրիգորյանի-հետ/230432,https://www.youtube.com/embed/QFAwX1AvYJU?autoplay=1&autohide=1,Հարցազրույց Սուրեն Գրիգորյանի հետ,22:10,"13 Հնվ, 2025",QFAwX1AvYJU,16558,146,0,N/A
101,https://www.1tv.am/hy/video/Հարցազրույց-Տիգրան-Հակոբյանի-հետ/230396,https://www.youtube.com/embed/X2BIon6sok4?autoplay=1&autohide=1,Հարցազրույց Տիգրան Հակոբյանի հետ,22:50,"10 Հնվ, 2025",X2BIon6sok4,24171,324,0,N/A
102,https://www.1tv.am/hy/video/Հարցազրույց-Արմեն-Մուրադյանի-հետ/230380,https://www.youtube.com/embed/PQivdPGlwj4?autoplay=1&autohide=1,Հարցազրույց Արմեն Մուրադյանի հետ,21:50,"09 Հնվ, 2025",PQivdPGlwj4,12754,101,0,N/A
103,https://www.1tv.am/hy/video/Հարցազրույց-Արամ-Սարգսյանի-հետ/230361,https://www.youtube.com/embed/mpPiJlun5eE?autoplay=1&autohide=1,Հարցազրույց Արամ Սարգսյանի հետ,21:50,"08 Հնվ, 2025",mpPiJlun5eE,110696,1913,0,N/A
104,https://www.1tv.am/hy/video/Հարցազրույց-Ստեփան-Գրիգորյանի-հետ/230351,https://www.youtube.com/embed/NjXcxV5sTTw?autoplay=1&autohide=1,Հարցազրույց Ստեփան Գրիգորյանի հետ,21:50,"07 Հնվ, 2025",NjXcxV5sTTw,47526,804,0,N/A
105,https://www.1tv.am/hy/video/Հարցազրույց-Խաչատուր-Սուքիասյանի-հետ/230288,https://www.youtube.com/embed/pXq9TSDdhyU?autoplay=1&autohide=1,Հարցազրույց Խաչատուր Սուքիասյանի հետ,22:10,"27 Դեկ, 2024",pXq9TSDdhyU,94288,1105,0,N/A
106,https://www.1tv.am/hy/video/Հարցազրույց-Արփինե-Սարգսյանի-հետ/230219,https://www.youtube.com/embed/8PIsv-uAsR4?autoplay=1&autohide=1,Հարցազրույց Արփինե Սարգսյանի հետ,22:10,"26 Դեկ, 2024",8PIsv-uAsR4,26494,321,0,N/A
107,https://www.1tv.am/hy/video/Հարցազրույց-Տարոն-Չախոյանի-հետ/230206,https://www.youtube.com/embed/7TfNyvzPZWA?autoplay=1&autohide=1,Հարցազրույց Տարոն Չախոյանի հետ,22:10,"25 Դեկ, 2024",7TfNyvzPZWA,26048,438,0,N/A
108,https://www.1tv.am/hy/video/Հարցազրույց-Նարեկ-Մկրտչյանի-հետ/230173,https://www.youtube.com/embed/hqF9xPxwaE8?autoplay=1&autohide=1,Հարցազրույց Նարեկ Մկրտչյանի հետ,22:10,"24 Դեկ, 2024",hqF9xPxwaE8,4850,47,0,N/A
109,https://www.1tv.am/hy/video/Հարցազրույց-Մարտին-Գալստյանի-հետ/230137,https://www.youtube.com/embed/hCvAVvxN1EE?autoplay=1&autohide=1,Հարցազրույց Մարտին Գալստյանի հետ,22:10,"23 Դեկ, 2024",hCvAVvxN1EE,6924,62,0,N/A
110,https://www.1tv.am/hy/video/Հարցազրույց-Լուսինե-Գևորգյանի-հետ/230042,https://www.youtube.com/embed/b9jI1eztRgA?autoplay=1&autohide=1,Հարցազրույց Լուսինե Գևորգյանի հետ,22:10,"20 Դեկ, 2024",b9jI1eztRgA,8560,91,0,N/A
111,https://www.1tv.am/hy/video/Հարցազրույց-Անահիտ-Մանասյանի-հետ/229965,https://www.youtube.com/embed/ucjRgCU9JCU?autoplay=1&autohide=1,Հարցազրույց Անահիտ Մանասյանի հետ,22:10,"19 Դեկ, 2024",ucjRgCU9JCU,6379,64,0,N/A
112,https://www.1tv.am/hy/video/Հարցազրույց-Գևորգ-Պապոյանի-հետ/229926,https://www.youtube.com/embed/xINTn3NkvbM?si=kM9-QVJfaS4oZ3u2?autoplay=1&autohide=1,Հարցազրույց Գևորգ Պապոյանի հետ,22:10,"18 Դեկ, 2024",xINTn3NkvbM,18611,182,0,N/A
113,https://www.1tv.am/hy/video/Հարցազրույց-Տիգրան-Ջրբաշյանի-հետ/229896,https://www.youtube.com/embed/dpIm085pYEQ?autoplay=1&autohide=1,Հարցազրույց Տիգրան Ջրբաշյանի հետ,22:10,"17 Դեկ, 2024",dpIm085pYEQ,13065,124,0,N/A
114,https://www.1tv.am/hy/video/Հարցազրույց-Պետրոս-Մարտիրոսյանի-հետ/229822,https://www.youtube.com/embed/euqOeivpwsE?autoplay=1&autohide=1,Հարցազրույց Պետրոս Մարտիրոսյանի հետ,22:10,"16 Դեկ, 2024",euqOeivpwsE,18972,270,0,N/A
115,https://www.1tv.am/hy/video/Հարցազրույց-Ջոն-Ալելոյի-հետ/229739,https://www.youtube.com/embed/7XrUEmCANV8?autoplay=1&autohide=1,Հարցազրույց Ջոն Ալելոյի հետ,22:10,"13 Դեկ, 2024",7XrUEmCANV8,7843,121,0,N/A
116,https://www.1tv.am/hy/video/Հարցազրույց-Ռուբեն-Ռուբինյանի-հետ/229655,https://www.youtube.com/embed/0b3NJn2zZvM?autoplay=1&autohide=1,Հարցազրույց Ռուբեն Ռուբինյանի հետ,22:10,"12 Դեկ, 2024",0b3NJn2zZvM,54092,754,0,N/A
117,https://www.1tv.am/hy/video/Հարցազրույց-Արամ-Սարգսյանի-հետ/229619,https://www.youtube.com/embed/jSrGnqY-n0Q?autoplay=1&autohide=1,Հարցազրույց Արամ Սարգսյանի հետ,20:30,"11 Դեկ, 2024",jSrGnqY-n0Q,75116,1251,0,N/A
118,https://www.1tv.am/hy/video/Հարցազրույց-Արա-Գոչունյանի-հետ/229579,https://www.youtube.com/embed/EXWRHTqYNfI?autoplay=1&autohide=1,Հարցազրույց Արա Գոչունյանի հետ,22:10,"10 Դեկ, 2024",EXWRHTqYNfI,11031,113,0,N/A
119,https://www.1tv.am/hy/video/Հարցազրույց-Արաքս-Փաշայանի-հետ/229523,https://www.youtube.com/embed/I7ZsAp58-0s?autoplay=1&autohide=1,Հարցազրույց Արաքս Փաշայանի հետ,20:30,"09 Դեկ, 2024",I7ZsAp58-0s,18476,147,0,N/A
120,https://www.1tv.am/hy/video/Հարցազրույց-Մխիթար-Հայրապետյանի-հետ/229469,https://www.youtube.com/embed/qI4O8gruurc?autoplay=1&autohide=1,Հարցազրույց Մխիթար Հայրապետյանի հետ,22:10,"06 Դեկ, 2024",qI4O8gruurc,18367,254,0,N/A
121,https://www.1tv.am/hy/video/Հարցազրույց-Հայկակ-Արշամյանի-հետ/229392,https://www.youtube.com/embed/VNmW-qHcIqU?autoplay=1&autohide=1,Հարցազրույց Հայկակ Արշամյանի հետ,22:10,"05 Դեկ, 2024",VNmW-qHcIqU,7451,72,0,N/A
122,https://www.1tv.am/hy/video/Հարցազրույց-Վահե-Հովհաննիսյանի-հետ/229358,https://www.youtube.com/embed/q2CaNQc5Z0o?autoplay=1&autohide=1,Հարցազրույց Վահե Հովհաննիսյանի հետ,22:10,"04 Դեկ, 2024",q2CaNQc5Z0o,8398,83,0,N/A
123,https://www.1tv.am/hy/video/Հարցազրույց-Տիգրան-Ավինյանի-հետ/229318,https://www.youtube.com/embed/hRxjIrmN0qY?autoplay=1&autohide=1,Հարցազրույց Տիգրան Ավինյանի հետ,22:10,"03 Դեկ, 2024",hRxjIrmN0qY,69956,883,0,N/A
124,https://www.1tv.am/hy/video/Հարցազրույց-Գեղամ-Նազարյանի-հետ/229281,https://www.youtube.com/embed/AJ6u0V0RpQk?autoplay=1&autohide=1,Հարցազրույց Գեղամ Նազարյանի հետ,22:10,"02 Դեկ, 2024",AJ6u0V0RpQk,71611,987,0,N/A
125,https://www.1tv.am/hy/video/Հարցազրույց-Արմինե-Մարգարյանի-հետ/228997,https://www.youtube.com/embed/rW_c8P4O2KI?si=F8KjukDyJPDENI5d?autoplay=1&autohide=1,Հարցազրույց Արմինե Մարգարյանի հետ,22:10,"21 Նմբ, 2024",rW_c8P4O2KI,13594,176,0,N/A
126,https://www.1tv.am/hy/video/Հարցազրույց-Բաբկեն-Թունյանի-հետ/228871,https://www.youtube.com/embed/Pgb95pBpMeE?autoplay=1&autohide=1,Հարցազրույց Բաբկեն Թունյանի հետ,22:10,"20 Նմբ, 2024",Pgb95pBpMeE,20390,202,0,N/A
127,https://www.1tv.am/hy/video/Հարցազրույց-Լեոնիդ-Ներսիսյանի-հետ/228835,https://www.youtube.com/embed/9ANZMW7_sE8?autoplay=1&autohide=1,Հարցազրույց Լեոնիդ Ներսիսյանի հետ,22:10,"19 Նմբ, 2024",9ANZMW7_sE8,30570,523,0,N/A
128,https://www.1tv.am/hy/video/Հարցազրույց-Վահագն-Ալեքսանյանի-հետ/228801,https://www.youtube.com/embed/SqDFUZxVtvM?autoplay=1&autohide=1,Հարցազրույց Վահագն Ալեքսանյանի հետ,22:10,"18 Նմբ, 2024",SqDFUZxVtvM,64675,842,0,N/A
129,https://www.1tv.am/hy/video/Հարցազրույց-Արմեն-Քթոյանի-հետ/228696,https://www.youtube.com/embed/6BV4LPvlcpg?autoplay=1&autohide=1,Հարցազրույց Արմեն Քթոյանի հետ,22:10,"15 Նմբ, 2024",6BV4LPvlcpg,10600,106,0,N/A
130,https://www.1tv.am/hy/video/Հարցազրույց-Գեղամ-Գևորգյանի-հետ/228647,https://www.youtube.com/embed/XkJKjJAE998?autoplay=1&autohide=1,Հարցազրույց Գեղամ Գևորգյանի հետ,22:10,"14 Նմբ, 2024",XkJKjJAE998,11402,131,0,N/A
131,https://www.1tv.am/hy/video/Հարցազրույց-Սուրեն-Գրիգորյանի-հետ/228612,https://www.youtube.com/embed/HPyFJSQQTe0?autoplay=1&autohide=1,Հարցազրույց Սուրեն Գրիգորյանի հետ,22:10,"13 Նմբ, 2024",HPyFJSQQTe0,20636,214,0,N/A
132,https://www.1tv.am/hy/video/Հարցազրույց-Թաթուլ-Հակոբյանի-հետ/228583,https://www.youtube.com/embed/kfs6q9ic0fc?autoplay=1&autohide=1,Հարցազրույց Թաթուլ Հակոբյանի հետ,22:10,"12 Նմբ, 2024",kfs6q9ic0fc,36804,424,0,N/A
133,https://www.1tv.am/hy/video/Հարցազրույց-Արեգ-Քոչինյանի-հետ/228534,https://www.youtube.com/embed/4GA3qOLST18?autoplay=1&autohide=1,Հարցազրույց Արեգ Քոչինյանի հետ,22:10,"11 Նմբ, 2024",4GA3qOLST18,29727,545,0,N/A
134,https://www.1tv.am/hy/video/Հարցազրույց-Արմեն-Ղազարյանի-հետ/228477,https://www.youtube.com/embed/7Q5KahHABqo?autoplay=1&autohide=1,Հարցազրույց Արմեն Ղազարյանի հետ,22:10,"08 Նմբ, 2024",7Q5KahHABqo,11761,107,0,N/A
135,https://www.1tv.am/hy/video/Հարցազրույց-Արմեն-Մելիքբեկյանի-հետ/228377,https://www.youtube.com/embed/Wz_uQc0uyD4?autoplay=1&autohide=1,Հարցազրույց Արմեն Մելիքբեկյանի հետ,22:10,"07 Նմբ, 2024",Wz_uQc0uyD4,31963,247,0,N/A
136,https://www.1tv.am/hy/video/Հարցազրույց-Ալի-Բեման-Էղբալիզարչի-հետ/228333,https://www.youtube.com/embed/13e-2EwUjOk?autoplay=1&autohide=1,Հարցազրույց Ալի Բեման Էղբալիզարչի հետ,22:10,"05 Նմբ, 2024",13e-2EwUjOk,10270,112,0,N/A
137,https://www.1tv.am/hy/video/Հարցազրույց-Վահագն-Ալեքսանյանի-հետ/228306,https://www.youtube.com/embed/0y5Ji_cPPIo?autoplay=1&autohide=1,Հարցազրույց Վահագն Ալեքսանյանի հետ,22:10,"04 Նմբ, 2024",0y5Ji_cPPIo,51986,833,0,N/A
138,https://www.1tv.am/hy/video/Հարցազրույց-Ջոնի-Մելիքյանի-հետ/228134,https://www.youtube.com/embed/Rcn5vsoSvjU?autoplay=1&autohide=1,Հարցազրույց Ջոնի Մելիքյանի հետ,22:10,"31 Հոկ, 2024",Rcn5vsoSvjU,11805,88,0,N/A
139,https://www.1tv.am/hy/video/Հարցազրույց-Խոսրով-Հարությունյանի-հետ/228090,https://www.youtube.com/embed/yIyHl-HNKaQ?autoplay=1&autohide=1,Հարցազրույց Խոսրով Հարությունյանի հետ,22:10,"30 Հոկ, 2024",yIyHl-HNKaQ,41553,340,0,N/A
140,https://www.1tv.am/hy/video/Հարցազրույց-Հակոբ-Արշակյանի-հետ/228069,https://www.youtube.com/embed/AwqNmTjLtEw?autoplay=1&autohide=1,Հարցազրույց Հակոբ Արշակյանի հետ,22:10,"29 Հոկ, 2024",AwqNmTjLtEw,33741,453,0,N/A
141,https://www.1tv.am/hy/video/Հարցազրույց-Վիգեն-Հովսեփյանի-հետ/228009,https://www.youtube.com/embed/H7qur88RWJo?autoplay=1&autohide=1,Հարցազրույց Վիգեն Հովսեփյանի հետ,22:10,"28 Հոկ, 2024",H7qur88RWJo,26258,310,0,N/A
142,https://www.1tv.am/hy/video/Հարցազրույց-Անահիտ-Ավանեսյանի-հետ/227925,https://www.youtube.com/embed/Edf7mRxYoGQ?autoplay=1&autohide=1,Հարցազրույց Անահիտ Ավանեսյանի հետ,22:10,"25 Հոկ, 2024",Edf7mRxYoGQ,10796,122,0,N/A
143,https://www.1tv.am/hy/video/Հարցազրույց-Արման-Եղոյանի-հետ/227846,https://www.youtube.com/embed/zdYECJPAFZU?autoplay=1&autohide=1,Հարցազրույց Արման Եղոյանի հետ,22:10,"24 Հոկ, 2024",zdYECJPAFZU,26065,410,0,N/A
144,https://www.1tv.am/hy/video/Հարցազրույց-Արծվիկ-Մինասյանի-հետ/227815,https://www.youtube.com/embed/yAkH9T3QUNE?autoplay=1&autohide=1,Հարցազրույց Արծվիկ Մինասյանի հետ,22:10,"23 Հոկ, 2024",yAkH9T3QUNE,74925,574,0,N/A
145,https://www.1tv.am/hy/video/Հարցազրույց-Վլադիմիր-Վարդանյանի-հետ/227780,https://www.youtube.com/embed/HG-HFDY-DHs?autoplay=1&autohide=1,Հարցազրույց Վլադիմիր Վարդանյանի հետ,22:10,"22 Հոկ, 2024",HG-HFDY-DHs,31983,395,0,N/A
146,https://www.1tv.am/hy/video/Հարցազրույց-Վարդան-Ոսկանյանի-հետ/227757,https://www.youtube.com/embed/X-8gzIEBCbM?autoplay=1&autohide=1,Հարցազրույց Վարդան Ոսկանյանի հետ,22:10,"21 Հոկ, 2024",X-8gzIEBCbM,26781,294,0,N/A
147,https://www.1tv.am/hy/video/Հարցազրույց-Արման-Բաբաջանյանի-հետ/227660,https://www.youtube.com/embed/iSJ1q0QVj0k?autoplay=1&autohide=1,Հարցազրույց Արման Բաբաջանյանի հետ,22:10,"18 Հոկ, 2024",iSJ1q0QVj0k,30002,650,0,N/A
148,https://www.1tv.am/hy/video/Հարցազրույց-Կարեն-Բեքարյանի-հետ/227569,https://www.youtube.com/embed/hLmrk_G72Gc?autoplay=1&autohide=1,Հարցազրույց Կարեն Բեքարյանի հետ,22:10,"17 Հոկ, 2024",hLmrk_G72Gc,56064,405,0,N/A
149,https://www.1tv.am/hy/video/Հարցազրույց-Անդրանիկ-Քոչարյանի-հետ/227532,https://www.youtube.com/embed/AsoDpmDIxo4?autoplay=1&autohide=1,Հարցազրույց Անդրանիկ Քոչարյանի հետ,22:10,"16 Հոկ, 2024",AsoDpmDIxo4,104145,967,0,N/A
150,https://www.1tv.am/hy/video/Հարցազրույց-Արման-Սահակյանի-հետ/227510,https://www.youtube.com/embed/XLZrYXkF3ro?autoplay=1&autohide=1,Հարցազրույց Արման Սահակյանի հետ,22:10,"15 Հոկ, 2024",XLZrYXkF3ro,22247,231,0,N/A
151,https://www.1tv.am/hy/video/Հարցազրույց-Տարոն-Չախոյանի-հետ/227458,https://www.youtube.com/embed/Vs6NoZjUisc?autoplay=1&autohide=1,Հարցազրույց Տարոն Չախոյանի հետ,22:10,"14 Հոկ, 2024",Vs6NoZjUisc,45030,724,0,N/A
152,https://www.1tv.am/hy/video/Հարցազրույց-Արգիշտի-Քյարամյանի-հետ/227400,https://www.youtube.com/embed/eV9G4rg4YU0?autoplay=1&autohide=1,Հարցազրույց Արգիշտի Քյարամյանի հետ,22:10,"11 Հոկ, 2024",eV9G4rg4YU0,83922,526,0,N/A
153,https://www.1tv.am/hy/video/Հարցազրույց-Ստյոպա-Սաֆարյանի-հետ/227342,https://www.youtube.com/embed/DH2LESGJaVo?autoplay=1&autohide=1,Հարցազրույց Ստյոպա Սաֆարյանի հետ,22:10,"10 Հոկ, 2024",DH2LESGJaVo,54482,1028,0,N/A
154,https://www.1tv.am/hy/video/Հարցազրույց-Արամ-Սարգսյանի-հետ/227315,https://www.youtube.com/embed/jkmQRjsLKCU?autoplay=1&autohide=1,Հարցազրույց Արամ Սարգսյանի հետ,22:10,"09 Հոկ, 2024",jkmQRjsLKCU,102941,2071,0,N/A
155,https://www.1tv.am/hy/video/Հարցազրույց-Վահե-Գրիգորյանի-հետ/227282,https://www.youtube.com/embed/zRwftjDiMrI?autoplay=1&autohide=1,Հարցազրույց Վահե Գրիգորյանի հետ,22:10,"08 Հոկ, 2024",zRwftjDiMrI,55789,766,0,N/A
156,https://www.1tv.am/hy/video/Հարցազրույց-Սոնա-Ղազարյանի-հետ/227228,https://www.youtube.com/embed/xAgiRDst-CY?autoplay=1&autohide=1,Հարցազրույց Սոնա Ղազարյանի հետ,22:10,"07 Հոկ, 2024",xAgiRDst-CY,27497,386,0,N/A
157,https://www.1tv.am/hy/video/Հարցազրույց-Լիլիթ-Դալլաքյանի-հետ/227138,https://www.youtube.com/embed/m4TtZNNyQBA?autoplay=1&autohide=1,Հարցազրույց Լիլիթ Դալլաքյանի հետ,20:30,"04 Հոկ, 2024",m4TtZNNyQBA,87538,1835,0,N/A
158,https://www.1tv.am/hy/video/Հարցազրույց-Կարեն-Հարությունյանի-հետ/227071,https://www.youtube.com/embed/Yr_pK0f8UQk?autoplay=1&autohide=1,Հարցազրույց Կարեն Հարությունյանի հետ,22:10,"03 Հոկ, 2024",Yr_pK0f8UQk,16726,98,0,N/A
159,https://www.1tv.am/hy/video/Հարցազրույց-Վահագն-Ալեքսանյանի-հետ/227036,https://www.youtube.com/embed/73f0SVOfh48?autoplay=1&autohide=1,Հարցազրույց Վահագն Ալեքսանյանի հետ,22:10,"02 Հոկ, 2024",73f0SVOfh48,62124,1199,0,N/A
160,https://www.1tv.am/hy/video/Հարցազրույց-Հայկ-Քոչարյանի-հետ/227014,https://www.youtube.com/embed/BJ0Q4SL0U7g?autoplay=1&autohide=1,Հարցազրույց Հայկ Քոչարյանի հետ,22:10,"01 Հոկ, 2024",BJ0Q4SL0U7g,18538,151,0,N/A
161,https://www.1tv.am/hy/video/Հարցազրույց-Ռուի-Մոտայի-և-Աննա-Օհանյանի-հետ/226952,https://www.youtube.com/embed/SFPbopNNKs4?autoplay=1&autohide=1,Հարցազրույց Ռուի Մոտայի և Աննա Օհանյանի հետ,22:10,"30 Սեպ, 2024",SFPbopNNKs4,7631,101,0,N/A
162,https://www.1tv.am/hy/video/Հարցազրույց-Արմեն-Խաչատրյանի-հետ/226756,https://www.youtube.com/embed/3rRtFC-ihc4?autoplay=1&autohide=1,Հարցազրույց Արմեն Խաչատրյանի հետ,23:50,"20 Սեպ, 2024",3rRtFC-ihc4,31692,436,0,N/A
163,https://www.1tv.am/hy/video/Հարցազրույց-Վահան-Ավագյանի-հետ/226736,https://www.youtube.com/embed/w1mAKVM-zjE?autoplay=1&autohide=1,Հարցազրույց Վահան Ավագյանի հետ,22:10,"19 Սեպ, 2024",w1mAKVM-zjE,37745,242,0,N/A
164,https://www.1tv.am/hy/video/Հարցազրույց-Մխիթար-Հայրապետյանի-հետ/226695,https://www.youtube.com/embed/1TugC4jX4W0?autoplay=1&autohide=1,Հարցազրույց Մխիթար Հայրապետյանի հետ,22:10,"18 Սեպ, 2024",1TugC4jX4W0,22267,371,0,N/A
165,https://www.1tv.am/hy/video/Հարցազրույց-Գարո-Փայլանի-հետ/226668,https://www.youtube.com/embed/o5TYqG2LBa8?autoplay=1&autohide=1,Հարցազրույց Գարո Փայլանի հետ,22:10,"17 Սեպ, 2024",o5TYqG2LBa8,27656,586,0,N/A
166,https://www.1tv.am/hy/video/Հարցազրույց-Արման-Բաբաջանյանի-հետ/226654,https://www.youtube.com/embed/hksmN7TbAeA?autoplay=1&autohide=1,Հարցազրույց Արման Բաբաջանյանի հետ,22:10,"16 Սեպ, 2024",hksmN7TbAeA,39076,750,0,N/A
167,https://www.1tv.am/hy/video/Պետրոս-Ղազարյանի-հարցազրույցը-Արթուր-Հովհաննիսյանի-հետ/226596,https://www.youtube.com/embed/2fylx1KlbJU?autoplay=1&autohide=1,Պետրոս Ղազարյանի հարցազրույցը Արթուր Հովհաննիսյանի հետ,22:10,"12 Սեպ, 2024",2fylx1KlbJU,46858,609,0,N/A
168,https://www.1tv.am/hy/video/Պետրոս-Ղազարյանի-հարցազրույցը-Անդրանիկ-Սեդոյանի-հետ/226582,https://www.youtube.com/embed/9rRDU75C2Wg?autoplay=1&autohide=1,Պետրոս Ղազարյանի հարցազրույցը Անդրանիկ Սեդոյանի հետ,22:10,"11 Սեպ, 2024",9rRDU75C2Wg,6928,54,0,N/A
169,https://www.1tv.am/hy/video/Պետրոս-Ղազարյանի-հարցազրույցը-Զարեհ-Սինանյանի-հետ/226566,https://www.youtube.com/embed/POLRZC0umeM?autoplay=1&autohide=1,Պետրոս Ղազարյանի հարցազրույցը Զարեհ Սինանյանի հետ,22:10,"10 Սեպ, 2024",POLRZC0umeM,18239,254,0,N/A
170,https://www.1tv.am/hy/video/Պետրոս-Ղազարյանի-հարցազրույցը-Հայկ-Կոնջորյանի-հետ/226536,https://www.youtube.com/embed/RGwBAdNzSqw?autoplay=1&autohide=1,Պետրոս Ղազարյանի հարցազրույցը Հայկ Կոնջորյանի հետ,22:10,"09 Սեպ, 2024",RGwBAdNzSqw,54253,889,0,N/A
171,https://www.1tv.am/hy/video/Պետրոս-Ղազարյանի-հարցազրույցը-Սարգիս-Խանդանյանի-հետ/226479,https://www.youtube.com/embed/IqpgdSKpSLE?autoplay=1&autohide=1,Պետրոս Ղազարյանի հարցազրույցը Սարգիս Խանդանյանի հետ,22:10,"06 Սեպ, 2024",IqpgdSKpSLE,18920,250,0,N/A
172,https://www.1tv.am/hy/video/Պետրոս-Ղազարյանի-հարցազրույցը-Անդրանիկ-Քոչարյանի-հետ/226456,https://www.youtube.com/embed/AM2Hm3SHdfI?autoplay=1&autohide=1,Պետրոս Ղազարյանի հարցազրույցը Անդրանիկ Քոչարյանի հետ,22:10,"05 Սեպ, 2024",AM2Hm3SHdfI,102598,1213,0,N/A
173,https://www.1tv.am/hy/video/Պետրոս-Ղազարյանի-հարցազրույցը-Հրանուշ-Խառատյանի-հետ/226443,https://www.youtube.com/embed/GqyHLaXJXkE?autoplay=1&autohide=1,Պետրոս Ղազարյանի հարցազրույցը Հրանուշ Խառատյանի հետ,22:10,"04 Սեպ, 2024",GqyHLaXJXkE,29381,446,0,N/A
174,https://www.1tv.am/hy/video/Պետրոս-Ղազարյանի-հարցազրույցը-Սուրեն-Պետրոսյանի-հետ/226438,https://www.youtube.com/embed/ywyeZIlCGKY?autoplay=1&autohide=1,Պետրոս Ղազարյանի հարցազրույցը Սուրեն Պետրոսյանի հետ,22:10,"03 Սեպ, 2024",ywyeZIlCGKY,92658,1043,0,N/A
175,https://www.1tv.am/hy/video/Պետրոս-Ղազարյանի-հարցազրույցը-Ստեփան-Գրիգորյանի-հետ/226417,https://www.youtube.com/embed/Rv_5uLtCNXM?autoplay=1&autohide=1,Պետրոս Ղազարյանի հարցազրույցը Ստեփան Գրիգորյանի հետ,22:10,"02 Սեպ, 2024",Rv_5uLtCNXM,63478,1637,0,N/A
176,https://www.1tv.am/hy/video/Պետրոս-Ղազարյանի-հարցազրույցը-ԱԺ-«Ամառային-դպրոց»-3-րդ-ծրագրի-մասնակիցների-հետ/226379,https://www.youtube.com/embed/5cz1Hed3888?autoplay=1&autohide=1,Պետրոս Ղազարյանի հարցազրույցը ԱԺ «Ամառային դպրոց» 3-րդ ծրագրի մասնակիցների հետ,22:00,"30 Օգս, 2024",5cz1Hed3888,12106,244,0,N/A
177,https://www.1tv.am/hy/video/Պետրոս-Ղազարյանի-հարցազրույցը-Արեգ-Քոչինյանի-հետ/226362,https://www.youtube.com/embed/mnjFcR-vK4Y?autoplay=1&autohide=1,Պետրոս Ղազարյանի հարցազրույցը Արեգ Քոչինյանի հետ,00:15,"30 Օգս, 2024",mnjFcR-vK4Y,52767,1060,0,N/A
178,https://www.1tv.am/hy/video/Պետրոս-Ղազարյանի-հարցազրույցը-Դավիթ-Խաժակյանի-հետ/226359,https://www.youtube.com/embed/i861aEpiytc?autoplay=1&autohide=1,Պետրոս Ղազարյանի հարցազրույցը Դավիթ Խաժակյանի հետ,22:00,"28 Օգս, 2024",i861aEpiytc,23484,180,0,N/A
179,https://www.1tv.am/hy/video/Պետրոս-Ղազարյանի-հարցազրույցը-Սոսի-Թաթիկյանի-հետ/226354,https://www.youtube.com/embed/MZ5FU62k6o4?autoplay=1&autohide=1,Պետրոս Ղազարյանի հարցազրույցը Սոսի Թաթիկյանի հետ,22:00,"27 Օգս, 2024",MZ5FU62k6o4,30389,587,0,N/A
180,https://www.1tv.am/hy/video/Պետրոս-Ղազարյանի-հարցազրույցը-Թաթուլ-Հակոբյանի-հետ/226327,https://www.youtube.com/embed/SfwDLzyn240?si=cvw_k9CV7sm8DgSt?autoplay=1&autohide=1,Պետրոս Ղազարյանի հարցազրույցը Թաթուլ Հակոբյանի հետ,22:00,"26 Օգս, 2024",SfwDLzyn240,62372,725,0,N/A
181,https://www.1tv.am/hy/video/Պետրոս-Ղազարյանի-հարցազրույցը-Գարեգին-Բաղրամյանի-հետ/226305,https://www.youtube.com/embed/pfN07Yi2d0A?autoplay=1&autohide=1,Պետրոս Ղազարյանի հարցազրույցը Գարեգին Բաղրամյանի հետ,22:10,"23 Օգս, 2024",pfN07Yi2d0A,9760,63,0,N/A
182,https://www.1tv.am/hy/video/Պետրոս-Ղազարյանի-հարցազրույցը-Գրիգորի-Բալասանյանի-հետ/226293,https://www.youtube.com/embed/KJxhyyVsgV0?autoplay=1&autohide=1,Պետրոս Ղազարյանի հարցազրույցը Գրիգորի Բալասանյանի հետ,22:50,"22 Օգս, 2024",KJxhyyVsgV0,21709,179,0,N/A
183,https://www.1tv.am/hy/video/Պետրոս-Ղազարյանի-հարցազրույցը-Արամ-Սարգսյանի-հետ/226278,https://www.youtube.com/embed/Lc8kSZE_MKg?autoplay=1&autohide=1,Պետրոս Ղազարյանի հարցազրույցը Արամ Սարգսյանի հետ,22:10,"21 Օգս, 2024",Lc8kSZE_MKg,124414,2244,0,N/A
184,https://www.1tv.am/hy/video/Պետրոս-Ղազարյանի-հարցազրույցը-Գևորգ-Պապոյանի-հետ/226261,https://www.youtube.com/embed/8oB-V8s-wEw?autoplay=1&autohide=1,Պետրոս Ղազարյանի հարցազրույցը Գևորգ Պապոյանի հետ,22:50,"20 Օգս, 2024",8oB-V8s-wEw,28910,382,0,N/A
185,https://www.1tv.am/hy/video/Պետրոս-Ղազարյանի-հարցազրույցը-Լիլիթ-Դալլաքյանի-հետ/226240,https://www.youtube.com/embed/1ORu2pUTzt4?autoplay=1&autohide=1,Պետրոս Ղազարյանի հարցազրույցը Լիլիթ Դալլաքյանի հետ,22:10,"19 Օգս, 2024",1ORu2pUTzt4,87578,1671,0,N/A
186,https://www.1tv.am/hy/video/Պետրոս-Ղազարյանի-հարցազրույցը-Արա-Խզմալյանի-հետ/226046,https://www.youtube.com/embed/jQhNqVkIiw4?autoplay=1&autohide=1,Պետրոս Ղազարյանի հարցազրույցը Արա Խզմալյանի հետ,20:30,"29 Հլս, 2024",jQhNqVkIiw4,14468,171,0,N/A
187,https://www.1tv.am/hy/video/Պետրոս-Ղազարյանի-հարցազրույցը-Հոկսեն-Միրզոյանի-և-Իսրայել-Միլիտոսյանի-հետ/225996,https://www.youtube.com/embed/PY4JORSyBIM?autoplay=1&autohide=1,Պետրոս Ղազարյանի հարցազրույցը Հոկսեն Միրզոյանի և Իսրայել Միլիտոսյանի հետ,20:30,"26 Հլս, 2024",PY4JORSyBIM,21323,261,0,N/A
188,https://www.1tv.am/hy/video/Պետրոս-Ղազարյանի-հարցազրույցը-Ստեփան-Գրիգորյանի-հետ/225965,https://www.youtube.com/embed/QH-Hm7Rd5MA?autoplay=1&autohide=1,Պետրոս Ղազարյանի հարցազրույցը Ստեփան Գրիգորյանի հետ,23:05,"25 Հլս, 2024",QH-Hm7Rd5MA,64897,1684,0,N/A
189,https://www.1tv.am/hy/video/Պետրոս-Ղազարյանի-հարցազրույցը-Սուրեն-Սուրենյանցի-հետ/225947,https://www.youtube.com/embed/uEOI6mLS2T8?autoplay=1&autohide=1,Պետրոս Ղազարյանի հարցազրույցը Սուրեն Սուրենյանցի հետ,22:10,"24 Հլս, 2024",uEOI6mLS2T8,34519,222,0,N/A
190,https://www.1tv.am/hy/video/Պետրոս-Ղազարյանի-հարցազրույցը-Վահագն-Ալեքսանյանի-հետ/225920,https://www.youtube.com/embed/zZJCm9NacrQ?autoplay=1&autohide=1,Պետրոս Ղազարյանի հարցազրույցը Վահագն Ալեքսանյանի հետ,22:10,"23 Հլս, 2024",zZJCm9NacrQ,91714,1447,0,N/A
191,https://www.1tv.am/hy/video/Պետրոս-Ղազարյանի-հարցազրույցը-Արման-Բաբաջանյանի-հետ/225905,https://www.youtube.com/embed/fiqeoaFDnc8?autoplay=1&autohide=1,Պետրոս Ղազարյանի հարցազրույցը Արման Բաբաջանյանի հետ,22:10,"22 Հլս, 2024",fiqeoaFDnc8,51786,1086,0,N/A
192,https://www.1tv.am/hy/video/Պետրոս-Ղազարյանի-հարցազրույցը-Կարեն-Գիլոյանի-Մալխաս-Ամոյանի-և-Արսեն-Հարությունյանի-հետ/225864,https://www.youtube.com/embed/WICVXHk2C0g?autoplay=1&autohide=1,"Պետրոս Ղազարյանի հարցազրույցը Կարեն Գիլոյանի, Մալխաս Ամոյանի և Արսեն Հարությունյանի հետ",22:10,"19 Հլս, 2024",WICVXHk2C0g,22084,387,0,N/A
193,https://www.1tv.am/hy/video/Պետրոս-Ղազարյանի-հարցազրույցը-Դանիել-Իոաննիսյանի-հետ/225842,https://www.youtube.com/embed/IQIcWF0BgsA?autoplay=1&autohide=1,Պետրոս Ղազարյանի հարցազրույցը Դանիել Իոաննիսյանի հետ,23:50,"18 Հլս, 2024",IQIcWF0BgsA,21311,228,0,N/A
194,https://www.1tv.am/hy/video/Պետրոս-Ղազարյանի-հարցազրույցը-Կարեն-Անդրեասյանի-հետ/225807,https://www.youtube.com/embed/UNhjmxJvy7o?autoplay=1&autohide=1,Պետրոս Ղազարյանի հարցազրույցը Կարեն Անդրեասյանի հետ,22:10,"17 Հլս, 2024",UNhjmxJvy7o,52321,777,0,N/A
195,https://www.1tv.am/hy/video/Պետրոս-Ղազարյանի-հարցազրույցը-Նարեկ-Մկրտչյանի-հետ/225772,https://www.youtube.com/embed/ow3kyZ03GEQ?autoplay=1&autohide=1,Պետրոս Ղազարյանի հարցազրույցը Նարեկ Մկրտչյանի հետ,23:10,"16 Հլս, 2024",ow3kyZ03GEQ,11734,114,0,N/A
196,https://www.1tv.am/hy/video/Պետրոս-Ղազարյանի-հարցազրույցը-Լիլիթ-Դալլաքյանի-հետ/225742,https://www.youtube.com/embed/Q2jyhCsf8D8?autoplay=1&autohide=1,Պետրոս Ղազարյանի հարցազրույցը  Լիլիթ Դալլաքյանի հետ,22:10,"15 Հլս, 2024",Q2jyhCsf8D8,72675,1570,0,N/A
197,https://www.1tv.am/hy/video/Պետրոս-Ղազարյանի-հարցազրույցը-Հրաչյա-Արզումանյանի-հետ/225707,https://www.youtube.com/embed/woyucxM5Khg?autoplay=1&autohide=1,Պետրոս Ղազարյանի հարցազրույցը Հրաչյա Արզումանյանի հետ,22:10,"12 Հլս, 2024",woyucxM5Khg,46970,923,0,N/A
198,https://www.1tv.am/hy/video/Պետրոս-Ղազարյանի-հարցազրույցը-Խորեն-Հովհաննիսյանի-հետ/225678,https://www.youtube.com/embed/jz_YuxNR8Rw?autoplay=1&autohide=1,Պետրոս Ղազարյանի հարցազրույցը Խորեն Հովհաննիսյանի հետ,23:10,"11 Հլս, 2024",jz_YuxNR8Rw,32373,370,0,N/A
199,https://www.1tv.am/hy/video/Պետրոս-Ղազարյանի-հարցազրույցը-Սամանթա-Փաուերի-հետ/225669,https://www.youtube.com/embed/4N7f1dxZgHY?autoplay=1&autohide=1,Պետրոս Ղազարյանի հարցազրույցը Սամանթա Փաուերի հետ,22:10,"10 Հլս, 2024",4N7f1dxZgHY,66482,1791,0,N/A
200,https://www.1tv.am/hy/video/Պետրոս-Ղազարյանի-հարցազրույցը-Արեն-Մկրտչյանի-հետ/225640,https://www.youtube.com/embed/8V1P4oBxihg?autoplay=1&autohide=1,Պետրոս Ղազարյանի հարցազրույցը Արեն Մկրտչյանի հետ,22:10,"09 Հլս, 2024",8V1P4oBxihg,11355,190,0,N/A
201,https://www.1tv.am/hy/video/Պետրոս-Ղազարյանի-հարցազրույցը-Աննա-Գևորգյանի-հետ/225626,https://www.youtube.com/embed/KvNvPA-S3X8?autoplay=1&autohide=1,Պետրոս Ղազարյանի հարցազրույցը Աննա Գևորգյանի հետ,22:10,"08 Հլս, 2024",KvNvPA-S3X8,24782,216,0,N/A
202,https://www.1tv.am/hy/video/Պետրոս-Ղազարյանի-հարցազրույցը-Արթուր-Սաքունցի-հետ/225550,https://www.youtube.com/embed/2SSpuvfl3Zk?autoplay=1&autohide=1,Պետրոս Ղազարյանի հարցազրույցը Արթուր Սաքունցի հետ,22:10,"05 Հլս, 2024",2SSpuvfl3Zk,38821,508,0,N/A
203,https://www.1tv.am/hy/video/Պետրոս-Ղազարյանի-հարցազրույցը-Գայանե-Աբրահամյանի-հետ/225543,https://www.youtube.com/embed/1VXlYnVEpGA?autoplay=1&autohide=1,Պետրոս Ղազարյանի հարցազրույցը Գայանե Աբրահամյանի հետ,22:10,"04 Հլս, 2024",1VXlYnVEpGA,47262,756,0,N/A
204,https://www.1tv.am/hy/video/Պետրոս-Ղազարյանի-հարցազրույցը-Ռուբեն-Հախվերդյանի-հետ/225479,https://www.youtube.com/embed/aUdl7-LMoA0?autoplay=1&autohide=1,Պետրոս Ղազարյանի հարցազրույցը Ռուբեն Հախվերդյանի հետ,22:10,"03 Հլս, 2024",aUdl7-LMoA0,215903,3475,0,N/A
205,https://www.1tv.am/hy/video/Պետրոս-Ղազարյանի-հարցազրույցը-Ալեքսանդր-Սիրունյանի-հետ/225354,https://www.youtube.com/embed/mJRwTKPUvA4?autoplay=1&autohide=1,Պետրոս Ղազարյանի հարցազրույցը Ալեքսանդր Սիրունյանի հետ,22:10,"28 Հնս, 2024",mJRwTKPUvA4,94674,2884,0,N/A
206,https://www.1tv.am/hy/video/Պետրոս-Ղազարյանի-հարցազրույցը-Արծվիկ-Մինասյանի-հետ/225330,https://www.youtube.com/embed/tj8WbqcpUR8?autoplay=1&autohide=1,Պետրոս Ղազարյանի հարցազրույցը Արծվիկ Մինասյանի հետ,22:10,"27 Հնս, 2024",tj8WbqcpUR8,144451,1531,0,N/A
207,https://www.1tv.am/hy/video/Պետրոս-Ղազարյանի-հարցազրույցը-Արման-Եղոյանի-հետ/225067,https://www.youtube.com/embed/mG3eCgDjx9Q?autoplay=1&autohide=1,Պետրոս Ղազարյանի հարցազրույցը Արման Եղոյանի հետ,22:10,"26 Հնս, 2024",mG3eCgDjx9Q,41801,685,0,N/A
208,https://www.1tv.am/hy/video/Պետրոս-Ղազարյանի-հարցազրույցը-Դմիտրի-Տրենինի-հետ/225045,https://www.youtube.com/embed/SpeYjelh0RA?autoplay=1&autohide=1,Պետրոս Ղազարյանի հարցազրույցը Դմիտրի Տրենինի հետ,22:10,"17 Հնս, 2024",SpeYjelh0RA,84448,994,0,N/A
209,https://www.1tv.am/hy/video/Պետրոս-Ղազարյանի-հարցազրույցը/224956,https://www.youtube.com/embed/b4WiPcrPAsk?autoplay=1&autohide=1,Պետրոս Ղազարյանի հարցազրույցը Արա Ֆիդանյանի հետ,21:00,"14 Հնս, 2024",b4WiPcrPAsk,48938,940,0,N/A
210,https://www.1tv.am/hy/video/Պետրոս-Ղազարյանի-հարցազրույցը/224911,https://www.youtube.com/embed/tRESYuOqBR4?autoplay=1&autohide=1,Պետրոս Ղազարյանի հարցազրույցը Ռուբեն Ռուբինյանի հետ,22:10,"13 Հնս, 2024",tRESYuOqBR4,108137,2163,0,N/A
211,https://www.1tv.am/hy/video/Պետրոս-Ղազարյանի-հարցազրույցը-ՀՀ-Ազգային-ժողովի-նախագահ-Ալեն-Սիմոնյանի-հետ/224888,https://www.youtube.com/embed/J7DrnQOjazg?autoplay=1&autohide=1,Պետրոս Ղազարյանի հարցազրույցը ՀՀ Ազգային ժողովի նախագահ Ալեն Սիմոնյանի հետ,21:30,"12 Հնս, 2024",J7DrnQOjazg,139924,3595,0,N/A
212,https://www.1tv.am/hy/video/Հարցազրույց-Վահագն-Ալեքսանյանի-հետ/224871,https://www.youtube.com/embed/_ChFJvpOdm8?autoplay=1&autohide=1,Հարցազրույց Վահագն Ալեքսանյանի հետ,21:30,"11 Հնս, 2024",_ChFJvpOdm8,118799,2470,0,N/A
213,https://www.1tv.am/hy/video/Հարցազրույց-Վահագն-Ալեքսանյանի-հետ/224840,https://www.youtube.com/embed/_ChFJvpOdm8?autoplay=1&autohide=1,Հարցազրույց Վահագն Ալեքսանյանի հետ,21:30,"10 Հնս, 2024",_ChFJvpOdm8,118799,2470,0,N/A
214,https://www.1tv.am/hy/video/Հարցազրույց-Խոսրով-Հարությունյանի-հետ/224792,https://www.youtube.com/embed/YVFw5ZWOmpo?autoplay=1&autohide=1,Հարցազրույց Խոսրով Հարությունյանի հետ,21:20,"07 Հնս, 2024",YVFw5ZWOmpo,104875,932,0,N/A
215,https://www.1tv.am/hy/video/Հարցազրույց-Արսեն-Թորոսյանի-հետ/224750,https://www.youtube.com/embed/8pQh2vwhmaY?autoplay=1&autohide=1,Հարցազրույց Արսեն Թորոսյանի հետ,21:45,"06 Հնս, 2024",8pQh2vwhmaY,49661,829,0,N/A
216,https://www.1tv.am/hy/video/Հարցազրույց-Գոռ-Ծառուկյանի-հետ/224711,https://www.youtube.com/embed/tomsORzyUpA?autoplay=1&autohide=1,Հարցազրույց Գոռ Ծառուկյանի հետ,21:45,"05 Հնս, 2024",tomsORzyUpA,29860,382,0,N/A
217,https://www.1tv.am/hy/video/Հարցազրույց-Աննա-Գևորգյանի-հետ/224653,https://www.youtube.com/embed/iuBafPV_Sqc?autoplay=1&autohide=1,Հարցազրույց Աննա Գևորգյանի հետ,21:30,"04 Հնս, 2024",iuBafPV_Sqc,33218,305,0,N/A
218,https://www.1tv.am/hy/video/Լուրեր-Գլխավոր-թողարկում/224654,https://www.youtube.com/embed/-1OLdIPm6XQ?autoplay=1&autohide=1,Լուրեր. Գլխավոր թողարկում,21:00,"04 Հնս, 2024",-1OLdIPm6XQ,36065,251,0,N/A
219,https://www.1tv.am/hy/video/Հարցազրույց-Համբիկ-Սարաֆյանի-հետ/224634,https://www.youtube.com/embed/YIYYSrtk7yw?autoplay=1&autohide=1,Հարցազրույց Համբիկ Սարաֆյանի հետ,21:45,"03 Հնս, 2024",YIYYSrtk7yw,59362,1560,0,N/A
220,https://www.1tv.am/hy/video/Պետրոս-Ղազարյանի-հարցազրույցները-աղետի-գոտուց/224524,https://www.youtube.com/embed/PjgYWo1B1wA?autoplay=1&autohide=1,Պետրոս Ղազարյանի հարցազրույցները աղետի գոտուց,21:30,"31 Մայ, 2024",PjgYWo1B1wA,22471,299,0,N/A
221,https://www.1tv.am/hy/video/Պետրոս-Ղազարյանի-հարցազրույցները-աղետի-գոտուց/224465,https://www.youtube.com/embed/RiA6AveQ2V8?autoplay=1&autohide=1,Պետրոս Ղազարյանի հարցազրույցները աղետի գոտուց,21:45,"30 Մայ, 2024",RiA6AveQ2V8,63839,708,0,N/A
222,https://www.1tv.am/hy/video/Հարցազրույց-Լևոն-Շիրինյանի-հետ/224414,https://www.youtube.com/embed/BySOXc11yJ8?autoplay=1&autohide=1,Հարցազրույց Լևոն Շիրինյանի հետ,21:45,"28 Մայ, 2024",BySOXc11yJ8,110205,2794,0,N/A
223,https://www.1tv.am/hy/video/Հարցազրույց-Արթուր-Խաչիկյանի-հետ/224421,https://www.youtube.com/embed/ezRrhOhf8tI?autoplay=1&autohide=1,Հարցազրույց Արթուր Խաչիկյանի հետ,21:35,"27 Մայ, 2024",ezRrhOhf8tI,123439,1197,0,N/A
224,https://www.1tv.am/hy/video/Հարցազրույց-Տիգրան-Խզմալյանի-հետ/224344,https://www.youtube.com/embed/Q-P3wVewXQo?autoplay=1&autohide=1,Հարցազրույց Տիգրան Խզմալյանի հետ,21:45,"24 Մայ, 2024",Q-P3wVewXQo,82485,2091,0,N/A
225,https://www.1tv.am/hy/video/Հարցազրույց-Տիգրան-Խաչատրյանի-հետ/224299,https://www.youtube.com/embed/33J04DjiSPg?autoplay=1&autohide=1,Հարցազրույց Տիգրան Խաչատրյանի հետ,21:45,"23 Մայ, 2024",33J04DjiSPg,23132,298,0,N/A
226,https://www.1tv.am/hy/video/Հարցազրույց-Սուրեն-Պետրոսյանի-հետ/224274,https://www.youtube.com/embed/AXTsrWmCfmA?autoplay=1&autohide=1,Հարցազրույց Սուրեն Պետրոսյանի հետ,21:45,"22 Մայ, 2024",AXTsrWmCfmA,194934,1650,0,N/A
227,https://www.1tv.am/hy/video/Հարցազրույց-Արտակ-Փիլոյանի-հետ/224218,https://www.youtube.com/embed/JHWXB8z1O9Q?autoplay=1&autohide=1,Հարցազրույց Արտակ Փիլոյանի հետ,21:45,"21 Մայ, 2024",JHWXB8z1O9Q,38979,408,0,N/A
228,https://www.1tv.am/hy/video/Հարցազրույց-Գնել-Սանոսյանի-հետ/224203,https://www.youtube.com/embed/zJYXRaV6yhI?autoplay=1&autohide=1,Հարցազրույց Գնել Սանոսյանի հետ,21:45,"20 Մայ, 2024",zJYXRaV6yhI,37935,510,0,N/A
229,https://www.1tv.am/hy/video/Հարցազրույց-Վահե-Հովհաննիսյանի-հետ/224134,https://www.youtube.com/embed/wnT6yYujL9Y?autoplay=1&autohide=1,Հարցազրույց Վահե Հովհաննիսյանի հետ,21:45,"17 Մայ, 2024",wnT6yYujL9Y,36325,482,0,N/A
230,https://www.1tv.am/hy/video/Հարցազրույց-Արմեն-Գրիգորյանի-հետ/224059,https://www.youtube.com/embed/Wj3XhKOoG1U?autoplay=1&autohide=1,Հարցազրույց Արմեն Գրիգորյանի հետ,21:45,"16 Մայ, 2024",Wj3XhKOoG1U,116296,2438,0,N/A
231,https://www.1tv.am/hy/video/Հարցազրույց-Ռուբեն-Բաբայանի-հետ/224020,https://www.youtube.com/embed/Cg_cJCwkDss?autoplay=1&autohide=1,Հարցազրույց Ռուբեն Բաբայանի հետ,21:45,"15 Մայ, 2024",Cg_cJCwkDss,48598,1096,0,N/A
232,https://www.1tv.am/hy/video/Հարցազրույց-Արամ-Սարգսյանի-հետ/223998,https://www.youtube.com/embed/ABR_1WqlTZU?autoplay=1&autohide=1,Հարցազրույց Արամ Սարգսյանի հետ,21:55,"14 Մայ, 2024",ABR_1WqlTZU,62415,606,0,N/A
233,https://www.1tv.am/hy/video/Հարցազրույց-Անահիտ-Մանասյանի-հետ/223987,https://www.youtube.com/embed/ddHRkugTi_A?autoplay=1&autohide=1,Հարցազրույց Անահիտ Մանասյանի հետ,21:50,"13 Մայ, 2024",ddHRkugTi_A,19998,158,0,N/A
234,https://www.1tv.am/hy/video/Հարցազրույց-Վահագն-Ալեքսանյանի-հետ/223890,https://www.youtube.com/embed/VHtRBfjRNdc?autoplay=1&autohide=1,Հարցազրույց Վահագն Ալեքսանյանի հետ,21:30,"10 Մայ, 2024",VHtRBfjRNdc,98443,2536,0,N/A
235,https://www.1tv.am/hy/video/Հարցազրույց-Արեգ-Քոչինյանի-հետ/223894,https://www.youtube.com/embed/wUfX0_JIIk4?autoplay=1&autohide=1,Հարցազրույց Արեգ Քոչինյանի հետ,21:30,"10 Մայ, 2024",wUfX0_JIIk4,59203,1366,0,N/A
236,https://www.1tv.am/hy/video/Հարցազրույց-Վահագն-Ալեքսանյանի-հետ/223824,https://www.youtube.com/embed/VHtRBfjRNdc?autoplay=1&autohide=1,Հարցազրույց Վահագն Ալեքսանյանի հետ,22:30,"09 Մայ, 2024",VHtRBfjRNdc,98443,2536,0,N/A
237,https://www.1tv.am/hy/video/Հարցազրույց-Արեգ-Քոչինյանի-հետ/223822,https://www.youtube.com/embed/wUfX0_JIIk4?autoplay=1&autohide=1,Հարցազրույց Արեգ Քոչինյանի հետ,21:45,"09 Մայ, 2024",wUfX0_JIIk4,59203,1366,0,N/A
238,https://www.1tv.am/hy/video/Հարցազրույց-Արման-Բաբաջանյանի-հետ/223832,https://www.youtube.com/embed/PTw7dc0tZSQ?autoplay=1&autohide=1,Հարցազրույց Արման Բաբաջանյանի հետ,21:45,"08 Մայ, 2024",PTw7dc0tZSQ,48767,1610,0,N/A
239,https://www.1tv.am/hy/video/Հարցազրույց-Հարություն-Մկրտչյանի-հետ/223779,https://www.youtube.com/embed/lzZ0vsymG3A?autoplay=1&autohide=1,Հարցազրույց Հարություն Մկրտչյանի հետ,21:45,"07 Մայ, 2024",lzZ0vsymG3A,47609,1240,0,N/A
240,https://www.1tv.am/hy/video/Հարցազրույց-Արծվիկ-Մինասյանի-հետ/223760,https://www.youtube.com/embed/J48udh1ZKC8?autoplay=1&autohide=1,Հարցազրույց Արծվիկ Մինասյանի հետ,21:45,"06 Մայ, 2024",J48udh1ZKC8,98663,789,0,N/A
241,https://www.1tv.am/hy/video/Հարցազրույց-Արամ-Սարգսյանի-հետ/223581,https://www.youtube.com/embed/dUJbecsnzoY?autoplay=1&autohide=1,Հարցազրույց Արամ Սարգսյանի հետ,21:35,"03 Մայ, 2024",dUJbecsnzoY,118037,3222,0,N/A
242,https://www.1tv.am/hy/video/Հարցազրույց-Աննա-Վարդապետյանի-հետ/223540,https://www.youtube.com/embed/BwWkIfsGsXc?autoplay=1&autohide=1,Հարցազրույց Աննա Վարդապետյանի հետ,21:45,"02 Մայ, 2024",BwWkIfsGsXc,38211,682,0,N/A
243,https://www.1tv.am/hy/video/Հարցազրույց-Նիկոլ-Փաշինյանի-հետ/223491,https://www.youtube.com/embed/VSndRdSAf-Q?autoplay=1&autohide=1,Հարցազրույց Նիկոլ Փաշինյանի հետ,21:45,"01 Մայ, 2024",VSndRdSAf-Q,73754,1393,0,N/A
244,https://www.1tv.am/hy/video/Հարցազրույց-Ռուբեն-Ռուբինյանի-հետ/223502,https://www.youtube.com/embed/cKzlY63XC2s?autoplay=1&autohide=1,Հարցազրույց Ռուբեն Ռուբինյանի հետ,21:45,"30 Ապր, 2024",cKzlY63XC2s,48310,918,0,N/A
245,https://www.1tv.am/hy/video/Հարցազրույց-Արման-Եղոյանի-հետ/223457,https://www.youtube.com/embed/zNaOOchKiQc?autoplay=1&autohide=1,Հարցազրույց Արման Եղոյանի հետ,21:55,"29 Ապր, 2024",zNaOOchKiQc,24365,437,0,N/A
246,https://www.1tv.am/hy/video/Հարցազրույց-Սուրեն-Սուրենյանցի-հետ/223364,https://www.youtube.com/embed/CzwKQlSgnrc?autoplay=1&autohide=1,Հարցազրույց Սուրեն Սուրենյանցի հետ,21:50,"25 Ապր, 2024",CzwKQlSgnrc,52226,423,0,N/A
247,https://www.1tv.am/hy/video/Հարցազրույց-Անդրանիկ-Քոչարյանի-հետ/223303,https://www.youtube.com/embed/LbiqCbP9wR8?autoplay=1&autohide=1,Հարցազրույց Անդրանիկ Քոչարյանի հետ,21:30,"24 Ապր, 2024",LbiqCbP9wR8,61232,1079,0,N/A
248,https://www.1tv.am/hy/video/Հարցազրույց-Թաթուլ-Հակոբյանի-հետ/223289,https://www.youtube.com/embed/g5fL1qfk0Rg?autoplay=1&autohide=1,Հարցազրույց Թաթուլ Հակոբյանի հետ,21:15,"23 Ապր, 2024",g5fL1qfk0Rg,39156,452,0,N/A
249,https://www.1tv.am/hy/video/Հարցազրույց-Արայիկ-Հարությունյանի-հետ/223176,https://www.youtube.com/embed/pO0eEFZYLNg?autoplay=1&autohide=1,Հարցազրույց Արայիկ Հարությունյանի հետ,21:30,"19 Ապր, 2024",pO0eEFZYLNg,38613,547,0,N/A
250,https://www.1tv.am/hy/video/Հարցազրույց-Հրաչյա-Արզումանյանի-հետ/223124,https://www.youtube.com/embed/4scZc98sheA?autoplay=1&autohide=1,Հարցազրույց Հրաչյա Արզումանյանի հետ,21:45,"18 Ապր, 2024",4scZc98sheA,39929,830,0,N/A
251,https://www.1tv.am/hy/video/Հարցազրույց-Բաբկեն-Թունյանի-հետ/223087,https://www.youtube.com/embed/YOWlvu2TvLU?autoplay=1&autohide=1,Հարցազրույց Բաբկեն Թունյանի հետ,21:30,"17 Ապր, 2024",YOWlvu2TvLU,16099,216,0,N/A
252,https://www.1tv.am/hy/video/Հարցազրույց-Մխիթար-Հայրապետյանի-հետ/223067,https://www.youtube.com/embed/zoEZ5s9hjZ4?autoplay=1&autohide=1,Հարցազրույց Մխիթար Հայրապետյանի հետ,21:30,"16 Ապր, 2024",zoEZ5s9hjZ4,24457,425,0,N/A
253,https://www.1tv.am/hy/video/Հարցազրույց-Ռուբեն-Սաֆրաստյանի-հետ/223029,https://www.youtube.com/embed/DcEvYFdFs4g?autoplay=1&autohide=1,Հարցազրույց Ռուբեն Սաֆրաստյանի հետ,20:45,"15 Ապր, 2024",DcEvYFdFs4g,27126,269,0,N/A
254,https://www.1tv.am/hy/video/Հարցազրույց-Զարուհի-Բաթոյանի-հետ/222967,https://www.youtube.com/embed/m-oRsklF2Yg?autoplay=1&autohide=1,Հարցազրույց Զարուհի Բաթոյանի հետ,21:45,"12 Ապր, 2024",m-oRsklF2Yg,11756,130,0,N/A
255,https://www.1tv.am/hy/video/Հարցազրույց-Արա-Գոչունյանի-հետ/222915,https://www.youtube.com/embed/Yhdzn3Vc0Lk?autoplay=1&autohide=1,Հարցազրույց Արա Գոչունյանի հետ,21:45,"11 Ապր, 2024",Yhdzn3Vc0Lk,17825,173,0,N/A
256,https://www.1tv.am/hy/video/Հարցազրույց-Տարոն-Չախոյանի-հետ/222871,https://www.youtube.com/embed/mJJ6irUeLXk?autoplay=1&autohide=1,Հարցազրույց Տարոն Չախոյանի հետ,21:45,"10 Ապր, 2024",mJJ6irUeLXk,42448,776,0,N/A
257,https://www.1tv.am/hy/video/Հարցազրույց-Վարդան-Մկրտչյանի-հետ/222816,https://www.youtube.com/embed/v3Cyeua8sYM?autoplay=1&autohide=1,Հարցազրույց Վարդան Մկրտչյանի հետ,21:40,"09 Ապր, 2024",v3Cyeua8sYM,16997,204,0,N/A
258,https://www.1tv.am/hy/video/Հարցազրույց-Արարատ-Միրզոյանի-հետ/222694,https://www.youtube.com/embed/B2anFCRgyOk?autoplay=1&autohide=1,Հարցազրույց Արարատ Միրզոյանի հետ,21:35,"05 Ապր, 2024",B2anFCRgyOk,134408,3266,0,N/A
259,https://www.1tv.am/hy/video/Հարցազրույց-Արմեն-Գրիգորյանի-հետ/222651,https://www.youtube.com/embed/3gRiNNNrmLA?autoplay=1&autohide=1,Հարցազրույց Արմեն Գրիգորյանի հետ,21:55,"04 Ապր, 2024",3gRiNNNrmLA,66502,1258,0,N/A
260,https://www.1tv.am/hy/video/Հարցազրույց-Վլադիմիր-Վարդանյանի-հետ/222588,https://www.youtube.com/embed/4LdTueHwxV8?autoplay=1&autohide=1,Հարցազրույց Վլադիմիր Վարդանյանի հետ,21:30,"02 Ապր, 2024",4LdTueHwxV8,49729,842,0,N/A
261,https://www.1tv.am/hy/video/Հարցազրույց-Գեղամ-Մանուկյանի-հետ/222557,https://www.youtube.com/embed/z6Zi8ZGkiH4?autoplay=1&autohide=1,Հարցազրույց Գեղամ Մանուկյանի հետ,21:40,"01 Ապր, 2024",z6Zi8ZGkiH4,82141,753,0,N/A
262,https://www.1tv.am/hy/video/Հարցազրույց-Ազատ-Արշակյանի-հետ/222435,https://www.youtube.com/embed/rUGYF9BmfkE?autoplay=1&autohide=1,Հարցազրույց Ազատ Արշակյանի հետ,21:30,"30 Մար, 2024",rUGYF9BmfkE,39507,1332,0,N/A
263,https://www.1tv.am/hy/video/Հարցազրույց-Ալեն-Սիմոնյանի-հետ/222397,https://www.youtube.com/embed/Uf66PtHwM7Y?autoplay=1&autohide=1,Հարցազրույց Ալեն Սիմոնյանի հետ,22:00,"28 Մար, 2024",Uf66PtHwM7Y,107738,2342,0,N/A
264,https://www.1tv.am/hy/video/Հարցազրույց-Անդրանիկ-Քոչարյանի-հետ/222362,https://www.youtube.com/embed/YH1TULmGVH8?autoplay=1&autohide=1,Հարցազրույց Անդրանիկ Քոչարյանի հետ,21:45,"27 Մար, 2024",YH1TULmGVH8,52480,963,0,N/A
265,https://www.1tv.am/hy/video/Հարցազրույց-Գուրգեն-Սիմոնյանի-հետ/222306,https://www.youtube.com/embed/_6waVTkb3Y0?autoplay=1&autohide=1,Հարցազրույց Գուրգեն Սիմոնյանի հետ,21:45,"26 Մար, 2024",_6waVTkb3Y0,113649,3024,0,N/A
266,https://www.1tv.am/hy/video/Հարցազրույց-Վահագն-Ալեքսանյանի-հետ/222284,https://www.youtube.com/embed/knYMgdQonuo?autoplay=1&autohide=1,Հարցազրույց Վահագն Ալեքսանյանի հետ,21:45,"25 Մար, 2024",knYMgdQonuo,53694,1272,0,N/A
267,https://www.1tv.am/hy/video/Հարցազրույց-Արեգ-Քոչինյանի-հետ/222072,https://www.youtube.com/embed/j5kKjGLMT7E?autoplay=1&autohide=1,Հարցազրույց Արեգ Քոչինյանի հետ,21:45,"18 Մար, 2024",j5kKjGLMT7E,46047,1204,0,N/A
268,https://www.1tv.am/hy/video/Հարցազրույց-Արփինե-Սարգսյանի-հետ/221685,https://www.youtube.com/embed/USlxnOrSSgA?autoplay=1&autohide=1,Հարցազրույց Արփինե Սարգսյանի հետ,21:45,"06 Մար, 2024",USlxnOrSSgA,16011,139,0,N/A
269,https://www.1tv.am/hy/video/Հարցազրույց-Ստեֆան-Շուտցի-և-Թոբիաս-Քայելի-հետ/221666,https://www.youtube.com/embed/JQ1ZjsXTvdY?autoplay=1&autohide=1,Հարցազրույց Ստեֆան Շուտցի և Թոբիաս Քայելի հետ,21:30,"05 Մար, 2024",JQ1ZjsXTvdY,19978,313,0,N/A
270,https://www.1tv.am/hy/video/Հարցազրույց-Հայկ-Կոնջորյանի-հետ/221649,https://www.youtube.com/embed/skJkro5bJzY?autoplay=1&autohide=1,Հարցազրույց Հայկ Կոնջորյանի հետ,21:30,"04 Մար, 2024",skJkro5bJzY,50225,866,0,N/A
271,https://www.1tv.am/hy/video/Հարցազրույց-Վասիլիս-Մարագոսի-հետ/221595,https://www.youtube.com/embed/qMmTobosmcM?autoplay=1&autohide=1,Հարցազրույց Վասիլիս Մարագոսի հետ,21:30,"02 Մար, 2024",qMmTobosmcM,31232,553,0,N/A
272,https://www.1tv.am/hy/video/Հարցազրույց-Արմեն-Գրիգորյանի-հետ/221594,https://www.youtube.com/embed/ZkdH5aF3DAk?autoplay=1&autohide=1,Հարցազրույց Արմեն Գրիգորյանի հետ,21:45,"01 Մար, 2024",ZkdH5aF3DAk,71623,1807,0,N/A
273,https://www.1tv.am/hy/video/Հարցազրույց-Վասիլիս-Մարագոսի-հետ/221566,https://www.youtube.com/embed/qMmTobosmcM?autoplay=1&autohide=1,Հարցազրույց Վասիլիս Մարագոսի հետ,21:35,"29 Փտր, 2024",qMmTobosmcM,31232,553,0,N/A
274,https://www.1tv.am/hy/video/Հարցազրույց-Անահիտ-Մանասյանի-հետ/221540,https://www.youtube.com/embed/7XrO8ccWArs?autoplay=1&autohide=1,Հարցազրույց Անահիտ Մանասյանի հետ,21:30,"28 Փտր, 2024",7XrO8ccWArs,8814,82,0,N/A
275,https://www.1tv.am/hy/video/Հարցազրույց-Տիգրան-Խաչատրյանի-հետ/221529,https://www.youtube.com/embed/xVjZdguzkys?autoplay=1&autohide=1,Հարցազրույց Տիգրան Խաչատրյանի հետ,21:30,"27 Փտր, 2024",xVjZdguzkys,22335,190,0,N/A
276,https://www.1tv.am/hy/video/Հարցազրույց-Արսեն-Թորոսյանի-հետ/221502,https://www.youtube.com/embed/zflfomFFofg?autoplay=1&autohide=1,Հարցազրույց Արսեն Թորոսյանի հետ,21:45,"26 Փտր, 2024",zflfomFFofg,19256,211,0,N/A
277,https://www.1tv.am/hy/video/Հարցազրույց-Դմիտրի-Սուսլովի-հետ/221449,https://www.youtube.com/embed/IdoYd42QTRE?autoplay=1&autohide=1,Հարցազրույց Դմիտրի Սուսլովի հետ,21:35,"23 Փտր, 2024",IdoYd42QTRE,102766,1410,0,N/A
278,https://www.1tv.am/hy/video/Հարցազրույց-Վախթանգ-Աբրահամյանի-հետ/221418,https://www.youtube.com/embed/ha_NJLG8If8?autoplay=1&autohide=1,Հարցազրույց Վախթանգ Աբրահամյանի հետ,21:30,"22 Փտր, 2024",ha_NJLG8If8,13695,129,0,N/A
279,https://www.1tv.am/hy/video/Հարցազրույց-Հակոբ-Արշակյանի-հետ/221387,https://www.youtube.com/embed/oVOy3eDlPhY?autoplay=1&autohide=1,Հարցազրույց Հակոբ Արշակյանի հետ,21:35,"20 Փտր, 2024",oVOy3eDlPhY,26271,436,0,N/A
280,https://www.1tv.am/hy/video/Հարցազրույց-Հայկ-Խալաթյանի-հետ/221366,https://www.youtube.com/embed/afuEHCoJA2E?autoplay=1&autohide=1,Հարցազրույց Հայկ Խալաթյանի հետ,21:30,"19 Փտր, 2024",afuEHCoJA2E,36390,351,0,N/A
281,https://www.1tv.am/hy/video/Հարցազրույց-Անդրանիկ-Քոչարյանի-հետ/221304,https://www.youtube.com/embed/hHUesUcWV0k?autoplay=1&autohide=1,Հարցազրույց Անդրանիկ Քոչարյանի հետ,20:00,"16 Փտր, 2024",hHUesUcWV0k,70339,1129,0,N/A
282,https://www.1tv.am/hy/video/Հարցազրույց-Հակոբ-Մովսեսի-հետ/221283,https://www.youtube.com/embed/zRUD0321XcY?autoplay=1&autohide=1,Հարցազրույց Հակոբ Մովսեսի հետ,21:30,"15 Փտր, 2024",zRUD0321XcY,26730,620,0,N/A
283,https://www.1tv.am/hy/video/Հարցազրույց-Միքայել-Զոլյանի-հետ/221261,https://www.youtube.com/embed/maAEfEWP-SA?autoplay=1&autohide=1,Հարցազրույց Միքայել Զոլյանի հետ,21:30,"14 Փտր, 2024",maAEfEWP-SA,19017,299,0,N/A
284,https://www.1tv.am/hy/video/Հարցազրույց-Եղիշե-Կիրակոսյանի-հետ/221174,https://www.youtube.com/embed/xwTX22wR-_k?autoplay=1&autohide=1,Հարցազրույց Եղիշե Կիրակոսյանի հետ,21:30,"13 Փտր, 2024",xwTX22wR-_k,27774,395,0,N/A
285,https://www.1tv.am/hy/video/Հարցազրույց-Վահե-Հովհաննիսյանի-հետ/221065,https://www.youtube.com/embed/18G5YE9X97E?autoplay=1&autohide=1,Հարցազրույց Վահե Հովհաննիսյանի հետ,21:30,"09 Փտր, 2024",18G5YE9X97E,13097,125,0,N/A
286,https://www.1tv.am/hy/video/Հարցազրույց-Արմեն-Մուրադյանի-հետ/221043,https://www.youtube.com/embed/A0KZPUWXN6E?autoplay=1&autohide=1,Հարցազրույց Արմեն Մուրադյանի հետ,21:15,"08 Փտր, 2024",A0KZPUWXN6E,16065,220,0,N/A
287,https://www.1tv.am/hy/video/Հարցազրույց-Մանուկ-Սուքիասյանի-հետ/221013,https://www.youtube.com/embed/DnkfW5rPmso?autoplay=1&autohide=1,Հարցազրույց Մանուկ Սուքիասյանի հետ,21:30,"07 Փտր, 2024",DnkfW5rPmso,17570,120,0,N/A
288,https://www.1tv.am/hy/video/Հարցազրույց-Սուրեն-Գրիգորյանի-հետ/221003,https://www.youtube.com/embed/_3ywX35xoSA?autoplay=1&autohide=1,Հարցազրույց Սուրեն Գրիգորյանի հետ,21:30,"06 Փտր, 2024",_3ywX35xoSA,18511,157,0,N/A
289,https://www.1tv.am/hy/video/Հարցազրույց-Դավիթ-Յանի-հետ/220978,https://www.youtube.com/embed/ObpKg0Je0oA?autoplay=1&autohide=1,Հարցազրույց Դավիթ Յանի հետ,21:30,"05 Փտր, 2024",ObpKg0Je0oA,25579,364,0,N/A
290,https://www.1tv.am/hy/video/Հարցազրույց-Սուրեն-Պապիկյանի-հետ/220922,https://www.youtube.com/embed/Mmw85-iNCoA?autoplay=1&autohide=1,Հարցազրույց Սուրեն Պապիկյանի հետ,21:30,"02 Փտր, 2024",Mmw85-iNCoA,57199,975,0,N/A
291,https://www.1tv.am/hy/video/Հարցազրույց-Վահան-Քերոբյանի-հետ/220867,https://www.youtube.com/embed/NcCIN8m6fvg?autoplay=1&autohide=1,Հարցազրույց Վահան Քերոբյանի հետ,21:25,"01 Փտր, 2024",NcCIN8m6fvg,20714,216,0,N/A
292,https://www.1tv.am/hy/video/Հարցազրույց-Վարուժան-Հոկտանյանի-հետ/220838,https://www.youtube.com/embed/TuxxTyBtUWs?autoplay=1&autohide=1,Հարցազրույց Վարուժան Հոկտանյանի հետ,21:45,"31 Հնվ, 2024",TuxxTyBtUWs,17047,142,0,N/A
293,https://www.1tv.am/hy/video/Հարցազրույց-Ռուբեն-Ռուբինյանի-հետ/220831,https://www.youtube.com/embed/a57sd54vr0A?autoplay=1&autohide=1,Հարցազրույց Ռուբեն Ռուբինյանի հետ,21:45,"30 Հնվ, 2024",a57sd54vr0A,40648,653,0,N/A
294,https://www.1tv.am/hy/video/Հարցազրույց-Վահան-Կոստանյանի-հետ/220802,https://www.youtube.com/embed/JxfANOY5LoA?autoplay=1&autohide=1,Հարցազրույց Վահան Կոստանյանի հետ,21:45,"29 Հնվ, 2024",JxfANOY5LoA,13506,170,0,N/A
295,https://www.1tv.am/hy/video/Հարցազրույց-Հրաչյա-Արզումանյանի-հետ/220750,https://www.youtube.com/embed/9jlqL7YE0UM?autoplay=1&autohide=1,Հարցազրույց Հրաչյա Արզումանյանի հետ,21:45,"26 Հնվ, 2024",9jlqL7YE0UM,31028,744,0,N/A
296,https://www.1tv.am/hy/video/Հարցազրույց-Հայկ-Կոնջորյանի-հետ/220719,https://www.youtube.com/embed/BqPziQlqhPU?autoplay=1&autohide=1,Հարցազրույց Հայկ Կոնջորյանի հետ,21:45,"25 Հնվ, 2024",BqPziQlqhPU,37020,732,0,N/A
297,https://www.1tv.am/hy/video/Հարցազրույց-Մարիա-Կարապետյանի-հետ/220701,https://www.youtube.com/embed/bsMmhBZigBo?autoplay=1&autohide=1,Հարցազրույց Մարիա Կարապետյանի հետ,21:45,"24 Հնվ, 2024",bsMmhBZigBo,13741,217,0,N/A
298,https://www.1tv.am/hy/video/Հարցազրույց-Արեգ-Քոչինյանի-հետ/220670,https://www.youtube.com/embed/Wxt-S9oFsBQ?autoplay=1&autohide=1,Հարցազրույց Արեգ Քոչինյանի հետ,21:45,"23 Հնվ, 2024",Wxt-S9oFsBQ,42147,731,0,N/A
299,https://www.1tv.am/hy/video/Հարցազրույց-Դանիել-Իոաննիսյանի-հետ/220597,https://www.youtube.com/embed/tA8bPijI4J4?autoplay=1&autohide=1,Հարցազրույց Դանիել Իոաննիսյանի հետ,21:30,"22 Հնվ, 2024",tA8bPijI4J4,20991,235,0,N/A
300,https://www.1tv.am/hy/video/Հարցազրույց-Լեոնիդ-Ներսիսյանի-հետ/220536,https://www.youtube.com/embed/I8VqgxeF-hw?autoplay=1&autohide=1,Հարցազրույց Լեոնիդ Ներսիսյանի հետ,21:45,"19 Հնվ, 2024",I8VqgxeF-hw,27169,453,0,N/A
301,https://www.1tv.am/hy/video/Հարցազրույց-Վարդան-Վարդանյանի-հետ/220474,https://www.youtube.com/embed/EJ7UX4QWHDs?autoplay=1&autohide=1,Հարցազրույց Վարդան Վարդանյանի հետ,21:30,"18 Հնվ, 2024",EJ7UX4QWHDs,13021,117,0,N/A
302,https://www.1tv.am/hy/video/Հարցազրույց-Ռուբեն-Բաբայանի-հետ/220421,https://www.youtube.com/embed/zvo1FNR5_AA?autoplay=1&autohide=1,Հարցազրույց Ռուբեն Բաբայանի հետ,21:45,"16 Հնվ, 2024",zvo1FNR5_AA,22574,341,0,N/A
303,https://www.1tv.am/hy/video/Հարցազրույց-Արեն-Սարգսյանի-հետ/220381,https://www.youtube.com/embed/s4I0qcOBUS8?autoplay=1&autohide=1,Հարցազրույց Արեն Սարգսյանի հետ,21:30,"15 Հնվ, 2024",s4I0qcOBUS8,21480,208,0,N/A
304,https://www.1tv.am/hy/video/Հարցազրույց-Կարեն-Անդրեասյանի-հետ/220301,https://www.youtube.com/embed/I_VU1jyBasg?autoplay=1&autohide=1,Հարցազրույց Կարեն Անդրեասյանի հետ,21:30,"12 Հնվ, 2024",I_VU1jyBasg,26881,355,0,N/A
305,https://www.1tv.am/hy/video/Հարցազրույց-Անդրանիկ-Քոչարյանի-հետ/220287,https://www.youtube.com/embed/98varhYvxlw?autoplay=1&autohide=1,Հարցազրույց Անդրանիկ Քոչարյանի հետ,21:55,"11 Հնվ, 2024",98varhYvxlw,58678,798,0,N/A
306,https://www.1tv.am/hy/video/Հարցազրույց-Յակոբ-Ճռնազեանի-հետ/220251,https://www.youtube.com/embed/YiOMg56o6Ig?autoplay=1&autohide=1,Հարցազրույց Յակոբ Ճռնազեանի հետ,21:50,"10 Հնվ, 2024",YiOMg56o6Ig,12744,146,0,N/A
307,https://www.1tv.am/hy/video/Հարցազրույց-Արթուր-Խաչատրյանի-հետ/220230,https://www.youtube.com/embed/ORZvPF0qBjQ?autoplay=1&autohide=1,Հարցազրույց Արթուր Խաչատրյանի հետ,22:05,"09 Հնվ, 2024",ORZvPF0qBjQ,25883,171,0,N/A
308,https://www.1tv.am/hy/video/Հարցազրույց-Արմեն-Գրիգորյանի-հետ/220209,https://www.youtube.com/embed/uhhBEBOVhZo?autoplay=1&autohide=1,Հարցազրույց Արմեն Գրիգորյանի հետ,21:30,"08 Հնվ, 2024",uhhBEBOVhZo,45826,818,0,N/A
309,https://www.1tv.am/hy/video/Հարցազրույց-Տիգրան-Ավինյանի-հետ/220045,https://www.youtube.com/embed/Lzq16UlC-PQ?autoplay=1&autohide=1,Հարցազրույց Տիգրան Ավինյանի հետ,21:30,"31 Դեկ, 2023",Lzq16UlC-PQ,21325,296,0,N/A
310,https://www.1tv.am/hy/video/Հարցազրույց-Սերգեյ-Կոպիրկինի-հետ/219978,https://www.youtube.com/embed/50w6GE7-oes?autoplay=1&autohide=1,Հարցազրույց Սերգեյ Կոպիրկինի հետ,21:30,"28 Դեկ, 2023",50w6GE7-oes,50388,479,0,N/A
311,https://www.1tv.am/hy/video/Հարցազրույց-Մարտին-Գալստյանի-հետ/219918,https://www.youtube.com/embed/AEeUTBCmcrI?autoplay=1&autohide=1,Հարցազրույց Մարտին Գալստյանի հետ,21:30,"27 Դեկ, 2023",AEeUTBCmcrI,8578,50,0,N/A
312,https://www.1tv.am/hy/video/Հարցազրույց-Ռուստամ-Բադասյանի-հետ/219881,https://www.youtube.com/embed/ZdM0nemBEiY?autoplay=1&autohide=1,Հարցազրույց Ռուստամ Բադասյանի հետ,21:25,"26 Դեկ, 2023",ZdM0nemBEiY,12760,118,0,N/A
313,https://www.1tv.am/hy/video/Հարցազրույց-Արման-Նշանյանի-հետ/219801,https://www.youtube.com/embed/DIgP08P8cY0?autoplay=1&autohide=1,Հարցազրույց Արման Նշանյանի հետ,21:45,"25 Դեկ, 2023",DIgP08P8cY0,11423,158,0,N/A
314,https://www.1tv.am/hy/video/Հարցազրույց-Արմեն-Մելիքբեկյանի-հետ/219711,https://www.youtube.com/embed/RBnXfCLqrOQ?autoplay=1&autohide=1,Հարցազրույց Արմեն Մելիքբեկյանի հետ,22:15,"22 Դեկ, 2023",RBnXfCLqrOQ,15209,127,0,N/A
315,https://www.1tv.am/hy/video/Հարցազրույց-Արմեն-Մելիքբեկյանի-հետ/219703,https://www.youtube.com/embed/RBnXfCLqrOQ?autoplay=1&autohide=1,Հարցազրույց Արմեն Մելիքբեկյանի հետ,22:00,"22 Դեկ, 2023",RBnXfCLqrOQ,15209,127,0,N/A
316,https://www.1tv.am/hy/video/Հարցազրույց-Սեյրան-Օհանյանի-հետ/219662,https://www.youtube.com/embed/qsReZgrtsOQ?autoplay=1&autohide=1,Հարցազրույց Սեյրան Օհանյանի հետ,21:45,"21 Դեկ, 2023",qsReZgrtsOQ,46624,227,0,N/A
317,https://www.1tv.am/hy/video/Հարցազրույց-Աննա-Վարդապետյանի-հետ/219588,https://www.youtube.com/embed/uEfEVbN1KdM?autoplay=1&autohide=1,Հարցազրույց Աննա Վարդապետյանի հետ,21:30,"20 Դեկ, 2023",uEfEVbN1KdM,35746,704,0,N/A
318,https://www.1tv.am/hy/video/Հարցազրույց-Նիկոլ-Փաշինյանի-հետ/219539,https://www.youtube.com/embed/7pfh0imwyLA?autoplay=1&autohide=1,Հարցազրույց Նիկոլ Փաշինյանի հետ,21:30,"19 Դեկ, 2023",7pfh0imwyLA,70424,1177,0,N/A
319,https://www.1tv.am/hy/video/Հարցազրույց-Վահան-Քերոբյանի-հետ/219457,https://www.youtube.com/embed/jQvcuT2W8MM?autoplay=1&autohide=1,Հարցազրույց Վահան Քերոբյանի հետ,21:30,"18 Դեկ, 2023",jQvcuT2W8MM,13689,116,0,N/A
320,https://www.1tv.am/hy/video/Հարցազրույց-Արամ-Սարգսյանի-հետ/219364,https://www.youtube.com/embed/4nYUPGzzjM0?autoplay=1&autohide=1,Հարցազրույց Արամ Սարգսյանի հետ,21:50,"15 Դեկ, 2023",4nYUPGzzjM0,64108,1460,0,N/A
321,https://www.1tv.am/hy/video/Հարցազրույց-Արման-Բաբաջանյանի-հետ/219303,https://www.youtube.com/embed/rdF62b_I0So?autoplay=1&autohide=1,Հարցազրույց Արման Բաբաջանյանի հետ,21:30,"14 Դեկ, 2023",rdF62b_I0So,39740,678,0,N/A
322,https://www.1tv.am/hy/video/Հարցազրույց-էդմոն-Մարուքյանի-հետ/219275,https://www.youtube.com/embed/aWEaWTGOOT8?autoplay=1&autohide=1,Հարցազրույց էդմոն Մարուքյանի հետ,21:30,"13 Դեկ, 2023",aWEaWTGOOT8,42368,420,0,N/A
323,https://www.1tv.am/hy/video/Հարցազրույց-Հայկ-Սարգսյանի-հետ/219207,https://www.youtube.com/embed/mMWd5IloN7I?autoplay=1&autohide=1,Հարցազրույց Հայկ Սարգսյանի հետ,21:30,"12 Դեկ, 2023",mMWd5IloN7I,18165,167,0,N/A
324,https://www.1tv.am/hy/video/Հարցազրույց-Վահագն-Ալեքսանյանի-հետ/219164,https://www.youtube.com/embed/FsZSUgQG9Wg?autoplay=1&autohide=1,Հարցազրույց Վահագն Ալեքսանյանի հետ,21:30,"11 Դեկ, 2023",FsZSUgQG9Wg,36547,552,0,N/A
325,https://www.1tv.am/hy/video/Հարցազրույց-Արմեն-Գրիգորյանի-հետ/219068,https://www.youtube.com/embed/NC6cFo4P65U?autoplay=1&autohide=1,Հարցազրույց Արմեն Գրիգորյանի հետ,21:45,"09 Դեկ, 2023",NC6cFo4P65U,60977,905,0,N/A
326,https://www.1tv.am/hy/video/Հարցազրույց-Սարգիս-Խանդանյանի-հետ/219078,https://www.youtube.com/embed/9UcAW12JG50?autoplay=1&autohide=1,Հարցազրույց Սարգիս Խանդանյանի հետ,21:45,"08 Դեկ, 2023",9UcAW12JG50,12283,152,0,N/A
327,https://www.1tv.am/hy/video/Հարցազրույց-Մկրտիչ-Արզումանյանի-հետ/219023,https://www.youtube.com/embed/2Y3rnGQ-D1s?autoplay=1&autohide=1,Հարցազրույց Մկրտիչ Արզումանյանի հետ,21:30,"07 Դեկ, 2023",2Y3rnGQ-D1s,20817,265,0,N/A
328,https://www.1tv.am/hy/video/Հարցազրույց-Էմրե-Դիների-հետ/218944,https://www.youtube.com/embed/QQcFBDZRfOM?autoplay=1&autohide=1,Հարցազրույց Էմրե Դիների հետ,21:30,"06 Դեկ, 2023",QQcFBDZRfOM,12133,144,0,N/A
329,https://www.1tv.am/hy/video/Հարցազրույց-Դավիթ-Բաղդասարյանի-հետ/218911,https://www.youtube.com/embed/IxPLe8BE4H8?autoplay=1&autohide=1,Հարցազրույց Դավիթ Բաղդասարյանի հետ,21:30,"05 Դեկ, 2023",IxPLe8BE4H8,18632,273,0,N/A
330,https://www.1tv.am/hy/video/Հարցազրույց-Սեզար-Իդալգոյի-հետ/218856,https://www.youtube.com/embed/bN-dauH2I9Y?autoplay=1&autohide=1,Հարցազրույց Սեզար Իդալգոյի հետ,21:30,"04 Դեկ, 2023",bN-dauH2I9Y,12074,138,0,N/A
331,https://www.1tv.am/hy/video/Հարցազրույց-Սուրեն-Գրիգորյանի-հետ/218752,https://www.youtube.com/embed/rqYJiDnVll4?autoplay=1&autohide=1,Հարցազրույց Սուրեն Գրիգորյանի հետ,21:30,"01 Դեկ, 2023",rqYJiDnVll4,19060,183,0,N/A
332,https://www.1tv.am/hy/video/Հարցազրույց-Գրիգոր-Մինասյանի-հետ/218724,https://www.youtube.com/embed/pKQlTU6mGjQ?autoplay=1&autohide=1,Հարցազրույց Գրիգոր Մինասյանի հետ,21:15,"30 Նմբ, 2023",pKQlTU6mGjQ,23345,256,0,N/A
333,https://www.1tv.am/hy/video/Հարցազրույց-Գրիգոր-Մինասյանի-հետ/218641,https://www.youtube.com/embed/pKQlTU6mGjQ?autoplay=1&autohide=1,Հարցազրույց Գրիգոր Մինասյանի հետ,21:30,"29 Նմբ, 2023",pKQlTU6mGjQ,23345,256,0,N/A
334,https://www.1tv.am/hy/video/Հարցազրույց-Գևորգ-Պապոյանի-հետ/218592,https://www.youtube.com/embed/icgXA-q6eVc?autoplay=1&autohide=1,Հարցազրույց Գևորգ Պապոյանի հետ,21:30,"28 Նմբ, 2023",icgXA-q6eVc,23783,293,0,N/A
335,https://www.1tv.am/hy/video/Հարցազրույց-Անահիտ-Ավանեսյանի-հետ/218563,https://www.youtube.com/embed/2krxOPVLTwg?autoplay=1&autohide=1,Հարցազրույց Անահիտ Ավանեսյանի հետ,21:30,"27 Նմբ, 2023",2krxOPVLTwg,7319,97,0,N/A
336,https://www.1tv.am/hy/video/Հարցազրույց-Մարիամ-Ավագյանի-հետ/218468,https://www.youtube.com/embed/csk1ldoqD_g?autoplay=1&autohide=1,Հարցազրույց Մարիամ Ավագյանի հետ,21:50,"25 Նմբ, 2023",csk1ldoqD_g,16709,203,0,N/A
337,https://www.1tv.am/hy/video/Հարցազրույց-Հայկակ-Արշամյանի-հետ/218457,https://www.youtube.com/embed/Zu9sHlHs8yk?autoplay=1&autohide=1,Հարցազրույց Հայկակ Արշամյանի հետ,21:45,"23 Նմբ, 2023",Zu9sHlHs8yk,11114,103,0,N/A
338,https://www.1tv.am/hy/video/Հարցազրույց-Մխիթար-Հայրապետյանի-հետ/218360,https://www.youtube.com/embed/jFbN0jx2_Dg?autoplay=1&autohide=1,Հարցազրույց Մխիթար Հայրապետյանի հետ,21:45,"22 Նմբ, 2023",jFbN0jx2_Dg,21246,251,0,N/A
339,https://www.1tv.am/hy/video/Հարցազրույց-Լեո-Հուսակոսի-հետ/218309,https://www.youtube.com/embed/38v0lwnHpHw?autoplay=1&autohide=1,Հարցազրույց Լեո Հուսակոսի հետ,21:35,"21 Նմբ, 2023",38v0lwnHpHw,27978,563,0,N/A
340,https://www.1tv.am/hy/video/Հարցազրույց-Գեղամ-Գևորգյանի-հետ/218275,https://www.youtube.com/embed/Bj3kujos6M0?autoplay=1&autohide=1,Հարցազրույց Գեղամ Գևորգյանի հետ,21:30,"20 Նմբ, 2023",Bj3kujos6M0,18003,131,0,N/A
341,https://www.1tv.am/hy/video/Հարցազրույց-Էդմոն-Մարուքյանի-հետ/218189,https://www.youtube.com/embed/Q2HeFhKn_eY?autoplay=1&autohide=1,Հարցազրույց Էդմոն Մարուքյանի հետ,21:30,"17 Նմբ, 2023",Q2HeFhKn_eY,49781,614,0,N/A
342,https://www.1tv.am/hy/video/Հարցազրույց-Հայկ-Սարգսյանի-հետ/218137,https://www.youtube.com/embed/B90ilwcT-9Y?autoplay=1&autohide=1,Հարցազրույց Հայկ Սարգսյանի հետ,21:30,"16 Նմբ, 2023",B90ilwcT-9Y,23330,250,0,N/A
343,https://www.1tv.am/hy/video/Հարցազրույց-Վիլեն-Գաբրիելյանի-հետ/218057,https://www.youtube.com/embed/TGIAS0dXa3I?autoplay=1&autohide=1,Հարցազրույց Վիլեն Գաբրիելյանի հետ,22:00,"15 Նմբ, 2023",TGIAS0dXa3I,18408,227,0,N/A
344,https://www.1tv.am/hy/video/Հարցազրույց-Արմեն-Գրիգորյանի-հետ/218040,https://www.youtube.com/embed/g8M1mBgb2Ng?autoplay=1&autohide=1,Հարցազրույց Արմեն Գրիգորյանի հետ,21:30,"14 Նմբ, 2023",g8M1mBgb2Ng,69937,1608,0,N/A
345,https://www.1tv.am/hy/video/Հարցազրույց-Սարգիս-Խանդանյանի-հետ/217990,https://www.youtube.com/embed/ffT4agEAaNM?autoplay=1&autohide=1,Հարցազրույց Սարգիս Խանդանյանի հետ,21:50,"13 Նմբ, 2023",ffT4agEAaNM,19731,272,0,N/A
346,https://www.1tv.am/hy/video/Հարցազրույց-Խոսրով-Հարությունյանի-հետ/217955,https://www.youtube.com/embed/744pWiOtt1U?autoplay=1&autohide=1,Հարցազրույց Խոսրով Հարությունյանի հետ,21:30,"10 Նմբ, 2023",744pWiOtt1U,55323,448,0,N/A
347,https://www.1tv.am/hy/video/Հարցազրույց-Ծովինար-Վարդանյանի-հետ/217852,https://www.youtube.com/embed/iosXlyLIPGE?autoplay=1&autohide=1,Հարցազրույց Ծովինար Վարդանյանի հետ,21:30,"09 Նմբ, 2023",iosXlyLIPGE,18989,239,0,N/A
348,https://www.1tv.am/hy/video/Հարցազրույց-Յակոբ-Ճռնազեանի-հետ/217799,https://www.youtube.com/embed/Z-aMdYjmVC8?autoplay=1&autohide=1,Հարցազրույց Յակոբ Ճռնազեանի հետ,22:00,"08 Նմբ, 2023",Z-aMdYjmVC8,20444,184,0,N/A
349,https://www.1tv.am/hy/video/Հարցազրույց-Անդրանիկ-Քոչարյանի-հետ/217743,https://www.youtube.com/embed/mIBcvpip_RU?autoplay=1&autohide=1,Հարցազրույց Անդրանիկ Քոչարյանի հետ,21:45,"07 Նմբ, 2023",mIBcvpip_RU,86718,1299,0,N/A
350,https://www.1tv.am/hy/video/Հարցազրույց-Գեղամ-Նազարյանի-հետ/217724,https://www.youtube.com/embed/j_YeMAWqUrk?autoplay=1&autohide=1,Հարցազրույց Գեղամ Նազարյանի հետ,22:30,"06 Նմբ, 2023",j_YeMAWqUrk,37941,256,0,N/A
351,https://www.1tv.am/hy/video/Հարցազրույց-Բաբկեն-Թունյանի-հետ/217659,https://www.youtube.com/embed/IJpxOiWRq30?autoplay=1&autohide=1,Հարցազրույց Բաբկեն Թունյանի հետ,21:30,"03 Նմբ, 2023",IJpxOiWRq30,18713,195,0,N/A
352,https://www.1tv.am/hy/video/Հարցազրույց-Գնել-Սանոսյանի-հետ/217574,https://www.youtube.com/embed/PQoTzVhXdoQ?autoplay=1&autohide=1,Հարցազրույց Գնել Սանոսյանի հետ,21:30,"01 Նմբ, 2023",PQoTzVhXdoQ,22471,279,0,N/A
353,https://www.1tv.am/hy/video/Հարցազրույց-Արամ-Սարգսյանի-հետ/217442,https://www.youtube.com/embed/r8hIS2jSfnk?autoplay=1&autohide=1,Հարցազրույց Արամ Սարգսյանի հետ,21:30,"27 Հոկ, 2023",r8hIS2jSfnk,117956,2125,0,N/A
354,https://www.1tv.am/hy/video/Հարցազրույց-Արուսյակ-Ջուլհակյանի-հետ/217362,https://www.youtube.com/embed/Z5ClJw5L9Zk?autoplay=1&autohide=1,Հարցազրույց Արուսյակ Ջուլհակյանի հետ,21:30,"26 Հոկ, 2023",Z5ClJw5L9Zk,22150,299,0,N/A
355,https://www.1tv.am/hy/video/Հարցազրույց-Արծվիկ-Մինասյանի-հետ/217175,https://www.youtube.com/embed/xYMEpYij5NA?autoplay=1&autohide=1,Հարցազրույց Արծվիկ Մինասյանի հետ,21:30,"20 Հոկ, 2023",xYMEpYij5NA,60698,344,0,N/A
356,https://www.1tv.am/hy/video/Հարցազրույց-Գեորգի-Դերլուգյանի-հետ/217191,https://www.youtube.com/embed/zlnIACkGoZ8?autoplay=1&autohide=1,Հարցազրույց Գեորգի Դերլուգյանի հետ,21:30,"20 Հոկ, 2023",zlnIACkGoZ8,86136,1031,0,N/A
357,https://www.1tv.am/hy/video/Հարցազրույց-Սմբատ-Հովհաննիսյանի-հետ/217123,https://www.youtube.com/embed/nV4Az4j2FiE?autoplay=1&autohide=1,Հարցազրույց Սմբատ Հովհաննիսյանի հետ,20:45,"19 Հոկ, 2023",nV4Az4j2FiE,18084,171,0,N/A
358,https://www.1tv.am/hy/video/Հարցազրույց-Էդմոն-Մարուքյանի-հետ/217050,https://www.youtube.com/embed/D9Au17PkRTU?autoplay=1&autohide=1,Հարցազրույց Էդմոն Մարուքյանի հետ,21:45,"17 Հոկ, 2023",D9Au17PkRTU,72524,712,0,N/A
359,https://www.1tv.am/hy/video/Հարցազրույց-Տիգրան-Ավինյանի-հետ/217016,https://www.youtube.com/embed/KAYCYM_l_BI?autoplay=1&autohide=1,Հարցազրույց Տիգրան Ավինյանի հետ,21:45,"16 Հոկ, 2023",KAYCYM_l_BI,32406,338,0,N/A
360,https://www.1tv.am/hy/video/Հարցազրույց-Արտյոմ-Չերնամորյանի-հետ/216947,https://www.youtube.com/embed/KbmC4J2kmgY?autoplay=1&autohide=1,Հարցազրույց Արտյոմ Չերնամորյանի հետ,21:30,"14 Հոկ, 2023",KbmC4J2kmgY,24138,202,0,N/A
361,https://www.1tv.am/hy/video/Հարցազրույց-Արման-Բաբաջանյանի-հետ/216940,https://www.youtube.com/embed/Ewc3TishBQc?autoplay=1&autohide=1,Հարցազրույց Արման Բաբաջանյանի հետ,22:00,"13 Հոկ, 2023",Ewc3TishBQc,87890,1511,0,N/A
362,https://www.1tv.am/hy/video/Հարցազրույց-Արտյոմ-Չերնամորյանի-հետ/216831,https://www.youtube.com/embed/KbmC4J2kmgY?autoplay=1&autohide=1,Հարցազրույց Արտյոմ Չերնամորյանի հետ,22:00,"12 Հոկ, 2023",KbmC4J2kmgY,24138,202,0,N/A
363,https://www.1tv.am/hy/video/Հարցազրույց-Հայկ-Խանումյանի-հետ/216792,https://www.youtube.com/embed/Qbidt0h61nE?autoplay=1&autohide=1,Հարցազրույց Հայկ Խանումյանի հետ,22:00,"11 Հոկ, 2023",Qbidt0h61nE,67749,1140,0,N/A
364,https://www.1tv.am/hy/video/Հարցազրույց-Նիկոլ-Փաշինյանի-հետ/216743,https://www.youtube.com/embed/zpP_OWDmc2o?autoplay=1&autohide=1,Հարցազրույց Նիկոլ Փաշինյանի հետ,22:00,"10 Հոկ, 2023",zpP_OWDmc2o,126714,1502,0,N/A
365,https://www.1tv.am/hy/video/Հարցազրույց-Կարո-Փայլանի-հետ/216682,https://www.youtube.com/embed/RQaxvWBcKtI?autoplay=1&autohide=1,Հարցազրույց Կարո Փայլանի հետ,22:05,"09 Հոկ, 2023",RQaxvWBcKtI,31480,632,0,N/A
366,https://www.1tv.am/hy/video/Հարցազրույց-Եղիշե-Կիրակոսյանի-հետ/216501,https://www.youtube.com/embed/KNwfH5i4w4Q?autoplay=1&autohide=1,Հարցազրույց Եղիշե Կիրակոսյանի հետ,21:45,"02 Հոկ, 2023",KNwfH5i4w4Q,53588,448,0,N/A
367,https://www.1tv.am/hy/video/Հարցազրույց-Վլադիմիր-Վարդանյանի-հետ/216465,https://www.youtube.com/embed/ipLdUia8fjQ?autoplay=1&autohide=1,Հարցազրույց Վլադիմիր Վարդանյանի հետ,21:45,"29 Սեպ, 2023",ipLdUia8fjQ,77971,742,0,N/A
368,https://www.1tv.am/hy/video/Հարցազրույց-Տիգրան-Խաչատրյանի-հետ/216431,https://www.youtube.com/embed/UBuWbGA3wE0?autoplay=1&autohide=1,Հարցազրույց Տիգրան Խաչատրյանի հետ,21:30,"28 Սեպ, 2023",UBuWbGA3wE0,55178,495,0,N/A
369,https://www.1tv.am/hy/video/Հարցազրույց-Հակոբ-Արշակյանի-հետ/216424,https://www.youtube.com/embed/VV92ToWFB1w?autoplay=1&autohide=1,Հարցազրույց Հակոբ Արշակյանի հետ,21:45,"27 Սեպ, 2023",VV92ToWFB1w,65754,732,0,N/A
370,https://www.1tv.am/hy/video/Հարցազրույց-Սամվել-Բաբայանի-հետ/216417,https://www.youtube.com/embed/Pf2r6gW7i7g?autoplay=1&autohide=1,Հարցազրույց Սամվել Բաբայանի հետ,21:45,"26 Սեպ, 2023",Pf2r6gW7i7g,383111,7383,0,N/A
371,https://www.1tv.am/hy/video/Հարցազրույց-Տիգրան-Հակոբյանի-հետ/216389,https://www.youtube.com/embed/aq1ywehldVo?autoplay=1&autohide=1,Հարցազրույց Տիգրան Հակոբյանի հետ,22:15,"25 Սեպ, 2023",aq1ywehldVo,43365,378,0,N/A
372,https://www.1tv.am/hy/video/Հարցազրույց-Նարեկ-Մկրտչյանի-հետ/216381,https://www.youtube.com/embed/zfK9SF3be-M?autoplay=1&autohide=1,Հարցազրույց Նարեկ Մկրտչյանի հետ,21:30,"25 Սեպ, 2023",zfK9SF3be-M,19493,137,0,N/A
373,https://www.1tv.am/hy/video/Հարցազրույց-Ռուբեն-Ռուբինյանի-հետ/216405,https://www.youtube.com/embed/1EhMECBu8sU?autoplay=1&autohide=1,Հարցազրույց Ռուբեն Ռուբինյանի հետ,18:25,"25 Սեպ, 2023",1EhMECBu8sU,125458,2150,0,N/A
374,https://www.1tv.am/hy/video/Հարցազրույց-Ալեն-Սիմոնյանի-հետ/216319,https://www.youtube.com/embed/xH_nsLaV9Ow?autoplay=1&autohide=1,Հարցազրույց Ալեն Սիմոնյանի հետ,14:50,"24 Սեպ, 2023",xH_nsLaV9Ow,179987,3504,0,N/A
375,https://www.1tv.am/hy/video/Հարցազրույց-Շիլա-Փայլանի-հետ/216346,https://www.youtube.com/embed/UJLPptWYBKk?autoplay=1&autohide=1,Հարցազրույց Շիլա Փայլանի հետ,19:30,"23 Սեպ, 2023",UJLPptWYBKk,39620,439,0,N/A
376,https://www.1tv.am/hy/video/Հարցազրույց-Արթուր-Հովհաննիսյանի-հետ/216352,https://www.youtube.com/embed/-d5LPVoOOJQ?autoplay=1&autohide=1,Հարցազրույց Արթուր Հովհաննիսյանի հետ,21:45,"22 Սեպ, 2023",-d5LPVoOOJQ,63100,1052,0,N/A
377,https://www.1tv.am/hy/video/Հարցազրույց-Լուսինե-Հակոբյանի-հետ/216356,https://www.youtube.com/embed/GKfeXE788Bk?autoplay=1&autohide=1,Հարցազրույց Լուսինե Հակոբյանի հետ,20:30,"22 Սեպ, 2023",GKfeXE788Bk,30207,213,0,N/A
378,https://www.1tv.am/hy/video/Հարցազրույց-Հրանուշ-Խառատյանի-հետ/216360,https://www.youtube.com/embed/7bEgsO00uVM?autoplay=1&autohide=1,Հարցազրույց Հրանուշ Խառատյանի հետ,14:30,"22 Սեպ, 2023",7bEgsO00uVM,15700,86,0,N/A
379,https://www.1tv.am/hy/video/Հարցազրույց-Հայկ-Սուքիասյանի-հետ/216290,https://www.youtube.com/embed/0q_1ePeiMzs?autoplay=1&autohide=1,Հարցազրույց Հայկ Սուքիասյանի հետ,12:50,"21 Սեպ, 2023",0q_1ePeiMzs,52850,1068,0,N/A
380,https://www.1tv.am/hy/video/Հարցազրույց-Նժդեհ-Հովսեփյանի-հետ/216278,https://www.youtube.com/embed/o5BvtWFOj-8?autoplay=1&autohide=1,Հարցազրույց Նժդեհ Հովսեփյանի հետ,11:50,"21 Սեպ, 2023",o5BvtWFOj-8,20043,174,0,N/A
381,https://www.1tv.am/hy/video/Հարցազրույց-Արտակ-Զեյնալյանի-հետ/216276,https://www.youtube.com/embed/xmXh5L04Ucg?autoplay=1&autohide=1,Հարցազրույց Արտակ Զեյնալյանի հետ,11:45,"21 Սեպ, 2023",xmXh5L04Ucg,56345,1082,0,N/A
382,https://www.1tv.am/hy/video/Հարցազրույց-Գուրգեն-Արսենյանի-հետ/216270,https://www.youtube.com/embed/zhu9Xa0HrJc?autoplay=1&autohide=1,Հարցազրույց Գուրգեն Արսենյանի հետ,11:40,"21 Սեպ, 2023",zhu9Xa0HrJc,35192,637,0,N/A
383,https://www.1tv.am/hy/video/Հարցազրույց-Արմեն-Գրիգորյանի-հետ/216265,https://www.youtube.com/embed/YpQ-SU_RhRQ?autoplay=1&autohide=1,Հարցազրույց Արմեն Գրիգորյանի հետ,11:30,"21 Սեպ, 2023",YpQ-SU_RhRQ,75989,1071,0,N/A
384,https://www.1tv.am/hy/video/Հարցազրույց-Թաթուլ-Հակոբյանի-հետ/216314,https://www.youtube.com/embed/kT1HV7SQHE4?autoplay=1&autohide=1,Հարցազրույց Թաթուլ Հակոբյանի հետ,19:00,"20 Սեպ, 2023",kT1HV7SQHE4,46122,400,0,N/A
385,https://www.1tv.am/hy/video/Հարցազրույց-Գևորգ-Պապոյանի-հետ/216306,https://www.youtube.com/embed/V0h2WuMGk5k?autoplay=1&autohide=1,Հարցազրույց Գևորգ Պապոյանի հետ,14:55,"20 Սեպ, 2023",V0h2WuMGk5k,35482,354,0,N/A
386,https://www.1tv.am/hy/video/Հարցազրույց-Անդրանիկ-Քոչարյանի-հետ/216303,https://www.youtube.com/embed/5lvMdcxZWlI?autoplay=1&autohide=1,Հարցազրույց Անդրանիկ Քոչարյանի հետ,13:55,"20 Սեպ, 2023",5lvMdcxZWlI,130724,1564,0,N/A
387,https://www.1tv.am/hy/video/Հարցազրույց-Ռուբեն-Մեհրաբյանի-և-Սամվել-Մարտիրոսյանի-հետ/216262,https://www.youtube.com/embed/oaiOd6zAUXw?autoplay=1&autohide=1,Հարցազրույց Ռուբեն Մեհրաբյանի և Սամվել Մարտիրոսյանի հետ,12:00,"20 Սեպ, 2023",oaiOd6zAUXw,22925,279,0,N/A
388,https://www.1tv.am/hy/video/Հարցազրույց-Արեգ-Քոչինյանի-և-Հրաչյա-Արզումանյանի-հետ/216259,https://www.youtube.com/embed/Wo8A5eWWKPQ?autoplay=1&autohide=1,Հարցազրույց Արեգ Քոչինյանի և Հրաչյա Արզումանյանի հետ,11:45,"20 Սեպ, 2023",Wo8A5eWWKPQ,26777,414,0,N/A
389,https://www.1tv.am/hy/video/Հարցազրույց-Հայկ-Մանասյանի-և-Գայանե-Աբրահամյանի-հետ/216250,https://www.youtube.com/embed/_IJPoj1zSSU?autoplay=1&autohide=1,Հարցազրույց Հայկ Մանասյանի և Գայանե Աբրահամյանի հետ,11:00,"20 Սեպ, 2023",_IJPoj1zSSU,36375,443,0,N/A
390,https://www.1tv.am/hy/video/Հարցազրույց-Հայկ-Կոնջորյանի-հետ/216245,https://www.youtube.com/embed/4726Etg2d4w?autoplay=1&autohide=1,Հարցազրույց Հայկ Կոնջորյանի հետ,10:30,"20 Սեպ, 2023",4726Etg2d4w,36731,619,0,N/A
391,https://www.1tv.am/hy/video/Հարցազրույց-Հակոբ-Բադալյանի-և-Ստյոպա-Սաֆարյան-հետ/216241,https://www.youtube.com/embed/QQwnUWYmfBc?autoplay=1&autohide=1,Հարցազրույց Հակոբ Բադալյանի և Ստյոպա Սաֆարյան հետ,20:30,"19 Սեպ, 2023",QQwnUWYmfBc,24063,282,0,N/A
392,https://www.1tv.am/hy/video/Հարցազրույց-Արամ-Սարգսյանի-հետ/216243,https://www.youtube.com/embed/1Q6mE3x3eQY?autoplay=1&autohide=1,Հարցազրույց Արամ Սարգսյանի հետ,20:20,"19 Սեպ, 2023",1Q6mE3x3eQY,185239,3945,0,N/A
393,https://www.1tv.am/hy/video/Հարցազրույց-Արթուր-Խաչիկյանի-հետ/216235,https://www.youtube.com/embed/3W0I74yf1Do?autoplay=1&autohide=1,Հարցազրույց Արթուր Խաչիկյանի հետ,20:00,"19 Սեպ, 2023",3W0I74yf1Do,17492,86,0,N/A
394,https://www.1tv.am/hy/video/Հարցազրույց-Արմեն-Գրիգորյանի-հետ/216225,https://www.youtube.com/embed/zEZUT4Xq8GE?autoplay=1&autohide=1,Հարցազրույց Արմեն Գրիգորյանի հետ,19:15,"19 Սեպ, 2023",zEZUT4Xq8GE,67214,1058,0,N/A
395,https://www.1tv.am/hy/video/Հարցազրույց-Ստեփան-Դանիելյանի-հետ/216231,https://www.youtube.com/embed/_oikBKh7yr8?autoplay=1&autohide=1,Հարցազրույց Ստեփան Դանիելյանի հետ,19:00,"19 Սեպ, 2023",_oikBKh7yr8,19629,70,0,N/A
396,https://www.1tv.am/hy/video/Հարցազրույց-Էդմոն-Մարուքյանի-հետ/216223,https://www.youtube.com/embed/P2kjwnScroo?autoplay=1&autohide=1,Հարցազրույց Էդմոն Մարուքյանի հետ,18:00,"19 Սեպ, 2023",P2kjwnScroo,58527,654,0,N/A
397,https://www.1tv.am/hy/video/Հարցազրույց-Արեգ-Քոչինյանի-հետ/216206,https://www.youtube.com/embed/aOikxYTmNaU?autoplay=1&autohide=1,Հարցազրույց Արեգ Քոչինյանի հետ,21:30,"18 Սեպ, 2023",aOikxYTmNaU,49792,573,0,N/A
398,https://www.1tv.am/hy/video/Հարցազրույց-Տիգրան-Ավինյանի-հետ/216143,https://www.youtube.com/embed/zJNNhucOIv8?autoplay=1&autohide=1,Հարցազրույց Տիգրան Ավինյանի հետ,21:45,"15 Սեպ, 2023",zJNNhucOIv8,25485,443,0,N/A
399,https://www.1tv.am/hy/video/Հարցազրույց-Երվանդ-Թարվերդյանի-հետ/216118,https://www.youtube.com/embed/SEEH44Vyns8?autoplay=1&autohide=1,Հարցազրույց Երվանդ Թարվերդյանի հետ,21:45,"13 Սեպ, 2023",SEEH44Vyns8,10359,44,0,N/A
400,https://www.1tv.am/hy/video/Հարցազրույց-Նիկոլ-Փաշինյանի-հետ/216095,https://www.youtube.com/embed/aPMdJfoJA3Y?autoplay=1&autohide=1,Հարցազրույց Նիկոլ Փաշինյանի հետ,21:50,"11 Սեպ, 2023",aPMdJfoJA3Y,103389,1478,0,N/A
401,https://www.1tv.am/hy/video/Հարցազրույց-Անդրանիկ-Թևանյանի-հետ/216043,https://www.youtube.com/embed/L3JC4G6hywk?autoplay=1&autohide=1,Հարցազրույց Անդրանիկ Թևանյանի հետ,22:00,"08 Սեպ, 2023",L3JC4G6hywk,30007,142,0,N/A
402,https://www.1tv.am/hy/video/Հարցազրույց-Դավիթ-Խաժակյանի-հետ/216025,https://www.youtube.com/embed/QPrAsWmEqh4?autoplay=1&autohide=1,Հարցազրույց Դավիթ Խաժակյանի հետ,21:45,"07 Սեպ, 2023",QPrAsWmEqh4,16247,182,0,N/A
403,https://www.1tv.am/hy/video/Հարցազրույց-Վիկտոր-Մնացականյանի-հետ/216015,https://www.youtube.com/embed/32xRdlmbZp0?autoplay=1&autohide=1,Հարցազրույց Վիկտոր Մնացականյանի հետ,21:50,"06 Սեպ, 2023",32xRdlmbZp0,17371,114,0,N/A
404,https://www.1tv.am/hy/video/Հարցազրույց-Ռուբեն-Ռուբինյանի-հետ/216004,https://www.youtube.com/embed/X-Cb7ORhdXg?autoplay=1&autohide=1,Հարցազրույց Ռուբեն Ռուբինյանի հետ,21:45,"05 Սեպ, 2023",X-Cb7ORhdXg,57431,948,0,N/A
405,https://www.1tv.am/hy/video/Հարցազրույց-Ռուբեն-Ռուբինյանի-հետ/215989,https://www.youtube.com/embed/X-Cb7ORhdXg?autoplay=1&autohide=1,Հարցազրույց Ռուբեն Ռուբինյանի հետ,21:50,"04 Սեպ, 2023",X-Cb7ORhdXg,57431,948,0,N/A
406,https://www.1tv.am/hy/video/Հարցազրույց-Ալեն-Սիմոնյանի-հետ/215981,https://www.youtube.com/embed/tOX9_rq0Ad4?autoplay=1&autohide=1,Հարցազրույց Ալեն Սիմոնյանի հետ,22:00,"02 Սեպ, 2023",tOX9_rq0Ad4,97517,1362,0,N/A
407,https://www.1tv.am/hy/video/Հարցազրույց-Ժաննա-Անդրեասյանի-հետ/215897,https://www.youtube.com/embed/pqhnfPm_CA4?autoplay=1&autohide=1,Հարցազրույց Ժաննա Անդրեասյանի հետ,21:45,"31 Օգս, 2023",pqhnfPm_CA4,4390,59,0,N/A
408,https://www.1tv.am/hy/video/Հարցազրույց-Տիգրան-Խզմալյանի-հետ/215891,https://www.youtube.com/embed/PHuC3JshkUI?autoplay=1&autohide=1,Հարցազրույց Տիգրան Խզմալյանի հետ,21:45,"30 Օգս, 2023",PHuC3JshkUI,9812,135,0,N/A
409,https://www.1tv.am/hy/video/Հարցազրույց-Նորիկ-Նորիկյանի-հետ/215859,https://www.youtube.com/embed/K3dnzq9Kqbw?autoplay=1&autohide=1,Հարցազրույց Նորիկ Նորիկյանի հետ,22:00,"29 Օգս, 2023",K3dnzq9Kqbw,21559,171,0,N/A
410,https://www.1tv.am/hy/video/Հարցազրույց-Վահան-Ավագյանի-հետ/215836,https://www.youtube.com/embed/WtoxoJZIEVI?autoplay=1&autohide=1,Հարցազրույց Վահան Ավագյանի հետ,21:30,"28 Օգս, 2023",WtoxoJZIEVI,13614,73,0,N/A
411,https://www.1tv.am/hy/video/Հարցազրույց-Արտակ-Զեյնալյանի-հետ/215811,https://www.youtube.com/embed/KBTmaUtB9ho?autoplay=1&autohide=1,Հարցազրույց Արտակ Զեյնալյանի հետ,21:50,"25 Օգս, 2023",KBTmaUtB9ho,15718,211,0,N/A
412,https://www.1tv.am/hy/video/Հարցազրույց-Արման-Ղուկասյանի-հետ/215790,https://www.youtube.com/embed/zYqqVh9Bn-Q?autoplay=1&autohide=1,Հարցազրույց Արման Ղուկասյանի հետ,21:30,"24 Օգս, 2023",zYqqVh9Bn-Q,11386,54,0,N/A
413,https://www.1tv.am/hy/video/Հարցազրույց-Նատալյա-Արզաքանցյանի-հետ/215768,https://www.youtube.com/embed/EiLZwptHOMY?autoplay=1&autohide=1,Հարցազրույց Նատալյա Արզաքանցյանի հետ,21:30,"23 Օգս, 2023",EiLZwptHOMY,12267,76,0,N/A
414,https://www.1tv.am/hy/video/Հարցազրույց-Արման-Բաբաջանյանի-հետ/215763,https://www.youtube.com/embed/oQF3-awXn4g?autoplay=1&autohide=1,Հարցազրույց Արման Բաբաջանյանի հետ,21:45,"22 Օգս, 2023",oQF3-awXn4g,42844,677,0,N/A
415,https://www.1tv.am/hy/video/Հարցազրույց-Վահագն-Հովակիմյանի-հետ/215753,https://www.youtube.com/embed/OT6dXkO8a3s?autoplay=1&autohide=1,Հարցազրույց Վահագն Հովակիմյանի հետ,21:30,"21 Օգս, 2023",OT6dXkO8a3s,11500,130,0,N/A
416,https://www.1tv.am/hy/video/Հարցազրույց-Երվանդ-Թարվերդյանի-հետ/215372,https://www.youtube.com/embed/pJrmLt9mWrk?autoplay=1&autohide=1,Հարցազրույց Երվանդ Թարվերդյանի հետ,21:45,"28 Հլս, 2023",pJrmLt9mWrk,23337,183,0,N/A
417,https://www.1tv.am/hy/video/Հարցազրույց-Արեգ-Քոչինյանի-հետ/215323,https://www.youtube.com/embed/F-_d4nHuBtc?autoplay=1&autohide=1,Հարցազրույց Արեգ Քոչինյանի հետ,21:45,"26 Հլս, 2023",F-_d4nHuBtc,31748,614,0,N/A
418,https://www.1tv.am/hy/video/Հարցազրույց-Արեգ-Քոչինյանի-հետ/215312,https://www.youtube.com/embed/F-_d4nHuBtc?autoplay=1&autohide=1,Հարցազրույց Արեգ Քոչինյանի հետ,21:45,"25 Հլս, 2023",F-_d4nHuBtc,31748,614,0,N/A
419,https://www.1tv.am/hy/video/Հարցազրույց-Վահան-Քերոբյանի-հետ/215289,https://www.youtube.com/embed/tgNJLVNRIE0?autoplay=1&autohide=1,Հարցազրույց Վահան Քերոբյանի հետ,21:45,"24 Հլս, 2023",tgNJLVNRIE0,12907,181,0,N/A
420,https://www.1tv.am/hy/video/Հարցազրույց-Գուրգեն-Ներսիսյանի-հետ/215130,https://www.youtube.com/embed/c_Op0X6U8kI?autoplay=1&autohide=1,Հարցազրույց Գուրգեն Ներսիսյանի հետ,21:40,"20 Հլս, 2023",c_Op0X6U8kI,15201,90,0,N/A
421,https://www.1tv.am/hy/video/Հարցազրույց-Լիլիթ-Գալստյանի-հետ/215113,https://www.youtube.com/embed/Y7lmC7iW8Vo?autoplay=1&autohide=1,Հարցազրույց Լիլիթ Գալստյանի հետ,22:00,"19 Հլս, 2023",Y7lmC7iW8Vo,21144,147,0,N/A
422,https://www.1tv.am/hy/video/Հարցազրույց-Արա-Խզմալյանի-հետ/215077,https://www.youtube.com/embed/sXtC3tiqHDs?autoplay=1&autohide=1,Հարցազրույց Արա Խզմալյանի հետ,21:45,"18 Հլս, 2023",sXtC3tiqHDs,10047,97,0,N/A
423,https://www.1tv.am/hy/video/Հարցազրույց-Արթուր-Հովհաննիսյանի-հետ/215036,https://www.youtube.com/embed/kWT9lN7FPSU?autoplay=1&autohide=1,Հարցազրույց Արթուր Հովհաննիսյանի հետ,22:05,"17 Հլս, 2023",kWT9lN7FPSU,20616,254,0,N/A
424,https://www.1tv.am/hy/video/Հարցազրույց-Հայկ-Մամիջանյանի-հետ/214987,https://www.youtube.com/embed/gN67D28SQHA?autoplay=1&autohide=1,Հարցազրույց Հայկ Մամիջանյանի հետ,21:50,"14 Հլս, 2023",gN67D28SQHA,30064,144,0,N/A
425,https://www.1tv.am/hy/video/Հարցազրույց-Վահագն-Ալեքսանյանի-հետ/214932,https://www.youtube.com/embed/hBYLeYuF1UY?autoplay=1&autohide=1,Հարցազրույց Վահագն Ալեքսանյանի հետ,21:55,"12 Հլս, 2023",hBYLeYuF1UY,27272,436,0,N/A
426,https://www.1tv.am/hy/video/Հարցազրույց-Արամ-Սարգսյանի-հետ/214902,https://www.youtube.com/embed/pd5ruDYi9fg?autoplay=1&autohide=1,Հարցազրույց Արամ Սարգսյանի հետ,21:45,"11 Հլս, 2023",pd5ruDYi9fg,72400,1578,0,N/A
427,https://www.1tv.am/hy/video/Հարցազրույց-Կարեն-Ավետիսյանի-հետ/214857,https://www.youtube.com/embed/SAEs1YeveyQ?autoplay=1&autohide=1,Հարցազրույց Կարեն Ավետիսյանի հետ,21:45,"10 Հլս, 2023",SAEs1YeveyQ,5002,28,0,N/A
428,https://www.1tv.am/hy/video/Հարցազրույց-Լուսինե-Հակոբյանի-հետ/214805,https://www.youtube.com/embed/ZDpyyHhTG4w?autoplay=1&autohide=1,Հարցազրույց Լուսինե Հակոբյանի հետ,21:50,"07 Հլս, 2023",ZDpyyHhTG4w,15242,129,0,N/A
429,https://www.1tv.am/hy/video/Հարցազրույց-Գևորգ-Պապոյանի-հետ/214732,https://www.youtube.com/embed/uIt1lV3ULNE?autoplay=1&autohide=1,Հարցազրույց Գևորգ Պապոյանի հետ,21:45,"06 Հլս, 2023",uIt1lV3ULNE,21426,305,0,N/A
430,https://www.1tv.am/hy/video/Հարցազրույց-Գուրգեն-Ներսիսյանի-հետ/214678,https://www.youtube.com/embed/XYSraudme14?autoplay=1&autohide=1,Հարցազրույց Գուրգեն Ներսիսյանի հետ,22:00,"05 Հլս, 2023",XYSraudme14,13153,101,0,N/A
431,https://www.1tv.am/hy/video/Հարցազրույց-Արամ-Օրբելյանի-հետ/214688,https://www.youtube.com/embed/r39pWaO31I4?autoplay=1&autohide=1,Հարցազրույց Արամ Օրբելյանի հետ,22:00,"04 Հլս, 2023",r39pWaO31I4,23542,124,0,N/A
432,https://www.1tv.am/hy/video/Հարցազրույց-Քրիստինա-Քվինի-հետ/214617,https://www.youtube.com/embed/zMg8VDPACj0?autoplay=1&autohide=1,Հարցազրույց Քրիստինա Քվինի հետ,22:00,"03 Հլս, 2023",zMg8VDPACj0,44743,664,0,N/A
433,https://www.1tv.am/hy/video/Հարցազրույց-Ռուբեն-Ռուբինյանի-հետ/214552,https://www.youtube.com/embed/_WJU_imUYcI?autoplay=1&autohide=1,Հարցազրույց Ռուբեն Ռուբինյանի հետ,22:00,"30 Հնս, 2023",_WJU_imUYcI,44132,642,0,N/A
434,https://www.1tv.am/hy/video/Հարցազրույց-Վահե-Հովհաննիսյանի-հետ/214486,https://www.youtube.com/embed/Da7bjgu7MXA?autoplay=1&autohide=1,Հարցազրույց Վահե Հովհաննիսյանի հետ,22:00,"29 Հնս, 2023",Da7bjgu7MXA,6880,58,0,N/A
435,https://www.1tv.am/hy/video/Հարցազրույց-Վահան-Քերոբյանի-հետ/214443,https://www.youtube.com/embed/a-4vGFQo4d4?autoplay=1&autohide=1,Հարցազրույց Վահան Քերոբյանի հետ,21:45,"28 Հնս, 2023",a-4vGFQo4d4,5955,90,0,N/A
436,https://www.1tv.am/hy/video/Հարցազրույց-Արծրուն-Հովհաննիսյանի-հետ/214412,https://www.youtube.com/embed/SZzTpNAKZBo?autoplay=1&autohide=1,Հարցազրույց Արծրուն Հովհաննիսյանի հետ,21:55,"27 Հնս, 2023",SZzTpNAKZBo,55447,800,0,N/A
437,https://www.1tv.am/hy/video/Հարցազրույց-Արուսյակ-Ջուլհակյանի-հետ/214352,https://www.youtube.com/embed/04Tl5_yzL68?autoplay=1&autohide=1,Հարցազրույց Արուսյակ Ջուլհակյանի հետ,21:45,"26 Հնս, 2023",04Tl5_yzL68,10826,201,0,N/A
438,https://www.1tv.am/hy/video/Հարցազրույց-Ստեփան-Գրիգորյանի-հետ/214291,https://www.youtube.com/embed/LFUiksbJXKU?autoplay=1&autohide=1,Հարցազրույց Ստեփան Գրիգորյանի հետ,21:15,"23 Հնս, 2023",LFUiksbJXKU,47690,746,0,N/A
439,https://www.1tv.am/hy/video/Հարցազրույց-Հայկ-Եսայանի-հետ/214191,https://www.youtube.com/embed/c3voA2pJiDM?autoplay=1&autohide=1,Հարցազրույց Հայկ Եսայանի հետ,21:30,"22 Հնս, 2023",c3voA2pJiDM,7157,63,0,N/A
440,https://www.1tv.am/hy/video/Հարցազրույց-Անդրանիկ-Քոչարյանի-հետ/214152,https://www.youtube.com/embed/sAJeOcnAdXs?autoplay=1&autohide=1,Հարցազրույց Անդրանիկ Քոչարյանի հետ,21:45,"21 Հնս, 2023",sAJeOcnAdXs,42305,583,0,N/A
441,https://www.1tv.am/hy/video/Հարցազրույց-Քրիստինե-Վարդանյանի-հետ/214106,https://www.youtube.com/embed/ipOKQfOvydg?autoplay=1&autohide=1,Հարցազրույց Քրիստինե Վարդանյանի հետ,21:30,"20 Հնս, 2023",ipOKQfOvydg,18163,102,0,N/A
442,https://www.1tv.am/hy/video/Հարցազրույց-Գրիգոր-Մինասյանի-հետ/214054,https://www.youtube.com/embed/IcIQY0i-rAo?autoplay=1&autohide=1,Հարցազրույց Գրիգոր Մինասյանի հետ,21:35,"19 Հնս, 2023",IcIQY0i-rAo,14828,206,0,N/A
443,https://www.1tv.am/hy/video/Հարցազրույց-Վահագն-Ալեքսանյանի-հետ/213967,https://www.youtube.com/embed/alPc71Dr0JU?autoplay=1&autohide=1,Հարցազրույց Վահագն Ալեքսանյանի հետ,21:35,"16 Հնս, 2023",alPc71Dr0JU,40832,658,0,N/A
444,https://www.1tv.am/hy/video/Հարցազրույց-Վահան-Կոստանյանի-հետ/213903,https://www.youtube.com/embed/CbzV0WtUKd8?autoplay=1&autohide=1,Հարցազրույց Վահան Կոստանյանի հետ,21:30,"15 Հնս, 2023",CbzV0WtUKd8,9673,92,0,N/A
445,https://www.1tv.am/hy/video/Հարցազրույց-Օլեսյա-Վարդանյանի-հետ/213470,https://www.youtube.com/embed/FaUYIBAGeVo?autoplay=1&autohide=1,Հարցազրույց Օլեսյա Վարդանյանի հետ,21:30,"07 Հնս, 2023",FaUYIBAGeVo,9267,103,0,N/A
446,https://www.1tv.am/hy/video/Հարցազրույց-Օլեսյա-Վարդանյանի-հետ/213437,https://www.youtube.com/embed/FaUYIBAGeVo?autoplay=1&autohide=1,Հարցազրույց Օլեսյա Վարդանյանի հետ,21:30,"06 Հնս, 2023",FaUYIBAGeVo,9267,103,0,N/A
447,https://www.1tv.am/hy/video/Հարցազրույց-Վիգեն-Խաչատրյանի-հետ/213390,https://www.youtube.com/embed/YYXKTnsHTCA?autoplay=1&autohide=1,Հարցազրույց Վիգեն Խաչատրյանի հետ,21:45,"05 Հնս, 2023",YYXKTnsHTCA,37927,955,0,N/A
448,https://www.1tv.am/hy/video/Հարցազրույց-Էբրահիմ-Մոթաղիի-հետ/213342,https://www.youtube.com/embed/EoJGl61qwfk?autoplay=1&autohide=1,Հարցազրույց Էբրահիմ Մոթաղիի հետ,21:30,"02 Հնս, 2023",EoJGl61qwfk,17907,207,0,N/A
449,https://www.1tv.am/hy/video/Հարցազրույց-գերաշնորհ-Տեր-Բագրատ-եպիսկոպոս-Գալստանյանի-հետ/213217,https://www.youtube.com/embed/6AYsj8zvxos?autoplay=1&autohide=1,Հարցազրույց գերաշնորհ Տեր Բագրատ եպիսկոպոս Գալստանյանի հետ,21:45,"01 Հնս, 2023",6AYsj8zvxos,121914,802,0,N/A
450,https://www.1tv.am/hy/video/Հարցազրույց-Գեորգի-Դերլուգյանի-հետ/213129,https://www.youtube.com/embed/zRJDZQ7vnFM?autoplay=1&autohide=1,Հարցազրույց Գեորգի Դերլուգյանի հետ,21:35,"31 Մայ, 2023",zRJDZQ7vnFM,23145,292,0,N/A
451,https://www.1tv.am/hy/video/Հարցազրույց-Կարո-Փայլանի-հետ/213081,https://www.youtube.com/embed/bVoHFM-fl60?autoplay=1&autohide=1,Հարցազրույց Կարո Փայլանի հետ,21:45,"30 Մայ, 2023",bVoHFM-fl60,12730,191,0,N/A
452,https://www.1tv.am/hy/video/Հարցազրույց-Տիմոֆեյ-Բորդաչևի-հետ/213033,https://www.youtube.com/embed/qpd361yV3RY?autoplay=1&autohide=1,Հարցազրույց Տիմոֆեյ Բորդաչևի հետ,21:55,"29 Մայ, 2023",qpd361yV3RY,17717,123,0,N/A
453,https://www.1tv.am/hy/video/Հարցազրույց-Տիգրան-Հակոբյանի-հետ/212920,https://www.youtube.com/embed/BjcQx-Jnces?autoplay=1&autohide=1,Հարցազրույց Տիգրան Հակոբյանի հետ,21:40,"26 Մայ, 2023",BjcQx-Jnces,18773,163,0,N/A
454,https://www.1tv.am/hy/video/Հարցազրույց-Հայկ-Կոնջորյանի-հետ/212862,https://www.youtube.com/embed/yU3RErUHEl0?autoplay=1&autohide=1,Հարցազրույց Հայկ Կոնջորյանի հետ,21:55,"25 Մայ, 2023",yU3RErUHEl0,39301,574,0,N/A
455,https://www.1tv.am/hy/video/Հարցազրույց-Անահիտ-Մանասյանի-հետ/212789,https://www.youtube.com/embed/ItAJlNDjlys?autoplay=1&autohide=1,Հարցազրույց Անահիտ Մանասյանի հետ,21:20,"24 Մայ, 2023",ItAJlNDjlys,6391,65,0,N/A
456,https://www.1tv.am/hy/video/Հարցազրույց-Արթուր-Խաչիկյանի-հետ/212710,https://www.youtube.com/embed/XtZEnEwP_L8?autoplay=1&autohide=1,Հարցազրույց Արթուր Խաչիկյանի հետ,21:45,"23 Մայ, 2023",XtZEnEwP_L8,46933,324,0,N/A
457,https://www.1tv.am/hy/video/Հարցազրույց-Տարոն-Չախոյանի-հետ/212661,https://www.youtube.com/embed/YMngDqblBI0?autoplay=1&autohide=1,Հարցազրույց Տարոն Չախոյանի հետ,22:15,"22 Մայ, 2023",YMngDqblBI0,24579,365,0,N/A
458,https://www.1tv.am/hy/video/Հարցազրույց-Վահան-Քերոբյանի-հետ/212555,https://www.youtube.com/embed/Pc4Rr-xLKR4?autoplay=1&autohide=1,Հարցազրույց Վահան Քերոբյանի հետ,21:35,"19 Մայ, 2023",Pc4Rr-xLKR4,17052,154,0,N/A
459,https://www.1tv.am/hy/video/Հարցազրույց-Ռուբեն-Բաբայանի-հետ/212458,https://www.youtube.com/embed/7qbmiVbamRU?autoplay=1&autohide=1,Հարցազրույց Ռուբեն Բաբայանի հետ,21:50,"18 Մայ, 2023",7qbmiVbamRU,12998,158,0,N/A
460,https://www.1tv.am/hy/video/Հարցազրույց-Վահագն-Հովակիմյանի-հետ/212444,https://www.youtube.com/embed/Zho7kNdjpkE?autoplay=1&autohide=1,Հարցազրույց Վահագն Հովակիմյանի հետ,21:45,"17 Մայ, 2023",Zho7kNdjpkE,11721,119,0,N/A
461,https://www.1tv.am/hy/video/Հարցազրույց-Անուշ-Հովհաննիսյանի-հետ/212351,https://www.youtube.com/embed/ixb7j2VR4uw?autoplay=1&autohide=1,Հարցազրույց Անուշ Հովհաննիսյանի հետ,21:55,"16 Մայ, 2023",ixb7j2VR4uw,11929,112,0,N/A
462,https://www.1tv.am/hy/video/Հարցազրույց-Սոսի-Թաթիկյանի-հետ/212295,https://www.youtube.com/embed/JG2addUsNvw?autoplay=1&autohide=1,Հարցազրույց Սոսի Թաթիկյանի հետ,21:55,"15 Մայ, 2023",JG2addUsNvw,22344,345,0,N/A
463,https://www.1tv.am/hy/video/Հարցազրույց-Արա-Գոչունյանի-հետ/212248,https://www.youtube.com/embed/vxa6qAF7HG4?autoplay=1&autohide=1,Հարցազրույց Արա Գոչունյանի հետ,21:55,"12 Մայ, 2023",vxa6qAF7HG4,15294,102,0,N/A
464,https://www.1tv.am/hy/video/Հարցազրույց-Ժիրայր-Լիպարիտյանի-հետ/212098,https://www.youtube.com/embed/UmDfjsc4aA4?autoplay=1&autohide=1,Հարցազրույց Ժիրայր Լիպարիտյանի հետ,21:40,"11 Մայ, 2023",UmDfjsc4aA4,44637,550,0,N/A
465,https://www.1tv.am/hy/video/Հարցազրույց-Գևորգ-Պապոյանի-հետ/212039,https://www.youtube.com/embed/GJS4DHFoyv8?autoplay=1&autohide=1,Հարցազրույց Գևորգ Պապոյանի հետ,21:45,"10 Մայ, 2023",GJS4DHFoyv8,12643,157,0,N/A
466,https://www.1tv.am/hy/video/Հարցազրույց-Արամ-Սարգսյանի-հետ/211992,https://www.youtube.com/embed/waSwbx2hqDg?autoplay=1&autohide=1,Հարցազրույց Արամ Սարգսյանի հետ,21:30,"09 Մայ, 2023",waSwbx2hqDg,63285,1378,0,N/A
467,https://www.1tv.am/hy/video/Հարցազրույց-Արեգ-Քոչինյանի-հետ/211999,https://www.youtube.com/embed/REVO2T4m2vo?autoplay=1&autohide=1,Հարցազրույց Արեգ Քոչինյանի հետ,21:40,"08 Մայ, 2023",REVO2T4m2vo,24267,499,0,N/A
468,https://www.1tv.am/hy/video/Հարցազրույց-Աննա-Վարդապետյանի-հետ/211899,https://www.youtube.com/embed/SSfUipTGTIk?autoplay=1&autohide=1,Հարցազրույց Աննա Վարդապետյանի հետ,21:15,"05 Մայ, 2023",SSfUipTGTIk,31423,515,0,N/A
469,https://www.1tv.am/hy/video/Հարցազրույց-Արմեն-Նուրբեկյանի-հետ/211822,https://www.youtube.com/embed/QZ-bflbvIUY?autoplay=1&autohide=1,Հարցազրույց Արմեն Նուրբեկյանի հետ,21:50,"04 Մայ, 2023",QZ-bflbvIUY,10819,57,0,N/A
470,https://www.1tv.am/hy/video/Հարցազրույց-Գեղամ-Նազարյանի-հետ/211770,https://www.youtube.com/embed/i7_Q5WZu01M?autoplay=1&autohide=1,Հարցազրույց Գեղամ Նազարյանի հետ,21:50,"03 Մայ, 2023",i7_Q5WZu01M,18195,80,0,N/A
471,https://www.1tv.am/hy/video/Հարցազրույց-Հակոբ-Բադալյանի-հետ/211715,https://www.youtube.com/embed/XEtdpv1Dfkk?autoplay=1&autohide=1,Հարցազրույց Հակոբ Բադալյանի հետ,21:30,"02 Մայ, 2023",XEtdpv1Dfkk,23024,341,0,N/A
472,https://www.1tv.am/hy/video/Հարցազրույց-Սոնա-Ղազարյանի-հետ/211546,https://www.youtube.com/embed/QqQxyS9WNMc?autoplay=1&autohide=1,Հարցազրույց Սոնա Ղազարյանի հետ,22:00,"01 Մայ, 2023",QqQxyS9WNMc,15128,197,0,N/A
473,https://www.1tv.am/hy/video/Հարցազրույց-Տիգրան-Պետրոսյանի-հետ/211544,https://www.youtube.com/embed/dchrIjSESfc?autoplay=1&autohide=1,Հարցազրույց Տիգրան Պետրոսյանի հետ,20:00,"30 Ապր, 2023",dchrIjSESfc,30624,339,0,N/A
474,https://www.1tv.am/hy/video/Հարցազրույց-Գայանե-Աբրահամյանի-հետ/211452,https://www.youtube.com/embed/EoX4apbEzQo?autoplay=1&autohide=1,Հարցազրույց Գայանե Աբրահամյանի հետ,21:50,"27 Ապր, 2023",EoX4apbEzQo,18294,276,0,N/A
475,https://www.1tv.am/hy/video/Հարցազրույց-Արմեն-Գրիգորյանի-հետ/211392,https://www.youtube.com/embed/3ywMbxuJw6w?autoplay=1&autohide=1,Հարցազրույց Արմեն Գրիգորյանի հետ,21:30,"26 Ապր, 2023",3ywMbxuJw6w,46446,792,0,N/A
476,https://www.1tv.am/hy/video/Հարցազրույց-Սերգեյ-Ղազարյանի-հետ/211344,https://www.youtube.com/embed/WduglhYQ8U4?autoplay=1&autohide=1,Հարցազրույց Սերգեյ Ղազարյանի հետ,21:50,"25 Ապր, 2023",WduglhYQ8U4,15094,97,0,N/A
477,https://www.1tv.am/hy/video/Հարցազրույց-Սիբիլի-հետ/211286,https://www.youtube.com/embed/0FnVpwLTufg?autoplay=1&autohide=1,Հարցազրույց Սիբիլի հետ,21:50,"23 Ապր, 2023",0FnVpwLTufg,21473,441,0,N/A
478,https://www.1tv.am/hy/video/Հարցազրույց-Արթուր-Երոյանի-հետ/211279,https://www.youtube.com/embed/WoIiFWAALL4?autoplay=1&autohide=1,Հարցազրույց Արթուր Երոյանի հետ,20:30,"22 Ապր, 2023",WoIiFWAALL4,19936,276,0,N/A
479,https://www.1tv.am/hy/video/Հարցազրույց-Սամվել-Բաբայանի-հետ/211176,https://www.youtube.com/embed/r8-2OU83sjQ?autoplay=1&autohide=1,Հարցազրույց Սամվել Բաբայանի հետ,22:00,"19 Ապր, 2023",r8-2OU83sjQ,85011,1278,0,N/A
480,https://www.1tv.am/hy/video/Հարցազրույց-Ռուստամ-Բադասյանի-հետ/211126,https://www.youtube.com/embed/2omd1PTLsaU?autoplay=1&autohide=1,Հարցազրույց Ռուստամ Բադասյանի հետ,21:30,"18 Ապր, 2023",2omd1PTLsaU,11341,117,0,N/A
481,https://www.1tv.am/hy/video/Հարցազրույց-Տիգրան-Ավինյանի-հետ/211092,https://www.youtube.com/embed/5dhF_UQR3CM?autoplay=1&autohide=1,Հարցազրույց Տիգրան Ավինյանի հետ,21:00,"17 Ապր, 2023",5dhF_UQR3CM,23477,294,0,N/A
482,https://www.1tv.am/hy/video/Հարցազրույց-Ռոբերտ-Ղուկասյանի-հետ/211044,https://www.youtube.com/embed/NTWhrzSnNPU?autoplay=1&autohide=1,Հարցազրույց Ռոբերտ Ղուկասյանի հետ,21:30,"14 Ապր, 2023",NTWhrzSnNPU,17232,260,0,N/A
483,https://www.1tv.am/hy/video/Հարցազրույց-Արայիկ-Հարությունյանի-հետ/210917,https://www.youtube.com/embed/DcBqMhPQO5o?autoplay=1&autohide=1,Հարցազրույց Արայիկ Հարությունյանի հետ,21:30,"13 Ապր, 2023",DcBqMhPQO5o,12789,160,0,N/A
484,https://www.1tv.am/hy/video/Հարցազրույց-Անդրանիկ-Քոչարյանի-հետ/210859,https://www.youtube.com/embed/GDHeDuN6d6U?autoplay=1&autohide=1,Հարցազրույց Անդրանիկ Քոչարյանի հետ,21:30,"12 Ապր, 2023",GDHeDuN6d6U,43027,517,0,N/A
485,https://www.1tv.am/hy/video/Հարցազրույց-Սերգեյ-Մարկեդոնովի-հետ/210682,https://www.youtube.com/embed/tLysCyHcBSY?autoplay=1&autohide=1,Հարցազրույց Սերգեյ Մարկեդոնովի հետ,22:10,"07 Ապր, 2023",tLysCyHcBSY,37188,324,0,N/A
486,https://www.1tv.am/hy/video/Հարցազրույց-Արծրուն-Հովհաննիսյանի-հետ/210624,https://www.youtube.com/embed/oixfLG9urTs?autoplay=1&autohide=1,Հարցազրույց Արծրուն Հովհաննիսյանի հետ,22:10,"06 Ապր, 2023",oixfLG9urTs,62894,1050,0,N/A
487,https://www.1tv.am/hy/video/Հարցազրույց-Գուրգեն-Ներսիսյանի-հետ/210579,https://www.youtube.com/embed/-ECQevRBnBw?autoplay=1&autohide=1,Հարցազրույց Գուրգեն Ներսիսյանի հետ,22:10,"05 Ապր, 2023",-ECQevRBnBw,16274,126,0,N/A
488,https://www.1tv.am/hy/video/Հարցազրույց-Անդրանիկ-Քոչարյանի-հետ/210533,https://www.youtube.com/embed/usgivjkvzds?autoplay=1&autohide=1,Հարցազրույց Անդրանիկ Քոչարյանի հետ,22:10,"04 Ապր, 2023",usgivjkvzds,42554,612,0,N/A
489,https://www.1tv.am/hy/video/Հարցազրույց-Վլադիմիր-Վարդանյանի-հետ/210469,https://www.youtube.com/embed/DRQjTzvLHKM?autoplay=1&autohide=1,Հարցազրույց Վլադիմիր Վարդանյանի հետ,22:10,"03 Ապր, 2023",DRQjTzvLHKM,38434,646,0,N/A
490,https://www.1tv.am/hy/video/Հարցազրույց-Անահիտ-Մանասյանի-հետ/210325,https://www.youtube.com/embed/hS0IVMrU_bE?autoplay=1&autohide=1,Հարցազրույց Անահիտ Մանասյանի հետ,21:30,"30 Մար, 2023",hS0IVMrU_bE,22159,334,0,N/A
491,https://www.1tv.am/hy/video/Հարցազրույց-Էդգար-Ղազարյանի-հետ/210253,https://www.youtube.com/embed/tlhy_v6tBZQ?autoplay=1&autohide=1,Հարցազրույց Էդգար Ղազարյանի հետ,21:25,"29 Մար, 2023",tlhy_v6tBZQ,80424,710,0,N/A
492,https://www.1tv.am/hy/video/Հարցազրույց-Թաթուլ-Հակոբյանի-հետ/210203,https://www.youtube.com/embed/NncuFJJlZhk?autoplay=1&autohide=1,Հարցազրույց Թաթուլ Հակոբյանի հետ,21:50,"28 Մար, 2023",NncuFJJlZhk,27616,314,0,N/A
493,https://www.1tv.am/hy/video/Հարցազրույց-Դավիթ-Սանասարյանի-հետ/210164,https://www.youtube.com/embed/j_bd5FRQDv8?autoplay=1&autohide=1,Հարցազրույց Դավիթ Սանասարյանի հետ,21:30,"27 Մար, 2023",j_bd5FRQDv8,29452,454,0,N/A
494,https://www.1tv.am/hy/video/Հարցազրույց-Արմեն-Մելիքբեկյանի-հետ/210115,https://www.youtube.com/embed/C-cxtmt6ZJE?autoplay=1&autohide=1,Հարցազրույց Արմեն Մելիքբեկյանի հետ,21:30,"24 Մար, 2023",C-cxtmt6ZJE,17566,210,0,N/A
495,https://www.1tv.am/hy/video/Հարցազրույց-Գեղամ-Նազարյանի-հետ/210050,https://www.youtube.com/embed/tnXx61vbUyk?autoplay=1&autohide=1,Հարցազրույց Գեղամ Նազարյանի հետ,21:20,"23 Մար, 2023",tnXx61vbUyk,18093,104,0,N/A
496,https://www.1tv.am/hy/video/Հարցազրույց-Հայկ-Կոնջորյանի-հետ/209912,https://www.youtube.com/embed/_foTMwQU59g?autoplay=1&autohide=1,Հարցազրույց Հայկ Կոնջորյանի հետ,22:25,"22 Մար, 2023",_foTMwQU59g,24777,464,0,N/A
497,https://www.1tv.am/hy/video/Հարցազրույց-Արմեն-Ղազարյանի-հետ/209871,https://www.youtube.com/embed/XocuETdzBc8?autoplay=1&autohide=1,Հարցազրույց Արմեն Ղազարյանի հետ,22:00,"21 Մար, 2023",XocuETdzBc8,7629,54,0,N/A
498,https://www.1tv.am/hy/video/Հարցազրույց-Հրանուշ-Խառատյանի-հետ/209853,https://www.youtube.com/embed/IrIiL99BodU?autoplay=1&autohide=1,Հարցազրույց Հրանուշ Խառատյանի հետ,21:30,"20 Մար, 2023",IrIiL99BodU,11167,130,0,N/A
499,https://www.1tv.am/hy/video/Հարցազրույց-Տիգրան-Գրիգորյանի-հետ/209783,https://www.youtube.com/embed/FWhJffrfrPc?autoplay=1&autohide=1,Հարցազրույց Տիգրան Գրիգորյանի հետ,21:45,"17 Մար, 2023",FWhJffrfrPc,18182,132,0,N/A
500,https://www.1tv.am/hy/video/Հարցազրույց-Վահագն-Ալեքսանյանի-հետ/209767,https://www.youtube.com/embed/i2fUXEFD0ns?autoplay=1&autohide=1,Հարցազրույց Վահագն Ալեքսանյանի հետ,21:30,"16 Մար, 2023",i2fUXEFD0ns,37035,838,0,N/A
501,https://www.1tv.am/hy/video/Հարցազրույց-Էդմոն-Մարուքյանի-հետ/209646,https://www.youtube.com/embed/zoiy09Wmp5w?autoplay=1&autohide=1,Հարցազրույց Էդմոն Մարուքյանի հետ,20:15,"14 Մար, 2023",zoiy09Wmp5w,37420,431,0,N/A
502,https://www.1tv.am/hy/video/Հարցազրույց-Գեղամ-Մանուկյանի-հետ/209638,https://www.youtube.com/embed/yBzvAwy-G6U?autoplay=1&autohide=1,Հարցազրույց Գեղամ Մանուկյանի հետ,21:20,"13 Մար, 2023",yBzvAwy-G6U,30921,252,0,N/A
503,https://www.1tv.am/hy/video/Հարցազրույց-Անդրանիկ-Շիրինյանի-հետ/209614,https://www.youtube.com/embed/FpGAl0pCbfg?autoplay=1&autohide=1,Հարցազրույց Անդրանիկ Շիրինյանի հետ,21:30,"10 Մար, 2023",FpGAl0pCbfg,14494,147,0,N/A
504,https://www.1tv.am/hy/video/Հարցազրույց-Տարոն-Չախոյանի-հետ/209582,https://www.youtube.com/embed/BpA_4QssU48?autoplay=1&autohide=1,Հարցազրույց Տարոն Չախոյանի հետ,21:15,"09 Մար, 2023",BpA_4QssU48,25906,516,0,N/A
505,https://www.1tv.am/hy/video/Հարցազրույց-Լևոն-Զուրաբյանի-հետ/209575,https://www.youtube.com/embed/eYbSicjJUZw?autoplay=1&autohide=1,Հարցազրույց Լևոն Զուրաբյանի հետ,21:30,"08 Մար, 2023",eYbSicjJUZw,24089,136,0,N/A
506,https://www.1tv.am/hy/video/Հարցազրույց-Անահիտ-Ավանեսյանի-հետ/209566,https://www.youtube.com/embed/f2PCNhaw7yM?autoplay=1&autohide=1,Հարցազրույց Անահիտ Ավանեսյանի հետ,21:15,"08 Մար, 2023",f2PCNhaw7yM,6337,69,0,N/A
507,https://www.1tv.am/hy/video/Հարցազրույց-Գուրգեն-Ներսիսյանի-հետ/209559,https://www.youtube.com/embed/dCEdHEd8Jyo?autoplay=1&autohide=1,Հարցազրույց Գուրգեն Ներսիսյանի հետ,21:15,"06 Մար, 2023",dCEdHEd8Jyo,25349,279,0,N/A
508,https://www.1tv.am/hy/video/Հանրային-քննարկում-Հայաստան-Ադրբեջան-բանակցություններ-փոխլրացնող-թե՞-հակադրվող-ձևաչափեր/209519,https://www.youtube.com/embed/fu5_IKgp970?autoplay=1&autohide=1,"Հանրային քննարկում. Հայաստան-Ադրբեջան բանակցություններ. փոխլրացնող, թե՞ հակադրվող ձևաչափեր",22:00,"05 Մար, 2023",fu5_IKgp970,52187,473,0,N/A
509,https://www.1tv.am/hy/video/Հարցազրույց-Էդուարդո-Վիլյեգաս-Մեխիասի-հետ/209520,https://www.youtube.com/embed/65R-Ds0g-ek?autoplay=1&autohide=1,Հարցազրույց Էդուարդո Վիլյեգաս Մեխիասի հետ,21:30,"03 Մար, 2023",65R-Ds0g-ek,11518,137,0,N/A
510,https://www.1tv.am/hy/video/Հարցազրույց-Սերգեյ-Ղազարյանի-հետ/209464,https://www.youtube.com/embed/7dNltYHJMbM?autoplay=1&autohide=1,Հարցազրույց Սերգեյ Ղազարյանի հետ,21:45,"02 Մար, 2023",7dNltYHJMbM,21372,147,0,N/A
511,https://www.1tv.am/hy/video/Հարցազրույց-Հայկակ-Արշամյանի-հետ/209353,https://www.youtube.com/embed/BIDMDoypCTI?autoplay=1&autohide=1,Հարցազրույց Հայկակ Արշամյանի հետ,21:35,"01 Մար, 2023",BIDMDoypCTI,10922,92,0,N/A
512,https://www.1tv.am/hy/video/Հարցազրույց-Վահան-Քերոբյանի-հետ/209330,https://www.youtube.com/embed/b7MQ3ce6Hgw?autoplay=1&autohide=1,Հարցազրույց Վահան Քերոբյանի հետ,21:15,"28 Փտր, 2023",b7MQ3ce6Hgw,16849,245,0,N/A
513,https://www.1tv.am/hy/video/Հարցազրույց-Սամվել-Բաբայանի-հետ/209304,https://www.youtube.com/embed/I48lpHIWEL0?autoplay=1&autohide=1,Հարցազրույց Սամվել Բաբայանի հետ,21:45,"27 Փտր, 2023",I48lpHIWEL0,130582,2273,0,N/A
514,https://www.1tv.am/hy/video/Հարցազրույց-Եղիշե-Կիրակոսյանի-հետ/209270,https://www.youtube.com/embed/iO4hDQHgSgk?autoplay=1&autohide=1,Հարցազրույց Եղիշե Կիրակոսյանի հետ,20:30,"24 Փտր, 2023",iO4hDQHgSgk,40580,900,0,N/A
515,https://www.1tv.am/hy/video/Հարցազրույց-Հայկ-Ալոյանի-հետ/209187,https://www.youtube.com/embed/i1hXb6RUWUM?autoplay=1&autohide=1,Հարցազրույց Հայկ Ալոյանի հետ,21:15,"22 Փտր, 2023",i1hXb6RUWUM,17320,251,0,N/A
516,https://www.1tv.am/hy/video/Հարցազրույց-Հայկ-Կոնջորյանի-հետ/209180,https://www.youtube.com/embed/Lzq-NHRAEtA?autoplay=1&autohide=1,Հարցազրույց Հայկ Կոնջորյանի հետ,21:15,"21 Փտր, 2023",Lzq-NHRAEtA,28756,577,0,N/A
517,https://www.1tv.am/hy/video/Հարցազրույց-Սոսի-Թաթիկյանի-հետ/209143,https://www.youtube.com/embed/td0-fdPLAHY?autoplay=1&autohide=1,Հարցազրույց Սոսի Թաթիկյանի հետ,21:15,"20 Փտր, 2023",td0-fdPLAHY,18237,285,0,N/A
518,https://www.1tv.am/hy/video/Հարցազրույց-Սասուն-Միքայելյանի-հետ/209090,https://www.youtube.com/embed/sn9I2ayrvpw?autoplay=1&autohide=1,Հարցազրույց Սասուն Միքայելյանի հետ,21:40,"17 Փտր, 2023",sn9I2ayrvpw,136683,1664,0,N/A
519,https://www.1tv.am/hy/video/Հարցազրույց-Հայկուհի-Հարությունյանի-հետ/209044,https://www.youtube.com/embed/mt_UVRmdX-M?autoplay=1&autohide=1,Հարցազրույց Հայկուհի Հարությունյանի հետ,21:30,"16 Փտր, 2023",mt_UVRmdX-M,12524,102,0,N/A
520,https://www.1tv.am/hy/video/Հարցազրույց-Ռուբեն-Սաֆրաստյանի-հետ/209019,https://www.youtube.com/embed/j18MOfxfKRc?autoplay=1&autohide=1,Հարցազրույց Ռուբեն Սաֆրաստյանի հետ,21:30,"15 Փտր, 2023",j18MOfxfKRc,26860,362,0,N/A
521,https://www.1tv.am/hy/video/Հարցազրույց-Արման-Բաբաջանյանի-հետ/208992,https://www.youtube.com/embed/XAOd3iTNPgw?autoplay=1&autohide=1,Հարցազրույց Արման Բաբաջանյանի հետ,21:30,"14 Փտր, 2023",XAOd3iTNPgw,42983,800,0,N/A
522,https://www.1tv.am/hy/video/Հարցազրույց-Արմինե-Մարգարյանի-հետ/208979,https://www.youtube.com/embed/ZdUEDeIdiGo?autoplay=1&autohide=1,Հարցազրույց Արմինե Մարգարյանի հետ,21:40,"13 Փտր, 2023",ZdUEDeIdiGo,24049,481,0,N/A
523,https://www.1tv.am/hy/video/Հարցազրույց-Հակոբ-Բադալյանի-հետ/208930,https://www.youtube.com/embed/WC8IfntE9Us?autoplay=1&autohide=1,Հարցազրույց Հակոբ Բադալյանի հետ,21:50,"10 Փտր, 2023",WC8IfntE9Us,30972,432,0,N/A
524,https://www.1tv.am/hy/video/Հարցազրույց-Սարգիս-Խանդանյանի-հետ/208848,https://www.youtube.com/embed/7fFRHEihcqw?autoplay=1&autohide=1,Հարցազրույց Սարգիս Խանդանյանի հետ,21:15,"09 Փտր, 2023",7fFRHEihcqw,21234,271,0,N/A
525,https://www.1tv.am/hy/video/Հարցազրույց-Գեղամ-Գևորգյանի-հետ/208836,https://www.youtube.com/embed/waSQet48nhw?autoplay=1&autohide=1,Հարցազրույց Գեղամ Գևորգյանի հետ,21:45,"08 Փտր, 2023",waSQet48nhw,14703,128,0,N/A
526,https://www.1tv.am/hy/video/Հարցազրույց-Վահագն-Ալեքսանյանի-հետ/208815,https://www.youtube.com/embed/p5LLUdkURcg?autoplay=1&autohide=1,Հարցազրույց Վահագն Ալեքսանյանի հետ,21:35,"07 Փտր, 2023",p5LLUdkURcg,55625,852,0,N/A
527,https://www.1tv.am/hy/video/Հարցազրույց-Դմիտրի-Սուսլովի-հետ/208749,https://www.youtube.com/embed/VW4iHlPwkS4?autoplay=1&autohide=1,Հարցազրույց Դմիտրի Սուսլովի հետ,21:10,"06 Փտր, 2023",VW4iHlPwkS4,34173,273,0,N/A
528,https://www.1tv.am/hy/video/Հարցազրույց-Արման-Գրիգորյանի-հետ/208690,https://www.youtube.com/embed/5xKX8-VdHQY?autoplay=1&autohide=1,Հարցազրույց Արման Գրիգորյանի հետ,21:30,"03 Փտր, 2023",5xKX8-VdHQY,29847,265,0,N/A
529,https://www.1tv.am/hy/video/Հարցազրույց-Աննա-Գևորգյանի-հետ/208674,https://www.youtube.com/embed/6jFCq4pa6UA?autoplay=1&autohide=1,Հարցազրույց Աննա Գևորգյանի հետ,21:45,"02 Փտր, 2023",6jFCq4pa6UA,28471,274,0,N/A
530,https://www.1tv.am/hy/video/Հարցազրույց-Քրիստինե-Վարդանյանի-հետ/208669,https://www.youtube.com/embed/crPtmLrPKuc?autoplay=1&autohide=1,Հարցազրույց Քրիստինե Վարդանյանի հետ,21:35,"01 Փտր, 2023",crPtmLrPKuc,41750,258,0,N/A
531,https://www.1tv.am/hy/video/Հարցազրույց-Արամ-Սարգսյանի-հետ/208661,https://www.youtube.com/embed/iIXKUllV4UY?autoplay=1&autohide=1,Հարցազրույց Արամ Սարգսյանի հետ,21:00,"31 Հնվ, 2023",iIXKUllV4UY,128111,1801,0,N/A
532,https://www.1tv.am/hy/video/Հարցազրույց-Թաթուլ-Հակոբյանի-հետ/208646,https://www.youtube.com/embed/Jz7S2GBSa1w?autoplay=1&autohide=1,Հարցազրույց Թաթուլ Հակոբյանի հետ,21:30,"30 Հնվ, 2023",Jz7S2GBSa1w,47204,583,0,N/A
533,https://www.1tv.am/hy/video/Հարցազրույց-Ռուբեն-Ռուբինյանի-հետ/208611,https://www.youtube.com/embed/-55QxouOfzU?autoplay=1&autohide=1,Հարցազրույց Ռուբեն Ռուբինյանի հետ,21:15,"27 Հնվ, 2023",-55QxouOfzU,48387,1045,0,N/A
534,https://www.1tv.am/hy/video/Հարցազրույց-Հայկ-Չոբանյանի-հետ/208548,https://www.youtube.com/embed/aYoQ8R1Q19E?autoplay=1&autohide=1,Հարցազրույց Հայկ Չոբանյանի հետ,21:30,"26 Հնվ, 2023",aYoQ8R1Q19E,18971,198,0,N/A
535,https://www.1tv.am/hy/video/Հարցազրույց-Վիգեն-Չետերյանի-հետ/208541,https://www.youtube.com/embed/msig9CSk_1k?autoplay=1&autohide=1,Հարցազրույց Վիգեն Չետերյանի հետ,21:30,"25 Հնվ, 2023",msig9CSk_1k,19708,251,0,N/A
536,https://www.1tv.am/hy/video/Հարցազրույց-Տիգրան-Հակոբյանի-հետ/208452,https://www.youtube.com/embed/lNdwbHxqaw4?autoplay=1&autohide=1,Հարցազրույց Տիգրան Հակոբյանի հետ,21:30,"24 Հնվ, 2023",lNdwbHxqaw4,20881,232,0,N/A
537,https://www.1tv.am/hy/video/Հարցազրույց-Անդրանիկ-Քոչարյանի-հետ/208418,https://www.youtube.com/embed/QB7sHdrlj0A?autoplay=1&autohide=1,Հարցազրույց Անդրանիկ Քոչարյանի հետ,21:45,"23 Հնվ, 2023",QB7sHdrlj0A,58313,694,0,N/A
538,https://www.1tv.am/hy/video/Հարցազրույց-Գրիգոր-Էլիզբարյանի-հետ/208327,https://www.youtube.com/embed/IR1i2o-mfK4?autoplay=1&autohide=1,Հարցազրույց Գրիգոր Էլիզբարյանի հետ,21:40,"19 Հնվ, 2023",IR1i2o-mfK4,20695,153,0,N/A
539,https://www.1tv.am/hy/video/Հարցազրույց-Էդմոն-Մարուքյանի-հետ/208324,https://www.youtube.com/embed/6hh4xMO7h0w?autoplay=1&autohide=1,Հարցազրույց Էդմոն Մարուքյանի հետ,21:35,"19 Հնվ, 2023",6hh4xMO7h0w,43726,621,0,N/A
540,https://www.1tv.am/hy/video/Հարցազրույց-Գայանե-Աբրահամյանի-հետ/208315,https://www.youtube.com/embed/ivOTOIPeHYA?autoplay=1&autohide=1,Հարցազրույց Գայանե Աբրահամյանի հետ,21:30,"18 Հնվ, 2023",ivOTOIPeHYA,15768,259,0,N/A
541,https://www.1tv.am/hy/video/Հարցազրույց-Հրանուշ-Խառատյանի-հետ/208309,https://www.youtube.com/embed/eXYpUgY9zAA?autoplay=1&autohide=1,Հարցազրույց Հրանուշ Խառատյանի հետ,21:30,"17 Հնվ, 2023",eXYpUgY9zAA,18833,261,0,N/A
542,https://www.1tv.am/hy/video/Հարցազրույց-Խոսրով-Հարությունյանի-հետ/208285,https://www.youtube.com/embed/L1B5I9CS_QM?autoplay=1&autohide=1,Հարցազրույց Խոսրով Հարությունյանի հետ,21:30,"16 Հնվ, 2023",L1B5I9CS_QM,30518,213,0,N/A
543,https://www.1tv.am/hy/video/Հարցազրույց-Արփինե-Սարգսյանի-հետ/208208,https://www.youtube.com/embed/uuFg_ddgRok?autoplay=1&autohide=1,Հարցազրույց Արփինե Սարգսյանի հետ,21:30,"13 Հնվ, 2023",uuFg_ddgRok,25272,263,0,N/A
544,https://www.1tv.am/hy/video/Հարցազրույց-Գեղամ-Նազարյանի-հետ/208171,https://www.youtube.com/embed/ujshRnNQTjg?autoplay=1&autohide=1,Հարցազրույց Գեղամ Նազարյանի հետ,21:30,"12 Հնվ, 2023",ujshRnNQTjg,39249,178,0,N/A
545,https://www.1tv.am/hy/video/Հարցազրույց-Արման-Եղոյանի-հետ/208161,https://www.youtube.com/embed/rJ376sP9Y8A?autoplay=1&autohide=1,Հարցազրույց Արման Եղոյանի հետ,21:30,"11 Հնվ, 2023",rJ376sP9Y8A,21763,316,0,N/A
546,https://www.1tv.am/hy/video/Հարցազրույց-Ստեփան-Գրիգորյանի-հետ/208124,https://www.youtube.com/embed/xrsJxInjihQ?autoplay=1&autohide=1,Հարցազրույց Ստեփան Գրիգորյանի հետ,21:15,"10 Հնվ, 2023",xrsJxInjihQ,36868,735,0,N/A
547,https://www.1tv.am/hy/video/Հարցազրույց-Վահան-Քերոբյանի-և-Վարդան-Արամյանի-հետ/208033,https://www.youtube.com/embed/7D-zXsOKvSw?autoplay=1&autohide=1,Հարցազրույց Վահան Քերոբյանի և Վարդան Արամյանի հետ,21:30,"09 Հնվ, 2023",7D-zXsOKvSw,20714,215,0,N/A
548,https://www.1tv.am/hy/video/Հարցազրույց-Ռուստամ-Բադասյանի-հետ/207823,https://www.youtube.com/embed/iJvguGH1kXA?autoplay=1&autohide=1,Հարցազրույց Ռուստամ Բադասյանի հետ,22:05,"29 Դեկ, 2022",iJvguGH1kXA,11711,112,0,N/A
549,https://www.1tv.am/hy/video/Հարցազրույց-Արմեն-Գրիգորյանի-հետ/207705,https://www.youtube.com/embed/CKaKKKXDnFI?autoplay=1&autohide=1,Հարցազրույց Արմեն Գրիգորյանի հետ,21:30,"26 Դեկ, 2022",CKaKKKXDnFI,58825,838,0,N/A
550,https://www.1tv.am/hy/video/Հարցազրույց-Հայկ-Մամիջանյանի-հետ/207639,https://www.youtube.com/embed/ydJ3fpbKyis?autoplay=1&autohide=1,Հարցազրույց Հայկ Մամիջանյանի հետ,20:30,"25 Դեկ, 2022",ydJ3fpbKyis,24827,105,0,N/A
551,https://www.1tv.am/hy/video/Հարցազրույց-Եղիշե-Կիրակոսյանի-հետ/207557,https://www.youtube.com/embed/hv8xKOuV1rU?autoplay=1&autohide=1,Հարցազրույց Եղիշե Կիրակոսյանի հետ,21:45,"22 Դեկ, 2022",hv8xKOuV1rU,13135,127,0,N/A
552,https://www.1tv.am/hy/video/Հարցազրույց-Ներսես-Կոպալյանի-հետ/207520,https://www.youtube.com/embed/CMRqPU9z9lo?autoplay=1&autohide=1,Հարցազրույց Ներսես Կոպալյանի հետ,21:40,"21 Դեկ, 2022",CMRqPU9z9lo,20317,283,0,N/A
553,https://www.1tv.am/hy/video/Հարցազրույց-Արտակ-Բեգլարյանի-հետ/207443,https://www.youtube.com/embed/0o4EvvE-idg?autoplay=1&autohide=1,Հարցազրույց Արտակ Բեգլարյանի հետ,21:30,"20 Դեկ, 2022",0o4EvvE-idg,19895,260,0,N/A
554,https://www.1tv.am/hy/video/Հարցազրույց-Հայկ-Կոնջորյանի-հետ/207296,https://www.youtube.com/embed/iMzBtwIPO7c?autoplay=1&autohide=1,Հարցազրույց Հայկ Կոնջորյանի հետ,21:35,"19 Դեկ, 2022",iMzBtwIPO7c,27361,381,0,N/A
555,https://www.1tv.am/hy/video/Հարցազրույց-Էդմոն-Մարուքյանի-հետ/207233,https://www.youtube.com/embed/ebF9m7osf3o?autoplay=1&autohide=1,Հարցազրույց Էդմոն Մարուքյանի հետ,21:15,"16 Դեկ, 2022",ebF9m7osf3o,63562,671,0,N/A
556,https://www.1tv.am/hy/video/Հարցազրույց-Արամ-Սարգսյանի-հետ/207165,https://www.youtube.com/embed/VhsOkY0gEVc?autoplay=1&autohide=1,Հարցազրույց Արամ Սարգսյանի հետ,21:10,"15 Դեկ, 2022",VhsOkY0gEVc,89851,1240,0,N/A
557,https://www.1tv.am/hy/video/Հարցազրույց-Զոհրաբ-Մնացականյանի-հետ/207096,https://www.youtube.com/embed/BvZQILICEY0?autoplay=1&autohide=1,Հարցազրույց Զոհրաբ Մնացականյանի հետ,21:30,"14 Դեկ, 2022",BvZQILICEY0,36045,234,0,N/A
558,https://www.1tv.am/hy/video/Հարցազրույց-Թաթուլ-Հակոբյանի-հետ/207049,https://www.youtube.com/embed/jK4GmRoYOx8?autoplay=1&autohide=1,Հարցազրույց Թաթուլ Հակոբյանի հետ,21:15,"13 Դեկ, 2022",jK4GmRoYOx8,39522,477,0,N/A
559,https://www.1tv.am/hy/video/Հարցազրույց-Գեղամ-Ստեփանյանի-հետ/207035,https://www.youtube.com/embed/N2lmH6HFS9Q?autoplay=1&autohide=1,Հարցազրույց Գեղամ Ստեփանյանի հետ,21:15,"12 Դեկ, 2022",N2lmH6HFS9Q,20276,147,0,N/A
560,https://www.1tv.am/hy/video/Հարցազրույց-Արթուր-Հովհաննիսյանի-հետ/206967,https://www.youtube.com/embed/nBHZA7pLdUk?autoplay=1&autohide=1,Հարցազրույց Արթուր Հովհաննիսյանի հետ,21:20,"09 Դեկ, 2022",nBHZA7pLdUk,21838,225,0,N/A
561,https://www.1tv.am/hy/video/Հարցազրույց-Սուրեն-Պապիկյանի-հետ/206687,https://www.youtube.com/embed/MQC2Y5rVCSw?autoplay=1&autohide=1,Հարցազրույց Սուրեն Պապիկյանի հետ,21:15,"07 Դեկ, 2022",MQC2Y5rVCSw,50079,761,0,N/A
562,https://www.1tv.am/hy/video/Հարցազրույց-Արծվիկ-Մինասյանի-հետ/206536,https://www.youtube.com/embed/_Mc5AGuIB3Q?autoplay=1&autohide=1,Հարցազրույց Արծվիկ Մինասյանի հետ,21:15,"02 Դեկ, 2022",_Mc5AGuIB3Q,33169,182,0,N/A
563,https://www.1tv.am/hy/video/Հարցազրույց-Արփինե-Դավոյանի-հետ/206500,https://www.youtube.com/embed/nQgmw21ZM8I?autoplay=1&autohide=1,Հարցազրույց Արփինե Դավոյանի հետ,21:50,"01 Դեկ, 2022",nQgmw21ZM8I,17821,247,0,N/A
564,https://www.1tv.am/hy/video/Հարցազրույց-Հովհաննես-Մովսիսյանի-հետ/206426,https://www.youtube.com/embed/VnssdqX67cM?autoplay=1&autohide=1,Հարցազրույց Հովհաննես Մովսիսյանի հետ,21:45,"30 Նմբ, 2022",VnssdqX67cM,7927,83,0,N/A
565,https://www.1tv.am/hy/video/Հարցազրույց-Հայկ-Ոսկանյանի-հետ/206366,https://www.youtube.com/embed/JIOrnn9LtyE?autoplay=1&autohide=1,Հարցազրույց Հայկ Ոսկանյանի հետ,21:30,"28 Նմբ, 2022",JIOrnn9LtyE,8048,66,0,N/A
566,https://www.1tv.am/hy/video/Հարցազրույց-Էդմոն-Մարուքյանի-հետ/206308,https://www.youtube.com/embed/eOgc0rgjW4s?autoplay=1&autohide=1,Հարցազրույց Էդմոն Մարուքյանի հետ,21:45,"25 Նմբ, 2022",eOgc0rgjW4s,63821,842,0,N/A
567,https://www.1tv.am/hy/video/Հարցազրույց-Անահիտ-Ավանեսյանի-հետ/206265,https://www.youtube.com/embed/sxtj5K3CI0A?autoplay=1&autohide=1,Հարցազրույց Անահիտ Ավանեսյանի հետ,21:15,"23 Նմբ, 2022",sxtj5K3CI0A,5020,64,0,N/A
568,https://www.1tv.am/hy/video/Հարցազրույց-Խորեն-Հովհաննիսյանի-հետ/206261,https://www.youtube.com/embed/2P88vYS9uwY?autoplay=1&autohide=1,Հարցազրույց Խորեն Հովհաննիսյանի հետ,21:15,"22 Նմբ, 2022",2P88vYS9uwY,21082,183,0,N/A
569,https://www.1tv.am/hy/video/Հարցազրույց-Արման-Պողոսյանի-հետ/206222,https://www.youtube.com/embed/-LgBgHGsouc?autoplay=1&autohide=1,Հարցազրույց Արման Պողոսյանի հետ,21:35,"21 Նմբ, 2022",-LgBgHGsouc,12644,86,0,N/A
570,https://www.1tv.am/hy/video/Հարցազրույց-Ստեփան-Գրիգորյանի-հետ/206177,https://www.youtube.com/embed/SgbWJ__Vgns?autoplay=1&autohide=1,Հարցազրույց Ստեփան Գրիգորյանի հետ,12:40,"18 Նմբ, 2022",SgbWJ__Vgns,55678,884,0,N/A
571,https://www.1tv.am/hy/video/Հարցազրույց-Արմեն-Խաչատրյանի-հետ/206019,https://www.youtube.com/embed/W8nSkGwKmFc?autoplay=1&autohide=1,Հարցազրույց Արմեն Խաչատրյանի հետ,21:15,"17 Նմբ, 2022",W8nSkGwKmFc,23897,348,0,N/A
572,https://www.1tv.am/hy/video/Հարցազրույց-Տիգրան-Խաչատրյանի-հետ/205955,https://www.youtube.com/embed/DyW1lujSv9s?autoplay=1&autohide=1,Հարցազրույց Տիգրան Խաչատրյանի հետ,21:15,"16 Նմբ, 2022",DyW1lujSv9s,11627,116,0,N/A
573,https://www.1tv.am/hy/video/Հարցազրույց-Գեղամ-Նազարյանի-հետ/205916,https://www.youtube.com/embed/rDkFA9Hd4RQ?autoplay=1&autohide=1,Հարցազրույց Գեղամ Նազարյանի հետ,21:20,"15 Նմբ, 2022",rDkFA9Hd4RQ,25687,128,0,N/A
574,https://www.1tv.am/hy/video/Հարցազրույց-Տարոն-Չախոյանի-հետ/205887,https://www.youtube.com/embed/99tNW4zfhoY?autoplay=1&autohide=1,Հարցազրույց Տարոն Չախոյանի հետ,21:15,"14 Նմբ, 2022",99tNW4zfhoY,30269,485,0,N/A
575,https://www.1tv.am/hy/video/Հարցազրույց-Արմեն-Մելիքբեկյանի-հետ/205726,https://www.youtube.com/embed/fqAPQSYkYNU?autoplay=1&autohide=1,Հարցազրույց Արմեն Մելիքբեկյանի հետ,21:50,"10 Նմբ, 2022",fqAPQSYkYNU,20178,141,0,N/A
576,https://www.1tv.am/hy/video/Հարցազրույց-Արծվիկ-Մինասյանի-հետ/205626,https://www.youtube.com/embed/-LyDtAkAr8g?autoplay=1&autohide=1,Հարցազրույց Արծվիկ Մինասյանի հետ,21:15,"09 Նմբ, 2022",-LyDtAkAr8g,45029,350,0,N/A
577,https://www.1tv.am/hy/video/Հարցազրույց-Միքայել-արքեպիսկոպոս-Աջապահյանի-հետ/205564,https://www.youtube.com/embed/CucX8fDa_yc?autoplay=1&autohide=1,Հարցազրույց Միքայել արքեպիսկոպոս Աջապահյանի հետ,21:15,"07 Նմբ, 2022",CucX8fDa_yc,139898,975,0,N/A
578,https://www.1tv.am/hy/video/Հարցազրույց-Արման-Բաբաջանյանի-հետ/205476,https://www.youtube.com/embed/VLbg7wXeIJY?autoplay=1&autohide=1,Հարցազրույց Արման Բաբաջանյանի հետ,21:10,"04 Նմբ, 2022",VLbg7wXeIJY,49871,753,0,N/A
579,https://www.1tv.am/hy/video/Հարցազրույց-Գնել-Սանոսյանի-հետ/205454,https://www.youtube.com/embed/CMLZgJpCSEI?autoplay=1&autohide=1,Հարցազրույց Գնել Սանոսյանի հետ,21:15,"03 Նմբ, 2022",CMLZgJpCSEI,24496,337,0,N/A
580,https://www.1tv.am/hy/video/Հարցազրույց-Ֆյոդոր-Վոյտոլովսկիի-հետ/205343,https://www.youtube.com/embed/Gvw1S1sQzOc?autoplay=1&autohide=1,Հարցազրույց Ֆյոդոր Վոյտոլովսկիի հետ,21:50,"02 Նմբ, 2022",Gvw1S1sQzOc,25363,237,0,N/A
581,https://www.1tv.am/hy/video/Հարցազրույց-Հայկ-Կոնջորյանի-հետ/205307,https://www.youtube.com/embed/dHOheJhJBQ8?autoplay=1&autohide=1,Հարցազրույց Հայկ Կոնջորյանի հետ,21:15,"01 Նմբ, 2022",dHOheJhJBQ8,31910,512,0,N/A
582,https://www.1tv.am/hy/video/Հարցազրույց-Էդմոն-Մարուքյանի-հետ/205179,https://www.youtube.com/embed/0xvQeSa5Su0?autoplay=1&autohide=1,Հարցազրույց Էդմոն Մարուքյանի հետ,21:30,"28 Հոկ, 2022",0xvQeSa5Su0,80920,1163,0,N/A
583,https://www.1tv.am/hy/video/Հարցազրույց-Արամ-Սարգսյանի-հետ/205093,https://www.youtube.com/embed/A5jBC5CK4lQ?autoplay=1&autohide=1,Հարցազրույց Արամ Սարգսյանի հետ,20:15,"27 Հոկ, 2022",A5jBC5CK4lQ,82186,1237,0,N/A
584,https://www.1tv.am/hy/video/Հարցազրույց-Տիգրան-Հակոբյանի-հետ/204931,https://www.youtube.com/embed/JDkAacWqLY8?autoplay=1&autohide=1,Հարցազրույց Տիգրան Հակոբյանի հետ,21:10,"26 Հոկ, 2022",JDkAacWqLY8,10991,110,0,N/A
585,https://www.1tv.am/hy/video/Հարցազրույց-Զարեհ-Սինանյանի-հետ/204892,https://www.youtube.com/embed/AUzCKkDW0R4?autoplay=1&autohide=1,Հարցազրույց Զարեհ Սինանյանի հետ,21:10,"25 Հոկ, 2022",AUzCKkDW0R4,19009,283,0,N/A
586,https://www.1tv.am/hy/video/Հարցազրույց-Մխիթար-Հայրապետյանի-հետ/204898,https://www.youtube.com/embed/R__9dIHjIno?autoplay=1&autohide=1,Հարցազրույց Մխիթար Հայրապետյանի հետ,21:10,"24 Հոկ, 2022",R__9dIHjIno,23789,364,0,N/A
587,https://www.1tv.am/hy/video/Հարցազրույց-Արմեն-Խարազյանի-հետ/204773,https://www.youtube.com/embed/ah2HvLMGeow?autoplay=1&autohide=1,Հարցազրույց Արմեն Խարազյանի հետ,21:50,"21 Հոկ, 2022",ah2HvLMGeow,32868,434,0,N/A
588,https://www.1tv.am/hy/video/Հարցազրույց-Արծրուն-Հովհաննիսյանի-հետ/204700,https://www.youtube.com/embed/9b5T2pMSTKs?autoplay=1&autohide=1,Հարցազրույց Արծրուն Հովհաննիսյանի հետ,21:45,"20 Հոկ, 2022",9b5T2pMSTKs,80291,1198,0,N/A
589,https://www.1tv.am/hy/video/Հարցազրույց-Էդուարդ-Աղաջանյանի-հետ/204562,https://www.youtube.com/embed/bYHQKUC9WGE?autoplay=1&autohide=1,Հարցազրույց Էդուարդ Աղաջանյանի հետ,21:15,"19 Հոկ, 2022",bYHQKUC9WGE,23829,302,0,N/A
590,https://www.1tv.am/hy/video/Հարցազրույց-Արթուր-Ղազինյանի-հետ/204518,https://www.youtube.com/embed/QVnOB-YcLd8?autoplay=1&autohide=1,Հարցազրույց Արթուր Ղազինյանի հետ,21:15,"18 Հոկ, 2022",QVnOB-YcLd8,34860,205,0,N/A
591,https://www.1tv.am/hy/video/Հարցազրույց-Ֆրենկ-Փալոունի-հետ/204476,https://www.youtube.com/embed/ZWq955at1kE?autoplay=1&autohide=1,Հարցազրույց Ֆրենկ Փալոունի հետ,21:20,"17 Հոկ, 2022",ZWq955at1kE,115436,2226,0,N/A
592,https://www.1tv.am/hy/video/Հարցազրույց-Տիգրան-Ավինյանի-հետ/204379,https://www.youtube.com/embed/hodr9MSdEfM?autoplay=1&autohide=1,Հարցազրույց Տիգրան Ավինյանի հետ,20:15,"15 Հոկ, 2022",hodr9MSdEfM,20446,266,0,N/A
593,https://www.1tv.am/hy/video/Հարցազրույց-Դավիթ-Խիթարյանի-հետ/204373,https://www.youtube.com/embed/1_PNbdxBq88?autoplay=1&autohide=1,Հարցազրույց Դավիթ Խիթարյանի հետ,20:15,"14 Հոկ, 2022",1_PNbdxBq88,12440,64,0,N/A
594,https://www.1tv.am/hy/video/Հարցազրույց-Արմեն-Գրիգորյանի-հետ/204137,https://www.youtube.com/embed/H5UINBb8iAA?autoplay=1&autohide=1,Հարցազրույց Արմեն Գրիգորյանի հետ,21:55,"12 Հոկ, 2022",H5UINBb8iAA,45615,688,0,N/A
595,https://www.1tv.am/hy/video/Հարցազրույց-Վահան-Քերոբյանի-հետ/204091,https://www.youtube.com/embed/BbnM0B2YTmg?autoplay=1&autohide=1,Հարցազրույց Վահան Քերոբյանի հետ,21:50,"11 Հոկ, 2022",BbnM0B2YTmg,10167,139,0,N/A
596,https://www.1tv.am/hy/video/Հարցազրույց-Ռուստամ-Բադասյանի-հետ/204037,https://www.youtube.com/embed/azlWzDh5-dc?autoplay=1&autohide=1,Հարցազրույց Ռուստամ Բադասյանի հետ,21:35,"10 Հոկ, 2022",azlWzDh5-dc,13828,150,0,N/A
597,https://www.1tv.am/hy/video/Հարցազրույց-Հայկ-Կոնջորյանի-հետ/203934,https://www.youtube.com/embed/rcGx0c_ZOuo?autoplay=1&autohide=1,Հարցազրույց Հայկ Կոնջորյանի հետ,21:15,"07 Հոկ, 2022",rcGx0c_ZOuo,49087,677,0,N/A
598,https://www.1tv.am/hy/video/Հարցազրույց-Արթուր-Խաչատրյանի-հետ/203865,https://www.youtube.com/embed/f2v26aBiVlQ?autoplay=1&autohide=1,Հարցազրույց Արթուր Խաչատրյանի հետ,21:30,"06 Հոկ, 2022",f2v26aBiVlQ,39525,231,0,N/A
599,https://www.1tv.am/hy/video/Հարցազրույց-Դավիթ-Սանասարյանի-հետ/203824,https://www.youtube.com/embed/cboMIP0rhXU?autoplay=1&autohide=1,Հարցազրույց Դավիթ Սանասարյանի հետ,21:15,"05 Հոկ, 2022",cboMIP0rhXU,49584,876,0,N/A
600,https://www.1tv.am/hy/video/Հարցազրույց-Լևոն-Շիրինյանի-հետ/203772,https://www.youtube.com/embed/AkB_RCr5BP4?autoplay=1&autohide=1,Հարցազրույց Լևոն Շիրինյանի հետ,21:30,"04 Հոկ, 2022",AkB_RCr5BP4,81404,1397,0,N/A
601,https://www.1tv.am/hy/video/Հարցազրույց-Արման-Եղոյանի-հետ/203670,https://www.youtube.com/embed/fOVLg5YULiU?autoplay=1&autohide=1,Հարցազրույց Արման Եղոյանի հետ,21:10,"03 Հոկ, 2022",fOVLg5YULiU,29601,399,0,N/A
602,https://www.1tv.am/hy/video/Հարցազրույց-Ֆան-Յոնգի-հետ/203551,https://www.youtube.com/embed/1zpaPitrUK4?autoplay=1&autohide=1,Հարցազրույց Ֆան Յոնգի հետ,21:30,"30 Սեպ, 2022",1zpaPitrUK4,19745,190,0,N/A
603,https://www.1tv.am/hy/video/Հարցազրույց-Համբիկ-Սարաֆյանի-հետ/203474,https://www.youtube.com/embed/lW2P56s-89M?autoplay=1&autohide=1,Հարցազրույց Համբիկ Սարաֆյանի հետ,21:35,"29 Սեպ, 2022",lW2P56s-89M,32033,466,0,N/A
604,https://www.1tv.am/hy/video/Հարցազրույց-Խոսրով-Հարությունյանի-հետ/203388,https://www.youtube.com/embed/BPKzbNjvvp0?autoplay=1&autohide=1,Հարցազրույց Խոսրով Հարությունյանի հետ,21:45,"28 Սեպ, 2022",BPKzbNjvvp0,29541,190,0,N/A
605,https://www.1tv.am/hy/video/Հարցազրույց-Հովսեփ-Խուրշուդյանի-հետ/203350,https://www.youtube.com/embed/Qkbyjc-rcH0?autoplay=1&autohide=1,Հարցազրույց Հովսեփ Խուրշուդյանի հետ,21:20,"27 Սեպ, 2022",Qkbyjc-rcH0,74267,1491,0,N/A
606,https://www.1tv.am/hy/video/Հարցազրույց-Լևոն-Տեր-Պետրոսյանի-հետ/203241,https://www.youtube.com/embed/kTeWytVBdVI?autoplay=1&autohide=1,Հարցազրույց Լևոն Տեր-Պետրոսյանի հետ,21:10,"26 Սեպ, 2022",kTeWytVBdVI,202712,1944,0,N/A
607,https://www.1tv.am/hy/video/Հարցազրույց-Դմիտրի-Վոլվաչի-հետ/203055,https://www.youtube.com/embed/Dpv8tBlXnTA?autoplay=1&autohide=1,Հարցազրույց Դմիտրի Վոլվաչի հետ,21:15,"22 Սեպ, 2022",Dpv8tBlXnTA,18209,106,0,N/A
608,https://www.1tv.am/hy/video/Հարցազրույց-Արթուր-Հովհաննիսյանի-հետ/202968,https://www.youtube.com/embed/FbixpM1p6Ys?autoplay=1&autohide=1,Հարցազրույց Արթուր Հովհաննիսյանի հետ,21:45,"21 Սեպ, 2022",FbixpM1p6Ys,45396,536,0,N/A
609,https://www.1tv.am/hy/video/Հարցազրույց-Ռուբեն-Ռուբինյանի-հետ/202791,https://www.youtube.com/embed/RF5FMkcVW1c?autoplay=1&autohide=1,Հարցազրույց Ռուբեն Ռուբինյանի հետ,21:20,"19 Սեպ, 2022",RF5FMkcVW1c,59565,917,0,N/A
610,https://www.1tv.am/hy/video/Հարցազրույց-Էդուարդ-Աղաջանյանի-հետ/202795,https://www.youtube.com/embed/vazSpwziDg4?autoplay=1&autohide=1,Հարցազրույց Էդուարդ Աղաջանյանի հետ,20:20,"19 Սեպ, 2022",vazSpwziDg4,26139,273,0,N/A
611,https://www.1tv.am/hy/video/Հարցազրույց-Կարին-Տոնոյանի-հետ/202699,https://www.youtube.com/embed/pFgBw9PTEfQ?autoplay=1&autohide=1,Հարցազրույց Կարին Տոնոյանի հետ,20:40,"17 Սեպ, 2022",pFgBw9PTEfQ,49807,325,0,N/A
612,https://www.1tv.am/hy/video/Հարցազրույց-Ալեն-Սիմոնյանի-հետ/202692,https://www.youtube.com/embed/VD38TZla1Zk?autoplay=1&autohide=1,Հարցազրույց Ալեն Սիմոնյանի հետ,21:40,"16 Սեպ, 2022",VD38TZla1Zk,128977,2049,0,N/A
613,https://www.1tv.am/hy/video/Հարցազրույց-Վահան-Քերոբյանի-հետ/202681,https://www.youtube.com/embed/Tp7vQJEE2KM?autoplay=1&autohide=1,Հարցազրույց Վահան Քերոբյանի հետ,20:40,"16 Սեպ, 2022",Tp7vQJEE2KM,19264,203,0,N/A
614,https://www.1tv.am/hy/video/Հարցազրույց-Տիգրան-Հակոբյանի-հետ/202671,https://www.youtube.com/embed/-hwqCwEDGUw?autoplay=1&autohide=1,Հարցազրույց Տիգրան Հակոբյանի հետ,20:35,"16 Սեպ, 2022",-hwqCwEDGUw,31147,324,0,N/A
615,https://www.1tv.am/hy/video/Հարցազրույց-Արամ-Սարգսյանի-հետ/202665,https://www.youtube.com/embed/j7-GITChV2E?autoplay=1&autohide=1,Հարցազրույց Արամ Սարգսյանի հետ,21:40,"15 Սեպ, 2022",j7-GITChV2E,155162,2444,0,N/A
616,https://www.1tv.am/hy/video/Հարցազրույց-Գևորգ-Պապոյանի-հետ/202669,https://www.youtube.com/embed/faqXxD-VGjc?autoplay=1&autohide=1,Հարցազրույց Գևորգ Պապոյանի հետ,21:40,"15 Սեպ, 2022",faqXxD-VGjc,24795,351,0,N/A
617,https://www.1tv.am/hy/video/Հարցազրույց-Հայկ-Կոնջորյանի-հետ/202657,https://www.youtube.com/embed/3eW3KmzpS1Q?autoplay=1&autohide=1,Հարցազրույց Հայկ Կոնջորյանի հետ,21:40,"14 Սեպ, 2022",3eW3KmzpS1Q,29443,382,0,N/A
618,https://www.1tv.am/hy/video/Հարցազրույց-Անդրանիկ-Քոչարյանի-հետ/202655,https://www.youtube.com/embed/gAeqX7_XaYg?autoplay=1&autohide=1,Հարցազրույց Անդրանիկ Քոչարյանի հետ,21:40,"14 Սեպ, 2022",gAeqX7_XaYg,58014,751,0,N/A
619,https://www.1tv.am/hy/video/Հարցազրույց-Արմեն-Գրիգորյանի-հետ/202653,https://www.youtube.com/embed/vfz9xgc5Sbo?autoplay=1&autohide=1,Հարցազրույց Արմեն Գրիգորյանի հետ,21:35,"14 Սեպ, 2022",vfz9xgc5Sbo,10990,218,0,N/A
620,https://www.1tv.am/hy/video/Հարցազրույց-Վահագն-Ալեքսանյանի-հետ/202647,https://www.youtube.com/embed/4XFM0Ehlwko?autoplay=1&autohide=1,Հարցազրույց Վահագն Ալեքսանյանի հետ,21:30,"14 Սեպ, 2022",4XFM0Ehlwko,27026,632,0,N/A
621,https://www.1tv.am/hy/video/Հարցազրույց-Էդմոն-Մարուքյանի-հետ/202608,https://www.youtube.com/embed/woD9H1RDZcQ?autoplay=1&autohide=1,Հարցազրույց Էդմոն Մարուքյանի հետ,21:35,"13 Սեպ, 2022",woD9H1RDZcQ,66726,914,0,N/A
622,https://www.1tv.am/hy/video/Հարցազրույց-Պետրոս-Ղազարյանի-հետ/202589,https://www.youtube.com/embed/pxf1qOJReHw?autoplay=1&autohide=1,Հարցազրույց Պետրոս Ղազարյանի հետ,23:00,"12 Սեպ, 2022",pxf1qOJReHw,74366,426,0,N/A
623,https://www.1tv.am/hy/video/Հարցազրույց-Արայիկ-Հարությունյանի-հետ/202574,https://www.youtube.com/embed/yh_2SkO2-Zw?autoplay=1&autohide=1,Հարցազրույց Արայիկ Հարությունյանի հետ,21:55,"12 Սեպ, 2022",yh_2SkO2-Zw,13979,161,0,N/A
624,https://www.1tv.am/hy/video/Հարցազրույց-Ստյոպա-Սաֆարյանի-հետ/202454,https://www.youtube.com/embed/9hewoBoX-HQ?autoplay=1&autohide=1,Հարցազրույց Ստյոպա Սաֆարյանի հետ,21:30,"09 Սեպ, 2022",9hewoBoX-HQ,37337,538,0,N/A
625,https://www.1tv.am/hy/video/Հարցազրույց-Արսեն-Թորոսյանի-հետ/202448,https://www.youtube.com/embed/sQAZtDlr8ao?autoplay=1&autohide=1,Հարցազրույց Արսեն Թորոսյանի հետ,21:45,"08 Սեպ, 2022",sQAZtDlr8ao,14684,162,0,N/A
626,https://www.1tv.am/hy/video/Հարցազրույց-Գնել-Սանոսյանի-հետ/202370,https://www.youtube.com/embed/028j8D8CR9I?autoplay=1&autohide=1,Հարցազրույց Գնել Սանոսյանի հետ,21:15,"07 Սեպ, 2022",028j8D8CR9I,13486,181,0,N/A
627,https://www.1tv.am/hy/video/Հարցազրույց-Մեսրոպ-Առաքելյանի-հետ/202330,https://www.youtube.com/embed/bR5EfsjAQJw?autoplay=1&autohide=1,Հարցազրույց Մեսրոպ Առաքելյանի հետ,20:40,"06 Սեպ, 2022",bR5EfsjAQJw,14931,115,0,N/A
628,https://www.1tv.am/hy/video/Հարցազրույց-Ռուբեն-Բաբայանի-հետ/202321,https://www.youtube.com/embed/HYX9ksCur-o?autoplay=1&autohide=1,Հարցազրույց Ռուբեն Բաբայանի հետ,21:30,"05 Սեպ, 2022",HYX9ksCur-o,18415,213,0,N/A
629,https://www.1tv.am/hy/video/Հարցազրույց-Արման-Եղոյանի-հետ/202246,https://www.youtube.com/embed/B_IELJSXtpY?autoplay=1&autohide=1,Հարցազրույց Արման Եղոյանի հետ,21:45,"02 Սեպ, 2022",B_IELJSXtpY,19947,211,0,N/A
630,https://www.1tv.am/hy/video/Հարցազրույց-Էդմոն-Մարուքյանի-հետ/202214,https://www.youtube.com/embed/yIE8RMVFIDk?autoplay=1&autohide=1,Հարցազրույց Էդմոն Մարուքյանի հետ,21:30,"01 Սեպ, 2022",yIE8RMVFIDk,43853,528,0,N/A
631,https://www.1tv.am/hy/video/Հարցազրույց-Միլենա-Կռոյանի-և-Գեղամ-Հայրապետյանի-հետ/202204,https://www.youtube.com/embed/x_FbzNWpsps?autoplay=1&autohide=1,Հարցազրույց Միլենա Կռոյանի և Գեղամ Հայրապետյանի հետ,21:40,"31 Օգս, 2022",x_FbzNWpsps,12875,204,0,N/A
632,https://www.1tv.am/hy/video/Հարցազրույց-Վահան-Քերոբյանի-հետ/202176,https://www.youtube.com/embed/pvlcHxg4d1M?autoplay=1&autohide=1,Հարցազրույց Վահան Քերոբյանի հետ,21:45,"30 Օգս, 2022",pvlcHxg4d1M,20075,319,0,N/A
633,https://www.1tv.am/hy/video/Հարցազրույց-Սամվել-Բաբայանի-հետ/202138,https://www.youtube.com/embed/qgtN34Z9SYE?autoplay=1&autohide=1,Հարցազրույց Սամվել Բաբայանի հետ,21:45,"29 Օգս, 2022",qgtN34Z9SYE,104003,1634,0,N/A
634,https://www.1tv.am/hy/video/Հարցազրույց-Ալեքսանդր-Մարգարովի-հետ/202104,https://www.youtube.com/embed/1uMiZf-C9kQ?autoplay=1&autohide=1,Հարցազրույց Ալեքսանդր Մարգարովի հետ,20:45,"26 Օգս, 2022",1uMiZf-C9kQ,19137,146,0,N/A
635,https://www.1tv.am/hy/video/Հարցազրույց-Սուրեն-Սուրենյանցի-հետ/202057,https://www.youtube.com/embed/WxfVeOmtv68?autoplay=1&autohide=1,Հարցազրույց Սուրեն Սուրենյանցի հետ,21:30,"25 Օգս, 2022",WxfVeOmtv68,34794,471,0,N/A
636,https://www.1tv.am/hy/video/Հարցազրույց-Արծրուն-Հովհաննիսյանի-հետ/202029,https://www.youtube.com/embed/45cAJx0Su0I?autoplay=1&autohide=1,Հարցազրույց Արծրուն Հովհաննիսյանի հետ,21:40,"24 Օգս, 2022",45cAJx0Su0I,53959,601,0,N/A
637,https://www.1tv.am/hy/video/Հարցազրույց-Էդգար-Ղազարյանի-հետ/202033,https://www.youtube.com/embed/AWIVXCPuo0k?autoplay=1&autohide=1,Հարցազրույց Էդգար Ղազարյանի հետ,21:40,"24 Օգս, 2022",AWIVXCPuo0k,96434,769,0,N/A
638,https://www.1tv.am/hy/video/Հարցազրույց-Էդմոն-Մարուքյանի-հետ/201994,https://www.youtube.com/embed/RHAqvY2k0m0?autoplay=1&autohide=1,Հարցազրույց Էդմոն Մարուքյանի հետ,21:15,"23 Օգս, 2022",RHAqvY2k0m0,36316,510,0,N/A
639,https://www.1tv.am/hy/video/Հարցազրույց-Ռոմանոս-Պետրոսյանի-հետ/201963,https://www.youtube.com/embed/R42YlhI4Eu4?autoplay=1&autohide=1,Հարցազրույց Ռոմանոս Պետրոսյանի հետ,21:50,"22 Օգս, 2022",R42YlhI4Eu4,19277,273,0,N/A
640,https://www.1tv.am/hy/video/Հարցազրույց-Նորայր-Նորիկյանի-հետ/201932,https://www.youtube.com/embed/l0jyr6CVJcw?autoplay=1&autohide=1,Հարցազրույց Նորայր Նորիկյանի հետ,21:15,"19 Օգս, 2022",l0jyr6CVJcw,34335,450,0,N/A
641,https://www.1tv.am/hy/video/Հարցազրույց-Տիգրան-Ավինյանի-հետ/201930,https://www.youtube.com/embed/XuP9_LtLTj0?autoplay=1&autohide=1,Հարցազրույց Տիգրան Ավինյանի հետ,21:15,"18 Օգս, 2022",XuP9_LtLTj0,29095,342,0,N/A
642,https://www.1tv.am/hy/video/Հարցազրույց-Արմեն-Գասպարյանի-հետ/201918,https://www.youtube.com/embed/Wkl-bfe9jME?autoplay=1&autohide=1,Հարցազրույց Արմեն Գասպարյանի հետ,21:45,"17 Օգս, 2022",Wkl-bfe9jME,13738,118,0,N/A
643,https://www.1tv.am/hy/video/Հարցազրույց-Ռուբեն-Խաչունցի-հետ/201878,https://www.youtube.com/embed/c7PLfwDAQZ8?autoplay=1&autohide=1,Հարցազրույց Ռուբեն Խաչունցի հետ,21:15,"16 Օգս, 2022",c7PLfwDAQZ8,18483,134,0,N/A
644,https://www.1tv.am/hy/video/Հարցազրույց-Արմեն-Փամբուխչյանի-հետ/201864,https://www.youtube.com/embed/UXSWJttjLg0?autoplay=1&autohide=1,Հարցազրույց Արմեն Փամբուխչյանի հետ,20:55,"15 Օգս, 2022",UXSWJttjLg0,18729,227,0,N/A
645,https://www.1tv.am/hy/video/Հարցազրույց-Արմեն-Պետրոսյանի-հետ/201789,https://www.youtube.com/embed/3u9vZcqMk4g?autoplay=1&autohide=1,Հարցազրույց Արմեն Պետրոսյանի հետ,21:15,"12 Օգս, 2022",3u9vZcqMk4g,21327,220,0,N/A
646,https://www.1tv.am/hy/video/Հարցազրույց-Վահան-Քերոբյանի-հետ/201779,https://www.youtube.com/embed/UwLURXR5a5M?autoplay=1&autohide=1,Հարցազրույց Վահան Քերոբյանի հետ,21:50,"11 Օգս, 2022",UwLURXR5a5M,14628,241,0,N/A
647,https://www.1tv.am/hy/video/Հարցազրույց-Արամ-Անանյանի-հետ/201564,https://www.youtube.com/embed/UybimkkqbMw?autoplay=1&autohide=1,Հարցազրույց Արամ Անանյանի հետ,21:30,"29 Հլս, 2022",UybimkkqbMw,15618,143,0,N/A
648,https://www.1tv.am/hy/video/Հարցազրույց-Կարեն-Ղազարյանի-հետ/201495,https://www.youtube.com/embed/otyTAS7hKdg?autoplay=1&autohide=1,Հարցազրույց Կարեն Ղազարյանի հետ,22:00,"28 Հլս, 2022",otyTAS7hKdg,16186,224,0,N/A
649,https://www.1tv.am/hy/video/Հարցազրույց-Հակոբ-Արշակյանի-հետ/201468,https://www.youtube.com/embed/qQ4sLgEx9_s?autoplay=1&autohide=1,Հարցազրույց Հակոբ Արշակյանի հետ,21:40,"27 Հլս, 2022",qQ4sLgEx9_s,18537,361,0,N/A
650,https://www.1tv.am/hy/video/Հարցազրույց-Անի-Ապրահամյանի-հետ/201457,https://www.youtube.com/embed/LSegWOlMdm0?autoplay=1&autohide=1,Հարցազրույց Անի Ապրահամյանի հետ,21:15,"26 Հլս, 2022",LSegWOlMdm0,17903,243,0,N/A
651,https://www.1tv.am/hy/video/Հարցազրույց-Սամվել-Հայրապետյանի-հետ/201427,https://www.youtube.com/embed/6xpfOg2TpcQ?autoplay=1&autohide=1,Հարցազրույց Սամվել Հայրապետյանի հետ,21:15,"25 Հլս, 2022",6xpfOg2TpcQ,20287,177,0,N/A
652,https://www.1tv.am/hy/video/Հարցազրույց-Գագիկ-Սաֆարյանի-հետ/201322,https://www.youtube.com/embed/fCi2kFrgEoQ?autoplay=1&autohide=1,Հարցազրույց Գագիկ Սաֆարյանի հետ,21:50,"21 Հլս, 2022",fCi2kFrgEoQ,30706,406,0,N/A
653,https://www.1tv.am/hy/video/Հարցազրույց-Արմեն-Փամբուխչյանի-հետ/201302,https://www.youtube.com/embed/9ZAY92ERb0A?autoplay=1&autohide=1,Հարցազրույց Արմեն Փամբուխչյանի հետ,21:15,"20 Հլս, 2022",9ZAY92ERb0A,12610,157,0,N/A
654,https://www.1tv.am/hy/video/Հարցազրույց-Դավիթ-Խաժակյանի-հետ/201276,https://www.youtube.com/embed/zlwmx208ClE?autoplay=1&autohide=1,Հարցազրույց Դավիթ Խաժակյանի հետ,21:30,"19 Հլս, 2022",zlwmx208ClE,19774,331,0,N/A
655,https://www.1tv.am/hy/video/Հարցազրույց-Հայկ-Կոնջորյանի-հետ/201254,https://www.youtube.com/embed/ELdcj0qStMo?autoplay=1&autohide=1,Հարցազրույց Հայկ Կոնջորյանի հետ,21:45,"18 Հլս, 2022",ELdcj0qStMo,32874,577,0,N/A
656,https://www.1tv.am/hy/video/Հարցազրույց-Արամ-Սարգսյանի-հետ/201215,https://www.youtube.com/embed/0_l5AhzXY_U?autoplay=1&autohide=1,Հարցազրույց Արամ Սարգսյանի հետ,21:30,"15 Հլս, 2022",0_l5AhzXY_U,65297,1084,0,N/A
657,https://www.1tv.am/hy/video/Հարցազրույց-Խոսրով-Հարությունյանի-հետ/201148,https://www.youtube.com/embed/qiC-0uFf4uQ?autoplay=1&autohide=1,Հարցազրույց Խոսրով Հարությունյանի հետ,21:15,"14 Հլս, 2022",qiC-0uFf4uQ,15248,99,0,N/A
658,https://www.1tv.am/hy/video/Հարցազրույց-Հակոբ-Բադալյանի-հետ/201142,https://www.youtube.com/embed/k56NU1HR5J0?autoplay=1&autohide=1,Հարցազրույց Հակոբ Բադալյանի հետ,21:30,"13 Հլս, 2022",k56NU1HR5J0,26576,382,0,N/A
659,https://www.1tv.am/hy/video/Հարցազրույց-Թաթուլ-Հակոբյանի-հետ/201116,https://www.youtube.com/embed/uo-olHWcnd4?autoplay=1&autohide=1,Հարցազրույց Թաթուլ Հակոբյանի հետ,21:35,"12 Հլս, 2022",uo-olHWcnd4,30763,446,0,N/A
660,https://www.1tv.am/hy/video/Հարցազրույց-Արմեն-Գրիգորյանի-հետ/201082,https://www.youtube.com/embed/w-eo8mlpO4Y?autoplay=1&autohide=1,Հարցազրույց Արմեն Գրիգորյանի հետ,21:20,"11 Հլս, 2022",w-eo8mlpO4Y,23925,366,0,N/A
661,https://www.1tv.am/hy/video/Հարցազրույց-Էդմոն-Մարուքյանի-հետ/201026,https://www.youtube.com/embed/0YPgfFlcbmc?autoplay=1&autohide=1,Հարցազրույց Էդմոն Մարուքյանի հետ,21:30,"08 Հլս, 2022",0YPgfFlcbmc,44461,875,0,N/A
662,https://www.1tv.am/hy/video/Հարցազրույց-Արսեն-Թորոսյանի-հետ/201015,https://www.youtube.com/embed/1GzoTEwgfYA?autoplay=1&autohide=1,Հարցազրույց Արսեն Թորոսյանի հետ,21:20,"07 Հլս, 2022",1GzoTEwgfYA,12934,219,0,N/A
663,https://www.1tv.am/hy/video/Հարցազրույց-Վահան-Քերոբյանի-հետ/200959,https://www.youtube.com/embed/gohqzlkG8WA?autoplay=1&autohide=1,Հարցազրույց Վահան Քերոբյանի հետ,21:45,"06 Հլս, 2022",gohqzlkG8WA,13940,215,0,N/A
664,https://www.1tv.am/hy/video/Հարցազրույց-Դավիթ-Հակոբյանի-հետ/200932,https://www.youtube.com/embed/Ugik2ArY5gI?autoplay=1&autohide=1,Հարցազրույց Դավիթ Հակոբյանի հետ,21:30,"05 Հլս, 2022",Ugik2ArY5gI,8962,76,0,N/A
665,https://www.1tv.am/hy/video/Հարցազրույց-Ռուբեն-Ռուբինյանի-հետ/200939,https://www.youtube.com/embed/hnW7NtZmzwo?autoplay=1&autohide=1,Հարցազրույց Ռուբեն Ռուբինյանի հետ,21:15,"04 Հլս, 2022",hnW7NtZmzwo,25866,463,0,N/A
666,https://www.1tv.am/hy/video/Հարցազրույց-Արմեն-Մելիքբեկյանի-հետ/200879,https://www.youtube.com/embed/Qc1V69YO_yY?autoplay=1&autohide=1,Հարցազրույց Արմեն Մելիքբեկյանի հետ,21:45,"01 Հլս, 2022",Qc1V69YO_yY,12372,142,0,N/A
667,https://www.1tv.am/hy/video/Հարցազրույց-Արթուր-Ստեփանյանի-հետ/200718,https://www.youtube.com/embed/UlDRwDTIsd0?autoplay=1&autohide=1,Հարցազրույց Արթուր Ստեփանյանի հետ,21:15,"30 Հնս, 2022",UlDRwDTIsd0,13460,91,0,N/A
668,https://www.1tv.am/hy/video/Հարցազրույց-Վլադիմիր-Սպիվակովի-հետ/200638,https://www.youtube.com/embed/RzoPc3v7u3M?autoplay=1&autohide=1,Հարցազրույց Վլադիմիր Սպիվակովի հետ,22:00,"29 Հնս, 2022",RzoPc3v7u3M,18674,463,0,N/A
669,https://www.1tv.am/hy/video/Հարցազրույց-Հայկակ-Արշամյանի-հետ/200597,https://www.youtube.com/embed/Vjh6-vDFdxA?autoplay=1&autohide=1,Հարցազրույց Հայկակ Արշամյանի հետ,21:15,"28 Հնս, 2022",Vjh6-vDFdxA,10330,123,0,N/A
670,https://www.1tv.am/hy/video/Հարցազրույց-Սրբուհի-Գալյանի-հետ/200557,https://www.youtube.com/embed/YS7ZNrt5QIc?autoplay=1&autohide=1,Հարցազրույց Սրբուհի Գալյանի հետ,23:45,"27 Հնս, 2022",YS7ZNrt5QIc,12263,176,0,N/A
671,https://www.1tv.am/hy/video/Հարցազրույց-Տիգրան-Հակոբյանի-հետ/200483,https://www.youtube.com/embed/g_Fw7MPlrH0?autoplay=1&autohide=1,Հարցազրույց Տիգրան Հակոբյանի հետ,21:15,"24 Հնս, 2022",g_Fw7MPlrH0,21742,294,0,N/A
672,https://www.1tv.am/hy/video/Հարցազրույց-Գագիկ-Ջհանգիրյանի-հետ/200365,https://www.youtube.com/embed/KBnPsA5PXqM?autoplay=1&autohide=1,Հարցազրույց Գագիկ Ջհանգիրյանի հետ,21:50,"23 Հնս, 2022",KBnPsA5PXqM,91477,1220,0,N/A
673,https://www.1tv.am/hy/video/Հարցազրույց-Վահագն-Խաչատուրյանի-հետ/200326,https://www.youtube.com/embed/Z169v5YiQy8?autoplay=1&autohide=1,Հարցազրույց Վահագն Խաչատուրյանի հետ,21:45,"22 Հնս, 2022",Z169v5YiQy8,30383,656,0,N/A
674,https://www.1tv.am/hy/video/Հարցազրույց-Արթուր-Վանեցյանի-հետ/200246,https://www.youtube.com/embed/8U8FCnIofjo?autoplay=1&autohide=1,Հարցազրույց Արթուր Վանեցյանի հետ,21:30,"21 Հնս, 2022",8U8FCnIofjo,43908,303,0,N/A
675,https://www.1tv.am/hy/video/Հարցազրույց/200208,https://www.youtube.com/embed/qp_rITTiWF8?autoplay=1&autohide=1,Հարցազրույց Արա Խզմալյանի հետ,20:35,"20 Հնս, 2022",qp_rITTiWF8,14973,191,0,N/A
676,https://www.1tv.am/hy/video/Հարցազրույց-Սերգեյ-Մարկեդոնովի-հետ/200139,https://www.youtube.com/embed/3Q7dLXuaQWw?autoplay=1&autohide=1,Հարցազրույց Սերգեյ Մարկեդոնովի հետ,21:45,"17 Հնս, 2022",3Q7dLXuaQWw,15272,153,0,N/A
677,https://www.1tv.am/hy/video/Հարցազրույց-Հայկ-Կոնջորյանի-հետ/200067,https://www.youtube.com/embed/t4NxKmBrJ0A?autoplay=1&autohide=1,Հարցազրույց Հայկ Կոնջորյանի հետ,21:35,"16 Հնս, 2022",t4NxKmBrJ0A,38422,852,0,N/A
678,https://www.1tv.am/hy/video/Հարցազրույց-Արտեմ-Փաթափությանի-հետ/200008,https://www.youtube.com/embed/nYo2FYDTEjA?autoplay=1&autohide=1,Հարցազրույց Արտեմ Փաթափությանի հետ,21:55,"15 Հնս, 2022",nYo2FYDTEjA,19535,438,0,N/A
679,https://www.1tv.am/hy/video/Հարցազրույց-Ներսես-Երիցյանի-հետ/199979,https://www.youtube.com/embed/ZRyIH-Cpjsc?autoplay=1&autohide=1,Հարցազրույց Ներսես Երիցյանի հետ,21:15,"14 Հնս, 2022",ZRyIH-Cpjsc,11195,85,0,N/A
680,https://www.1tv.am/hy/video/Հարցազրույց-Գևորգ-Պապոյանի-հետ/199891,https://www.youtube.com/embed/tnlaiJCBVu0?autoplay=1&autohide=1,Հարցազրույց Գևորգ Պապոյանի հետ,21:15,"13 Հնս, 2022",tnlaiJCBVu0,22759,381,0,N/A
681,https://www.1tv.am/hy/video/Հարցազրույց-Կլեր-Բազի-Մալորիի-հետ/199835,https://www.youtube.com/embed/0QYC3f3qbic?autoplay=1&autohide=1,Հարցազրույց Կլեր Բազի Մալորիի հետ,21:50,"10 Հնս, 2022",0QYC3f3qbic,17070,231,0,N/A
682,https://www.1tv.am/hy/video/Հարցազրույց-Արման-Բաբաջանյանի-հետ/199698,https://www.youtube.com/embed/TCBMXXNVwf8?autoplay=1&autohide=1,Հարցազրույց Արման Բաբաջանյանի հետ,21:50,"09 Հնս, 2022",TCBMXXNVwf8,37578,961,0,N/A
683,https://www.1tv.am/hy/video/Հարցազրույց-Վահագն-Ալեքսանյանի-հետ/199633,https://www.youtube.com/embed/bBIR7YzaU8M?autoplay=1&autohide=1,Հարցազրույց Վահագն Ալեքսանյանի հետ,21:05,"08 Հնս, 2022",bBIR7YzaU8M,33313,873,0,N/A
684,https://www.1tv.am/hy/video/Հարցազրույց-Հայկ-Եսայանի-հետ/199584,https://www.youtube.com/embed/U2aKdfruRcs?autoplay=1&autohide=1,Հարցազրույց Հայկ Եսայանի հետ,21:45,"07 Հնս, 2022",U2aKdfruRcs,10800,138,0,N/A
685,https://www.1tv.am/hy/video/Հարցազրույց-Սուրեն-Պապիկյանի-հետ/199540,https://www.youtube.com/embed/M90EHAj4BWM?autoplay=1&autohide=1,Հարցազրույց Սուրեն Պապիկյանի հետ,21:15,"06 Հնս, 2022",M90EHAj4BWM,45995,1057,0,N/A
686,https://www.1tv.am/hy/video/Հարցազրույց-Ռոբերտ-Խաչատրյանի-հետ/199505,https://www.youtube.com/embed/YXl0eBP-k5Q?autoplay=1&autohide=1,Հարցազրույց Ռոբերտ Խաչատրյանի հետ,21:30,"04 Հնս, 2022",YXl0eBP-k5Q,27607,450,0,N/A
687,https://www.1tv.am/hy/video/Հարցազրույց-Արմեն-Մարտիրոսյանի-հետ/199286,https://www.youtube.com/embed/eIFAxK3_ID0?autoplay=1&autohide=1,Հարցազրույց Արմեն Մարտիրոսյանի հետ,21:15,"01 Հնս, 2022",eIFAxK3_ID0,9111,168,0,N/A
688,https://www.1tv.am/hy/video/Հարցազրույց-Դավիթ-Սանասարյանի-հետ/199135,https://www.youtube.com/embed/VxXf7WreQV4?autoplay=1&autohide=1,Հարցազրույց Դավիթ Սանասարյանի հետ,21:15,"30 Մայ, 2022",VxXf7WreQV4,22534,364,0,N/A
689,https://www.1tv.am/hy/video/Հարցազրույց-Գնել-Սանոսյանի-հետ/199059,https://www.youtube.com/embed/yJE4fN5bowk?autoplay=1&autohide=1,Հարցազրույց Գնել Սանոսյանի հետ,21:20,"27 Մայ, 2022",yJE4fN5bowk,22558,373,0,N/A
690,https://www.1tv.am/hy/video/Հարցազրույց-Արծրուն-Հովհաննիսյանի-հետ/198957,https://www.youtube.com/embed/OiM98LTASBg?autoplay=1&autohide=1,Հարցազրույց Արծրուն Հովհաննիսյանի հետ,21:15,"26 Մայ, 2022",OiM98LTASBg,43056,1021,0,N/A
691,https://www.1tv.am/hy/video/Հարցազրույց-Էդմոն-Մարուքյանի-հետ/198867,https://www.youtube.com/embed/NsJoaRg-pg8?autoplay=1&autohide=1,Հարցազրույց Էդմոն Մարուքյանի հետ,21:15,"25 Մայ, 2022",NsJoaRg-pg8,39165,789,0,N/A
692,https://www.1tv.am/hy/video/Հարցազրույց-Արայիկ-Հարությունյանի-հետ/198775,https://www.youtube.com/embed/mhoa6jC6H8g?autoplay=1&autohide=1,Հարցազրույց Արայիկ Հարությունյանի հետ,21:15,"24 Մայ, 2022",mhoa6jC6H8g,27719,503,0,N/A
693,https://www.1tv.am/hy/video/Բանավեճ-Բրյուսելյան-հանդիպման-արդյունքները/198728,https://www.youtube.com/embed/TF74FM7EPw0?autoplay=1&autohide=1,Բանավեճ. Բրյուսելյան հանդիպման արդյունքները,21:45,"23 Մայ, 2022",TF74FM7EPw0,65982,465,0,N/A
694,https://www.1tv.am/hy/video/Հարցազրույց-Արա-Ֆիդանյանի-հետ/198604,https://www.youtube.com/embed/nYf61iS6ljQ?autoplay=1&autohide=1,Հարցազրույց Արա Ֆիդանյանի հետ,21:35,"20 Մայ, 2022",nYf61iS6ljQ,26369,537,0,N/A
695,https://www.1tv.am/hy/video/Բանավեճ-Արցախի-փրկությունը-ոչ-միայն-ներկայիս-այլ-նաև-նախկին-իշխանությունների-պատասխանատվությունն-է/198494,https://www.youtube.com/embed/OHNP0aVW2E8?autoplay=1&autohide=1,"Բանավեճ. Արցախի փրկությունը ոչ միայն ներկայիս, այլ նաև նախկին իշխանությունների պատասխանատվությունն է",20:25,"18 Մայ, 2022",OHNP0aVW2E8,106660,896,0,N/A
696,https://www.1tv.am/hy/video/Հարցազրույց-Սուրեն-Սուրենյանցի-հետ/198433,https://www.youtube.com/embed/L4Jr_fWs_ao?autoplay=1&autohide=1,Հարցազրույց Սուրեն Սուրենյանցի հետ,21:20,"17 Մայ, 2022",L4Jr_fWs_ao,36649,733,0,N/A
697,https://www.1tv.am/hy/video/Հարցազրույց-Դավիթ-Փափազյանի-հետ/198374,https://www.youtube.com/embed/ZZlkFQ3krjE?autoplay=1&autohide=1,Հարցազրույց Դավիթ Փափազյանի հետ,20:15,"16 Մայ, 2022",ZZlkFQ3krjE,16418,200,0,N/A
698,https://www.1tv.am/hy/video/Հարցազրույց-Էդմոն-Մարուքյանի-հետ/198314,https://www.youtube.com/embed/2JNCQDBHlnk?autoplay=1&autohide=1,Հարցազրույց Էդմոն Մարուքյանի հետ,21:40,"13 Մայ, 2022",2JNCQDBHlnk,62201,1342,0,N/A
699,https://www.1tv.am/hy/video/Հարցազրույց-Եղիշե-Կիրակոսյանի-հետ/198210,https://www.youtube.com/embed/Ju_PHl-sRQA?autoplay=1&autohide=1,Հարցազրույց Եղիշե Կիրակոսյանի հետ,21:45,"12 Մայ, 2022",Ju_PHl-sRQA,17530,258,0,N/A
700,https://www.1tv.am/hy/video/Հարցազրույց-Նազելի-Բաղդասարյանի-հետ/198140,https://www.youtube.com/embed/9iD6x7hHshU?autoplay=1&autohide=1,Հարցազրույց Նազելի Բաղդասարյանի հետ,21:15,"11 Մայ, 2022",9iD6x7hHshU,33068,941,0,N/A
701,https://www.1tv.am/hy/video/Հարցազրույց-Անդրանիկ-Քոչարյանի-հետ/198069,https://www.youtube.com/embed/nL3FTGWny8g?autoplay=1&autohide=1,Հարցազրույց Անդրանիկ Քոչարյանի հետ,21:15,"10 Մայ, 2022",nL3FTGWny8g,48664,1166,0,N/A
702,https://www.1tv.am/hy/video/Հարցազրույց-Քրիստիննե-Գրիգորյանի-հետ/197998,https://www.youtube.com/embed/IKt8y5E8b2E?autoplay=1&autohide=1,Հարցազրույց Քրիստիննե Գրիգորյանի հետ,21:15,"09 Մայ, 2022",IKt8y5E8b2E,12880,186,0,N/A
703,https://www.1tv.am/hy/video/Հարցազրույց-Արման-Մուսինյանի-հետ/197991,https://www.youtube.com/embed/QbOfHaRgYI0?autoplay=1&autohide=1,Հարցազրույց Արման Մուսինյանի հետ,20:15,"06 Մայ, 2022",QbOfHaRgYI0,20737,183,0,N/A
704,https://www.1tv.am/hy/video/Հարցազրույց-Խաչատուր-Սուքիասյանի-հետ/197873,https://www.youtube.com/embed/HMXPzYplTsk?autoplay=1&autohide=1,Հարցազրույց Խաչատուր Սուքիասյանի հետ,21:30,"05 Մայ, 2022",HMXPzYplTsk,69107,1714,0,N/A
705,https://www.1tv.am/hy/video/Հարցազրույց-Հակոբ-Արշակյանի-հետ/197814,https://www.youtube.com/embed/VbTcLarG-oM?autoplay=1&autohide=1,Հարցազրույց Հակոբ Արշակյանի հետ,21:30,"04 Մայ, 2022",VbTcLarG-oM,32320,672,0,N/A
706,https://www.1tv.am/hy/video/Հարցազրույց-Արամ-Սարգսյանի-հետ/197756,https://www.youtube.com/embed/QFvl8J-Kpsc?autoplay=1&autohide=1,Հարցազրույց Արամ Սարգսյանի հետ,21:30,"03 Մայ, 2022",QFvl8J-Kpsc,94445,2438,0,N/A
707,https://www.1tv.am/hy/video/Բանավեճ-Պայքար-հանուն-իշխանությա՞ն-թե՞-Արցախի/197722,https://www.youtube.com/embed/K7yky-BHF9w?autoplay=1&autohide=1,"Բանավեճ. Պայքար հանուն իշխանությա՞ն, թե՞ Արցախի",21:15,"02 Մայ, 2022",K7yky-BHF9w,78487,535,0,N/A
708,https://www.1tv.am/hy/video/Հարցազրույց-Մանե-Թանդիլյանի-հետ/197599,https://www.youtube.com/embed/I8WoWSZWQWc?autoplay=1&autohide=1,Հարցազրույց Մանե Թանդիլյանի հետ,22:30,"29 Ապր, 2022",I8WoWSZWQWc,14694,139,0,N/A
709,https://www.1tv.am/hy/video/Հարցազրույց-Արմեն-Մարտիրոսյանի-հետ/197529,https://www.youtube.com/embed/PZgkDUBmGQY?autoplay=1&autohide=1,Հարցազրույց Արմեն Մարտիրոսյանի հետ,21:15,"28 Ապր, 2022",PZgkDUBmGQY,28964,621,0,N/A
710,https://www.1tv.am/hy/video/Հարցազրույց-Նորայր-Նորիկյանի-հետ/197460,https://www.youtube.com/embed/Et98obf1N9c?autoplay=1&autohide=1,Հարցազրույց Նորայր Նորիկյանի հետ,21:15,"27 Ապր, 2022",Et98obf1N9c,44920,1038,0,N/A
711,https://www.1tv.am/hy/video/Հարցազրույց-Հայկ-Կոնջորյանի-հետ/197385,https://www.youtube.com/embed/AG_IO1YDxMs?autoplay=1&autohide=1,Հարցազրույց Հայկ Կոնջորյանի հետ,21:15,"26 Ապր, 2022",AG_IO1YDxMs,24360,715,0,N/A
712,https://www.1tv.am/hy/video/Հարցազրույց-Արթուր-Խաչատրյանի-հետ/197219,https://www.youtube.com/embed/8MRo3ReuxdM?autoplay=1&autohide=1,Հարցազրույց Արթուր Խաչատրյանի հետ,21:15,"25 Ապր, 2022",8MRo3ReuxdM,15410,106,0,N/A
713,https://www.1tv.am/hy/video/Հարցազրույց-Էդմոն-Մարուքյանի-հետ/197235,https://www.youtube.com/embed/TVcmHF35rNY?autoplay=1&autohide=1,Հարցազրույց Էդմոն Մարուքյանի հետ,20:30,"22 Ապր, 2022",TVcmHF35rNY,53652,1130,0,N/A
714,https://www.1tv.am/hy/video/Հարցազրույց-Արմեն-Գրիգորյանի-հետ/197169,https://www.youtube.com/embed/b0URoS30OLQ?autoplay=1&autohide=1,Հարցազրույց Արմեն Գրիգորյանի հետ,22:00,"21 Ապր, 2022",b0URoS30OLQ,21927,305,0,N/A
715,https://www.1tv.am/hy/video/Հարցազրույց-Խոսրով-Հարությունյանի-հետ/197038,https://www.youtube.com/embed/g8HMCqOk77U?autoplay=1&autohide=1,Հարցազրույց Խոսրով Հարությունյանի հետ,21:15,"19 Ապր, 2022",g8HMCqOk77U,13309,122,0,N/A
716,https://www.1tv.am/hy/video/Հարցազրույց-Վահագն-Ալեքսանյանի-հետ/196986,https://www.youtube.com/embed/0-aBMVYhcPU?autoplay=1&autohide=1,Հարցազրույց Վահագն Ալեքսանյանի հետ,21:45,"18 Ապր, 2022",0-aBMVYhcPU,27158,620,0,N/A
717,https://www.1tv.am/hy/video/Հարցազրույց-Գուրգեն-Արսենյանի-հետ/196784,https://www.youtube.com/embed/5gpdR0YwkiM?autoplay=1&autohide=1,Հարցազրույց Գուրգեն Արսենյանի հետ,21:15,"14 Ապր, 2022",5gpdR0YwkiM,27895,435,0,N/A
718,https://www.1tv.am/hy/video/Հարցազրույց-Հայկ-Կոնջորյանի-հետ/196636,https://www.youtube.com/embed/EXopwaBiu3k?autoplay=1&autohide=1,Հարցազրույց Հայկ Կոնջորյանի հետ,21:30,"12 Ապր, 2022",EXopwaBiu3k,22535,492,0,N/A
719,https://www.1tv.am/hy/video/Հարցազրույց-Լևոն-Զուրաբյանի-հետ/196594,https://www.youtube.com/embed/1dwAXtnycQw?autoplay=1&autohide=1,Հարցազրույց Լևոն Զուրաբյանի հետ,21:30,"11 Ապր, 2022",1dwAXtnycQw,14832,133,0,N/A
720,https://www.1tv.am/hy/video/Հարցազրույց-Էդուարդ-Աղաջանյանի-հետ/196460,https://www.youtube.com/embed/IM3asu7y-Cc?autoplay=1&autohide=1,Հարցազրույց Էդուարդ Աղաջանյանի հետ,21:15,"08 Ապր, 2022",IM3asu7y-Cc,12076,164,0,N/A
721,https://www.1tv.am/hy/video/Հարցազրույց-Էդմոն-Մարուքյանի-հետ/196359,https://www.youtube.com/embed/whMYzxAsGKM?autoplay=1&autohide=1,Հարցազրույց Էդմոն Մարուքյանի հետ,21:10,"07 Ապր, 2022",whMYzxAsGKM,35984,571,0,N/A
722,https://www.1tv.am/hy/video/Հարցազրույց-Վահան-Քերոբյանի-հետ/196336,https://www.youtube.com/embed/QzufQOB7xcE?autoplay=1&autohide=1,Հարցազրույց Վահան Քերոբյանի հետ,21:15,"06 Ապր, 2022",QzufQOB7xcE,9786,150,0,N/A
723,https://www.1tv.am/hy/video/Հարցազրույց-Արսեն-Թորոսյանի-հետ/196244,https://www.youtube.com/embed/kGKJ1nTvsrw?autoplay=1&autohide=1,Հարցազրույց Արսեն Թորոսյանի հետ,20:45,"05 Ապր, 2022",kGKJ1nTvsrw,12297,249,0,N/A
724,https://www.1tv.am/hy/video/Հարցազրույց-Մարի-Լու-Փափազյանի-հետ/196077,https://www.youtube.com/embed/QmvYuO2vUfU?autoplay=1&autohide=1,Հարցազրույց Մարի Լու Փափազյանի հետ,20:15,"02 Ապր, 2022",QmvYuO2vUfU,11636,193,0,N/A
725,https://www.1tv.am/hy/video/Հարցազրույց-Արթուր-Հովհաննիսյանի-հետ/195935,https://www.youtube.com/embed/N4ehxsYOWHk?autoplay=1&autohide=1,Հարցազրույց Արթուր Հովհաննիսյանի հետ,21:15,"31 Մար, 2022",N4ehxsYOWHk,17501,222,0,N/A
726,https://www.1tv.am/hy/video/Հարցազրույց-Օլգա-Մարկեսի-հետ/195788,https://www.youtube.com/embed/T614hmbSLq8?autoplay=1&autohide=1,Հարցազրույց Օլգա Մարկեսի հետ,21:30,"29 Մար, 2022",T614hmbSLq8,18665,352,0,N/A
727,https://www.1tv.am/hy/video/Հարցազրույց-Արամ-Սարգսյանի-հետ/195726,https://www.youtube.com/embed/Qhsd7QKAf4g?autoplay=1&autohide=1,Հարցազրույց Արամ Սարգսյանի հետ,21:45,"28 Մար, 2022",Qhsd7QKAf4g,46657,832,0,N/A
728,https://www.1tv.am/hy/video/Հարցազրույց-Լևոն-Շիրինյանի-հետ/195723,https://www.youtube.com/embed/yMVk81-8bQ8?autoplay=1&autohide=1,Հարցազրույց Լևոն Շիրինյանի հետ,21:15,"28 Մար, 2022",yMVk81-8bQ8,27215,501,0,N/A
729,https://www.1tv.am/hy/video/Հարցազրույց-Անդրանիկ-Քոչարյանի-հետ/195548,https://www.youtube.com/embed/jadeNCyeKAc?autoplay=1&autohide=1,Հարցազրույց Անդրանիկ Քոչարյանի հետ,21:30,"25 Մար, 2022",jadeNCyeKAc,41587,574,0,N/A
730,https://www.1tv.am/hy/video/Հարցազրույց-Արամ-Վարդևանյանի-հետ/195510,https://www.youtube.com/embed/_4uantETzfc?autoplay=1&autohide=1,Հարցազրույց Արամ Վարդևանյանի հետ,21:45,"24 Մար, 2022",_4uantETzfc,13881,93,0,N/A
731,https://www.1tv.am/hy/video/Հարցազրույց-Սուրեն-Թովմասյանի-հետ/195444,https://www.youtube.com/embed/cvuLa6oAeG4?autoplay=1&autohide=1,Հարցազրույց Սուրեն Թովմասյանի հետ,21:30,"23 Մար, 2022",cvuLa6oAeG4,8327,68,0,N/A
732,https://www.1tv.am/hy/video/Հարցազրույց-Գևորգ-Գորգիսյանի-հետ/195379,https://www.youtube.com/embed/ajPTXYM8WgM?autoplay=1&autohide=1,Հարցազրույց Գևորգ Գորգիսյանի հետ,21:15,"22 Մար, 2022",ajPTXYM8WgM,14833,254,0,N/A
733,https://www.1tv.am/hy/video/Հարցազրույց-Ալֆրեդ-Մոէկլիի-հետ/195212,https://www.youtube.com/embed/b9kgJwnqtfg?autoplay=1&autohide=1,Հարցազրույց Ալֆրեդ Մոէկլիի հետ,20:50,"18 Մար, 2022",b9kgJwnqtfg,9313,97,0,N/A
734,https://www.1tv.am/hy/video/Հարցազրույց-Վահրամ-Դումանյանի-հետ/195131,https://www.youtube.com/embed/Lkm3j8Jt_Gs?autoplay=1&autohide=1,Հարցազրույց Վահրամ Դումանյանի հետ,20:50,"17 Մար, 2022",Lkm3j8Jt_Gs,6587,71,0,N/A
735,https://www.1tv.am/hy/video/Հարցազրույց-Տիգրան-Խաչատրյանի-հետ/195078,https://www.youtube.com/embed/3q_xplEoyBs?autoplay=1&autohide=1,Հարցազրույց Տիգրան Խաչատրյանի հետ,21:30,"16 Մար, 2022",3q_xplEoyBs,9206,115,0,N/A
736,https://www.1tv.am/hy/video/Հարցազրույց-Էդուարդ-Աղաջանյանի-հետ/195020,https://www.youtube.com/embed/-VsMI3a60Bg?autoplay=1&autohide=1,Հարցազրույց Էդուարդ Աղաջանյանի հետ,21:15,"15 Մար, 2022",-VsMI3a60Bg,12833,126,0,N/A
737,https://www.1tv.am/hy/video/Հարցազրույց-Արման-Խոջոյանի-հետ/194943,https://www.youtube.com/embed/5fFVFB9LXZA?autoplay=1&autohide=1,Հարցազրույց Արման Խոջոյանի հետ,21:30,"14 Մար, 2022",5fFVFB9LXZA,9298,109,0,N/A
738,https://www.1tv.am/hy/video/Հարցազրույց-Կարեն-Անդրեասյանի-հետ/194876,https://www.youtube.com/embed/WfY7YjlKTSU?autoplay=1&autohide=1,Հարցազրույց Կարեն Անդրեասյանի հետ,22:00,"11 Մար, 2022",WfY7YjlKTSU,14813,245,0,N/A
739,https://www.1tv.am/hy/video/Հարցազրույց-Վահագն-Խաչատուրյանի-հետ/194783,https://www.youtube.com/embed/Wsy3Jd3GaYQ?autoplay=1&autohide=1,Հարցազրույց Վահագն Խաչատուրյանի հետ,21:30,"10 Մար, 2022",Wsy3Jd3GaYQ,18368,333,0,N/A
740,https://www.1tv.am/hy/video/Հարցազրույց-Արա-Մկրտչյանի-հետ/194718,https://www.youtube.com/embed/AwAKoYfv7yk?autoplay=1&autohide=1,Հարցազրույց Արա Մկրտչյանի հետ,21:35,"09 Մար, 2022",AwAKoYfv7yk,9364,89,0,N/A
741,https://www.1tv.am/hy/video/Հարցազրույց-Քրիստիննե-Գրիգորյանի-հետ/194658,https://www.youtube.com/embed/ENSTZ15SuG8?autoplay=1&autohide=1,Հարցազրույց Քրիստիննե Գրիգորյանի հետ,21:15,"08 Մար, 2022",ENSTZ15SuG8,6006,74,0,N/A
742,https://www.1tv.am/hy/video/Հարցազրույց-Գուրգեն-Արսենյանի-հետ/194641,https://www.youtube.com/embed/sIC9fKz_Ra8?autoplay=1&autohide=1,Հարցազրույց Գուրգեն Արսենյանի հետ,14:30,"07 Մար, 2022",sIC9fKz_Ra8,21606,287,0,N/A
743,https://www.1tv.am/hy/video/Հարցազրույց-Արծրուն-Հովհաննիսյանի-հետ/194496,https://www.youtube.com/embed/CjDsgOKuLL0?autoplay=1&autohide=1,Հարցազրույց Արծրուն Հովհաննիսյանի հետ,21:15,"04 Մար, 2022",CjDsgOKuLL0,41441,506,0,N/A
744,https://www.1tv.am/hy/video/Հարցազրույց-Գեղամ-Գևորգյանի-հետ/194387,https://www.youtube.com/embed/0ZMaNjHuxXI?autoplay=1&autohide=1,Հարցազրույց Գեղամ Գևորգյանի հետ,21:50,"01 Մար, 2022",0ZMaNjHuxXI,9128,73,0,N/A
745,https://www.1tv.am/hy/video/Հարցազրույց-Հովհաննես-Խաչատրյանի-հետ/194363,https://www.youtube.com/embed/mUP8HNH0clc?autoplay=1&autohide=1,Հարցազրույց Հովհաննես Խաչատրյանի հետ,21:10,"28 Փտր, 2022",mUP8HNH0clc,12200,101,0,N/A
746,https://www.1tv.am/hy/video/Հարցազրույց-Մարինա-Կալյուրանդի-հետ/194258,https://www.youtube.com/embed/szP8oBTTcoY?autoplay=1&autohide=1,Հարցազրույց Մարինա Կալյուրանդի հետ,21:40,"24 Փտր, 2022",szP8oBTTcoY,9324,148,0,N/A
747,https://www.1tv.am/hy/video/Հարցազրույց-Անդրիուս-Կուբիլիուսի-հետ/194249,https://www.youtube.com/embed/IOBGfdZcZM8?autoplay=1&autohide=1,Հարցազրույց Անդրիուս Կուբիլիուսի հետ,21:40,"23 Փտր, 2022",IOBGfdZcZM8,1309,17,0,N/A
748,https://www.1tv.am/hy/video/Հարցազրույց-Տեր-Նարեկ-քահանա-Ամիրյանի-հետ/194188,https://www.youtube.com/embed/PuW7lkw2Foc?autoplay=1&autohide=1,Հարցազրույց Տեր Նարեկ քահանա Ամիրյանի հետ,21:25,"22 Փտր, 2022",PuW7lkw2Foc,4866,38,0,N/A
749,https://www.1tv.am/hy/video/Հարցազրույց-Սամվել-Բաբայանի-հետ/194179,https://www.youtube.com/embed/8iUoIxubrLc?autoplay=1&autohide=1,Հարցազրույց Սամվել Բաբայանի հետ,21:15,"21 Փտր, 2022",8iUoIxubrLc,81567,1548,0,N/A
750,https://www.1tv.am/hy/video/Հարցազրույց-Գնել-Սանոսյանի-հետ/194102,https://www.youtube.com/embed/fKu6ne0Q5bU?autoplay=1&autohide=1,Հարցազրույց Գնել Սանոսյանի հետ,21:30,"18 Փտր, 2022",fKu6ne0Q5bU,12213,186,0,N/A
751,https://www.1tv.am/hy/video/Հարցազրույց-Գեղամ-Մանուկյանի-հետ/194070,https://www.youtube.com/embed/JcoFYqeHf0s?autoplay=1&autohide=1,Հարցազրույց Գեղամ Մանուկյանի հետ,21:45,"17 Փտր, 2022",JcoFYqeHf0s,19839,206,0,N/A
752,https://www.1tv.am/hy/video/Հարցազրույց-Էդմոն-Մարուքյանի-հետ/194037,https://www.youtube.com/embed/saYR0U1eeZw?autoplay=1&autohide=1,Հարցազրույց Էդմոն Մարուքյանի հետ,21:30,"16 Փտր, 2022",saYR0U1eeZw,23532,454,0,N/A
753,https://www.1tv.am/hy/video/Հարցազրույց-Տիգրան-Աբրահամյանի-հետ/194017,https://www.youtube.com/embed/ft-46Rx3DaE?autoplay=1&autohide=1,Հարցազրույց Տիգրան Աբրահամյանի հետ,21:30,"15 Փտր, 2022",ft-46Rx3DaE,8753,83,0,N/A
754,https://www.1tv.am/hy/video/Հարցազրույց-Անդրանիկ-Քոչարյանի-հետգ/193972,https://www.youtube.com/embed/FJ93OBXaJsE?autoplay=1&autohide=1,Հարցազրույց Անդրանիկ Քոչարյանի հետ,21:35,"14 Փտր, 2022",FJ93OBXaJsE,27559,508,0,N/A
755,https://www.1tv.am/hy/video/Հարցազրույց-Ռոբերտ-Բեգլարյանի-հետ/193928,https://www.youtube.com/embed/WjdhNu22jLk?autoplay=1&autohide=1,Հարցազրույց Ռոբերտ Բեգլարյանի հետ,21:35,"11 Փտր, 2022",WjdhNu22jLk,9202,99,0,N/A
756,https://www.1tv.am/hy/video/Հարցազրույց-Վահագն-Ալեքսանյանի-հետ/193891,https://www.youtube.com/embed/wPdDgatc-VM?autoplay=1&autohide=1,Հարցազրույց Վահագն Ալեքսանյանի հետ,21:30,"10 Փտր, 2022",wPdDgatc-VM,21398,485,0,N/A
757,https://www.1tv.am/hy/video/Հարցազրույց-Մխիթար-Հայրապետյանի-հետ/193895,https://www.youtube.com/embed/LD8x9HFto-4?autoplay=1&autohide=1,Հարցազրույց Մխիթար Հայրապետյանի հետ,21:30,"09 Փտր, 2022",LD8x9HFto-4,8232,156,0,N/A
758,https://www.1tv.am/hy/video/Հարցազրույց-Գագիկ-Ջհանգիրյանի-հետ/193853,https://www.youtube.com/embed/nC6RG-omzec?autoplay=1&autohide=1,Հարցազրույց Գագիկ Ջհանգիրյանի հետ,21:30,"08 Փտր, 2022",nC6RG-omzec,39046,470,0,N/A
759,https://www.1tv.am/hy/video/Հարցազրույց-Հայկ-Մամիջանյանի-հետ/193850,https://www.youtube.com/embed/8bxxiHvvtEY?autoplay=1&autohide=1,Հարցազրույց Հայկ Մամիջանյանի հետ,21:30,"07 Փտր, 2022",8bxxiHvvtEY,14212,139,0,N/A
760,https://www.1tv.am/hy/video/Հարցազրույց-Սրբուհի-Գալյանի-հետ/193753,https://www.youtube.com/embed/1-N7t8xaEdI?autoplay=1&autohide=1,Հարցազրույց Սրբուհի Գալյանի հետ,21:30,"04 Փտր, 2022",1-N7t8xaEdI,13329,220,0,N/A
761,https://www.1tv.am/hy/video/Հարցազրույց-Արսեն-Թորոսյանի-հետ/193731,https://www.youtube.com/embed/OnRDylExiAk?autoplay=1&autohide=1,Հարցազրույց Արսեն Թորոսյանի հետ,21:30,"03 Փտր, 2022",OnRDylExiAk,8904,172,0,N/A
762,https://www.1tv.am/hy/video/Հարցազրույց-Վահագն-Խաչատուրյանի-հետ/193707,https://www.youtube.com/embed/zp_KA459KM0?autoplay=1&autohide=1,Հարցազրույց Վահագն Խաչատուրյանի հետ,21:30,"02 Փտր, 2022",zp_KA459KM0,35997,631,0,N/A
763,https://www.1tv.am/hy/video/Հարցազրույց-Ալեն-Սիմոնյանի-հետ/193679,https://www.youtube.com/embed/DUHV6M3yuZU?autoplay=1&autohide=1,Հարցազրույց Ալեն Սիմոնյանի հետ,21:30,"01 Փտր, 2022",DUHV6M3yuZU,41535,672,0,N/A
764,https://www.1tv.am/hy/video/Հարցազրույց-Տիգրան-Հակոբյանի-հետ/193664,https://www.youtube.com/embed/F1j6ejAAIGI?autoplay=1&autohide=1,Հարցազրույց Տիգրան Հակոբյանի հետ,21:45,"31 Հնվ, 2022",F1j6ejAAIGI,8543,117,0,N/A
765,https://www.1tv.am/hy/video/Հարցազրույց-Հակոբ-Արշակյանի-հետ/193564,https://www.youtube.com/embed/zJCb-f93Q_I?autoplay=1&autohide=1,Հարցազրույց Հակոբ Արշակյանի հետ,20:30,"28 Հնվ, 2022",zJCb-f93Q_I,14300,281,0,N/A
766,https://www.1tv.am/hy/video/Հարցազրույց-Հայկուհի-Մինասյանի-հետ/193561,https://www.youtube.com/embed/U2RExU8N9Pg?autoplay=1&autohide=1,Հարցազրույց Հայկուհի Մինասյանի հետ,20:30,"27 Հնվ, 2022",U2RExU8N9Pg,8317,169,0,N/A
767,https://www.1tv.am/hy/video/Հարցազրույց-Թագուհի-Թովմասյանի-հետ/193536,https://www.youtube.com/embed/IWxyKggF5GM?autoplay=1&autohide=1,Հարցազրույց Թագուհի Թովմասյանի հետ,21:30,"26 Հնվ, 2022",IWxyKggF5GM,9536,85,0,N/A
768,https://www.1tv.am/hy/video/Հարցազրույց-Քրիստիննե-Գրիգորյանի-հետ/193525,https://www.youtube.com/embed/uANEXCHUKa0?autoplay=1&autohide=1,Հարցազրույց Քրիստիննե Գրիգորյանի հետ,21:30,"25 Հնվ, 2022",uANEXCHUKa0,8825,191,0,N/A
769,https://www.1tv.am/hy/video/Հարցազրույց-Մարտիրոս-Մինասյանի-և-Միքայել-Պողոսյանի-հետ/192929,https://www.youtube.com/embed/vmVvW4xjwVg?autoplay=1&autohide=1,Հարցազրույց Մարտիրոս Մինասյանի և Միքայել Պողոսյանի հետ,21:30,"01 Հնվ, 2022",vmVvW4xjwVg,11124,101,0,N/A
770,https://www.1tv.am/hy/video/Լուրեր-Գլխավոր-թողարկում/192790,https://www.youtube.com/embed/VjKUe3erKbc?autoplay=1&autohide=1,Լուրեր. Գլխավոր թողարկում,21:00,"30 Դեկ, 2021",VjKUe3erKbc,36863,198,0,N/A
771,https://www.1tv.am/hy/video/Հարցազրույց-Սեյրան-Օհանյանի-հետ/192798,https://www.youtube.com/embed/KfvUCNOy5jE?autoplay=1&autohide=1,Հարցազրույց Սեյրան Օհանյանի հետ,21:15,"28 Դեկ, 2021",KfvUCNOy5jE,17951,95,0,N/A
772,https://www.1tv.am/hy/video/Հարցազրույց-Արմեն-Մուրադյանի-Ռուբեն-Բաբայանի-և-Հարություն-Խաչատրյանի-հետ/192693,https://www.youtube.com/embed/2F0FWkeIvHc?autoplay=1&autohide=1,"Հարցազրույց Արմեն Մուրադյանի, Ռուբեն Բաբայանի և Հարություն Խաչատրյանի հետ",21:15,"27 Դեկ, 2021",2F0FWkeIvHc,13850,149,0,N/A
773,https://www.1tv.am/hy/video/Հարցազրույց-Ռուստամ-Բադասյանի-հետ/192375,https://www.youtube.com/embed/zskasARxZtk?autoplay=1&autohide=1,Հարցազրույց Ռուստամ Բադասյանի հետ,21:15,"23 Դեկ, 2021",zskasARxZtk,10692,128,0,N/A
774,https://www.1tv.am/hy/video/Հարցազրույց-Հրաչյա-Սարգսյանի-հետ/192376,https://www.youtube.com/embed/Igusrb2doCA?autoplay=1&autohide=1,Հարցազրույց Հրաչյա Սարգսյանի հետ,21:10,"23 Դեկ, 2021",Igusrb2doCA,25944,347,0,N/A
775,https://www.1tv.am/hy/video/Հարցազրույց-Արմեն-Գրիգորյանի-հետ/192373,https://www.youtube.com/embed/zUqvuYWQgr0?autoplay=1&autohide=1,Հարցազրույց Արմեն Գրիգորյանի հետ,21:00,"22 Դեկ, 2021",zUqvuYWQgr0,23450,290,0,N/A
776,https://www.1tv.am/hy/video/Հարցազրույց-Վիկտոր-Մնացականյանի-հետ/192286,https://www.youtube.com/embed/NtZ5hipyUbM?autoplay=1&autohide=1,Հարցազրույց Վիկտոր Մնացականյանի հետ,21:15,"20 Դեկ, 2021",NtZ5hipyUbM,17311,159,0,N/A
777,https://www.1tv.am/hy/video/Հարցազրույց-Քրիստիննե-Գրիգորյանի-հետ/192158,https://www.youtube.com/embed/c8FOvK519C0?autoplay=1&autohide=1,Հարցազրույց Քրիստիննե Գրիգորյանի հետ,21:30,"18 Դեկ, 2021",c8FOvK519C0,13457,201,0,N/A
778,https://www.1tv.am/hy/video/Հարցազրույց-Թաթուլ-Հակոբյանի-հետ/192052,https://www.youtube.com/embed/Z1zAwwz8UxY?autoplay=1&autohide=1,Հարցազրույց Թաթուլ Հակոբյանի հետ,21:30,"15 Դեկ, 2021",Z1zAwwz8UxY,23048,256,0,N/A
779,https://www.1tv.am/hy/video/Հարցազրույց-Աղվան-Վարդանյանի-հետ/191999,https://www.youtube.com/embed/DYizVp1THqQ?autoplay=1&autohide=1,Հարցազրույց Աղվան Վարդանյանի հետ,21:15,"14 Դեկ, 2021",DYizVp1THqQ,18553,183,0,N/A
780,https://www.1tv.am/hy/video/Հարցազրույց-Վահագն-Ալեքսանյանի-հետ/191928,https://www.youtube.com/embed/lJT2Elupvsw?autoplay=1&autohide=1,Հարցազրույց Վահագն Ալեքսանյանի հետ,21:30,"13 Դեկ, 2021",lJT2Elupvsw,29492,632,0,N/A
781,https://www.1tv.am/hy/video/Հարցազրույց-Հայկ-Մամիջանյանի-հետ/191828,https://www.youtube.com/embed/a3LCyQvoMLA?autoplay=1&autohide=1,Հարցազրույց Հայկ Մամիջանյանի հետ,21:30,"10 Դեկ, 2021",a3LCyQvoMLA,13104,95,0,N/A
782,https://www.1tv.am/hy/video/Հարցազրույց-Սուրեն-Թովմասյանի-հետ/191755,https://www.youtube.com/embed/35_R-aOJwNQ?autoplay=1&autohide=1,Հարցազրույց Սուրեն Թովմասյանի հետ,21:15,"09 Դեկ, 2021",35_R-aOJwNQ,14553,114,0,N/A
783,https://www.1tv.am/hy/video/Հարցազրույց-Հրաչյա-Հակոբյանի-հետ/191719,https://www.youtube.com/embed/lgoyQIzYcbs?autoplay=1&autohide=1,Հարցազրույց Հրաչյա Հակոբյանի հետ,21:15,"08 Դեկ, 2021",lgoyQIzYcbs,21754,376,0,N/A
784,https://www.1tv.am/hy/video/Հարցազրույց-Նազելի-Բաղդասարյանի-հետ/191655,https://www.youtube.com/embed/cKMp_wGrOxY?autoplay=1&autohide=1,Հարցազրույց Նազելի Բաղդասարյանի հետ,21:15,"07 Դեկ, 2021",cKMp_wGrOxY,12487,193,0,N/A
785,https://www.1tv.am/hy/video/Հարցազրույց-Արամ-Սարգսյանի-հետ/191592,https://www.youtube.com/embed/fKje_vRJkmE?autoplay=1&autohide=1,Հարցազրույց Արամ Սարգսյանի հետ,21:15,"06 Դեկ, 2021",fKje_vRJkmE,50825,812,0,N/A
786,https://www.1tv.am/hy/video/Հարցազրույց-Արթուր-Հովհաննիսյանի-հետ/191442,https://www.youtube.com/embed/nx36QRne71o?autoplay=1&autohide=1,Հարցազրույց Արթուր Հովհաննիսյանի հետ,21:40,"03 Դեկ, 2021",nx36QRne71o,20862,238,0,N/A
787,https://www.1tv.am/hy/video/Հարցազրույց-Գարեգին-Բաղրամյանի-հետ/191325,https://www.youtube.com/embed/kGjK39SYJKU?autoplay=1&autohide=1,Հարցազրույց Գարեգին Բաղրամյանի հետ,21:30,"01 Դեկ, 2021",kGjK39SYJKU,10814,65,0,N/A
788,https://www.1tv.am/hy/video/Հարցազրույց-Հովհաննես-Մովսիսյանի-հետ/191223,https://www.youtube.com/embed/8AySZlLb9h0?autoplay=1&autohide=1,Հարցազրույց Հովհաննես Մովսիսյանի հետ,21:30,"29 Նմբ, 2021",8AySZlLb9h0,7604,80,0,N/A
789,https://www.1tv.am/hy/video/Հարցազրույց-Ստեփան-Գրիգորյանի-հետ/191124,https://www.youtube.com/embed/lZDCNC_DWt8?autoplay=1&autohide=1,Հարցազրույց Ստեփան Գրիգորյանի հետ,21:00,"28 Նմբ, 2021",lZDCNC_DWt8,89576,1183,0,N/A
790,https://www.1tv.am/hy/video/Հարցազրույց-Էդմոն-Մարուքյանի-հետ/191025,https://www.youtube.com/embed/Z8_3ynjWNpw?autoplay=1&autohide=1,Հարցազրույց Էդմոն Մարուքյանի հետ,21:45,"25 Նմբ, 2021",Z8_3ynjWNpw,51676,624,0,N/A
791,https://www.1tv.am/hy/video/Հարցազրույց-Հայկ-Կոնջորյանի-հետ/190948,https://www.youtube.com/embed/6mW2Z9NCPTQ?autoplay=1&autohide=1,Հարցազրույց Հայկ Կոնջորյանի հետ,21:15,"24 Նմբ, 2021",6mW2Z9NCPTQ,15716,256,0,N/A
792,https://www.1tv.am/hy/video/Հարցազրույց-Կոնստանտին-Զատուլինի-հետ/190873,https://www.youtube.com/embed/2xFcV9fzaXk?autoplay=1&autohide=1,Հարցազրույց Կոնստանտին Զատուլինի հետ,20:30,"23 Նմբ, 2021",2xFcV9fzaXk,79955,850,0,N/A
793,https://www.1tv.am/hy/video/ՀՀ-վարչապետ-Նիկոլ-Փաշինյանի-ասուլիսը/190876,https://www.youtube.com/embed/oZ0i0AwmfEM?autoplay=1&autohide=1,ՀՀ վարչապետ Նիկոլ Փաշինյանի ասուլիսը,19:15,"23 Նմբ, 2021",oZ0i0AwmfEM,149831,774,226,N/A
794,https://www.1tv.am/hy/video/Հարցազրույց-Վան-Ահարոնյանի-հետ/190818,https://www.youtube.com/embed/H_8I4bY0xX4?autoplay=1&autohide=1,Հարցազրույց Վան Ահարոնյանի հետ,21:50,"22 Նմբ, 2021",H_8I4bY0xX4,36408,706,0,N/A
795,https://www.1tv.am/hy/video/Հարցազրույց-Տիգրան-Աբրահամյանի-հետ/190618,https://www.youtube.com/embed/tNBaYAhV2l0?autoplay=1&autohide=1,Հարցազրույց Տիգրան Աբրահամյանի հետ,21:20,"18 Նմբ, 2021",tNBaYAhV2l0,19334,104,0,N/A
796,https://www.1tv.am/hy/video/Հարցազրույց-Գուրգեն-Արսենյանի-հետ/190550,https://www.youtube.com/embed/Q4qZ4G8AMlo?autoplay=1&autohide=1,Հարցազրույց Գուրգեն Արսենյանի հետ,21:15,"17 Նմբ, 2021",Q4qZ4G8AMlo,46098,713,0,N/A
797,https://www.1tv.am/hy/video/Հարցազրույց-Անդրանիկ-Քոչարյանի-հետ/190471,https://www.youtube.com/embed/qIcu6aHfXHI?autoplay=1&autohide=1,Հարցազրույց Անդրանիկ Քոչարյանի հետ,21:30,"16 Նմբ, 2021",qIcu6aHfXHI,75769,1251,0,N/A
798,https://www.1tv.am/hy/video/Հարցազրույց-Ռուբեն-Ռուբինյանի-հետ/190396,https://www.youtube.com/embed/ZOj-q8M0ros?autoplay=1&autohide=1,Հարցազրույց Ռուբեն Ռուբինյանի հետ,21:30,"15 Նմբ, 2021",ZOj-q8M0ros,34238,522,0,N/A
799,https://www.1tv.am/hy/video/Հարցազրույց-Դավիթ-Դանիելյանի-հետ/190346,https://www.youtube.com/embed/xwK5YfF8PrM?autoplay=1&autohide=1,Հարցազրույց Դավիթ Դանիելյանի հետ,21:45,"12 Նմբ, 2021",xwK5YfF8PrM,17247,313,0,N/A
800,https://www.1tv.am/hy/video/Հարցազրույց-Արմեն-Գրիգորյանի-հետ/190223,https://www.youtube.com/embed/eDN4uWLIDgE?autoplay=1&autohide=1,Հարցազրույց Արմեն Գրիգորյանի հետ,21:30,"11 Նմբ, 2021",eDN4uWLIDgE,23801,288,0,N/A
801,https://www.1tv.am/hy/video/Հարցազրույց-Էդուարդ-Աղաջանյանի-հետ/190138,https://www.youtube.com/embed/LDIl1W0U3Cs?autoplay=1&autohide=1,Հարցազրույց Էդուարդ Աղաջանյանի հետ,21:50,"10 Նմբ, 2021",LDIl1W0U3Cs,16284,237,0,N/A
802,https://www.1tv.am/hy/video/Հարցազրույց-Սերգեյ-Կոպիրկինի-հետ/190068,https://www.youtube.com/embed/z_O0Xfck98g?autoplay=1&autohide=1,Հարցազրույց Սերգեյ Կոպիրկինի հետ,21:30,"09 Նմբ, 2021",z_O0Xfck98g,11536,61,0,N/A
803,https://www.1tv.am/hy/video/Հարցազրույց-Հայկ-Կոնջորյանի-հետ/190022,https://www.youtube.com/embed/iyEFOnQDfFI?autoplay=1&autohide=1,Հարցազրույց Հայկ Կոնջորյանի հետ,21:30,"08 Նմբ, 2021",iyEFOnQDfFI,24887,508,0,N/A
804,https://www.1tv.am/hy/video/Հարցազրույց-Նիկոլ-Փաշինյանի-հետ/189851,https://www.youtube.com/embed/hCW05C3hxQM?autoplay=1&autohide=1,Հարցազրույց Նիկոլ Փաշինյանի հետ,21:25,"07 Նմբ, 2021",hCW05C3hxQM,7525,73,30,N/A
805,https://www.1tv.am/hy/video/Հարցազրույց-Եղիշե-Կիրակոսյանի-հետ/189977,https://www.youtube.com/embed/J8VksuAf39k?autoplay=1&autohide=1,Հարցազրույց Եղիշե Կիրակոսյանի հետ,21:45,"05 Նմբ, 2021",J8VksuAf39k,10902,208,0,N/A
806,https://www.1tv.am/hy/video/Հարցազրույց-Ներսես-Երիցյանի-հետ/189769,https://www.youtube.com/embed/cU6Vi-SmNzk?autoplay=1&autohide=1,Հարցազրույց Ներսես Երիցյանի հետ,21:15,"04 Նմբ, 2021",cU6Vi-SmNzk,8675,69,0,N/A
807,https://www.1tv.am/hy/video/Հարցազրույց-Սամվել-Բաբայանի-հետ/189684,https://www.youtube.com/embed/g2tugYdOW3o?autoplay=1&autohide=1,Հարցազրույց Սամվել Բաբայանի հետ,21:25,"03 Նմբ, 2021",g2tugYdOW3o,219811,2232,0,N/A
808,https://www.1tv.am/hy/video/Հարցազրույց-Անահիտ-Ավանեսյանի-հետ/189593,https://www.youtube.com/embed/oyagljM8JbA?autoplay=1&autohide=1,Հարցազրույց Անահիտ Ավանեսյանի հետ,21:30,"02 Նմբ, 2021",oyagljM8JbA,7717,121,0,N/A
809,https://www.1tv.am/hy/video/Հարցազրույց-Վիգեն-Խաչատրյանի-հետ/189530,https://www.youtube.com/embed/TzxTWHB8iis?autoplay=1&autohide=1,Հարցազրույց Վիգեն Խաչատրյանի հետ,21:15,"01 Նմբ, 2021",TzxTWHB8iis,42506,835,0,N/A
810,https://www.1tv.am/hy/video/Հարցազրույց-Վարդան-Պետրոսյանի-հետ/189374,https://www.youtube.com/embed/Fm2FGMq-yAA?autoplay=1&autohide=1,Հարցազրույց Վարդան Պետրոսյանի հետ,21:30,"29 Հոկ, 2021",Fm2FGMq-yAA,26959,388,0,N/A
811,https://www.1tv.am/hy/video/Հարցազրույց-Հայկ-Եսայանի-հետ/189371,https://www.youtube.com/embed/Io7O3ynMHHQ?autoplay=1&autohide=1,Հարցազրույց Հայկ Եսայանի հետ,19:00,"29 Հոկ, 2021",Io7O3ynMHHQ,8167,109,0,N/A
812,https://www.1tv.am/hy/video/Հարցազրույց-Սուրեն-Պապիկյանի-հետ/189323,https://www.youtube.com/embed/ZrFVWCZFROM?autoplay=1&autohide=1,Հարցազրույց Սուրեն Պապիկյանի հետ,21:30,"28 Հոկ, 2021",ZrFVWCZFROM,81680,814,0,N/A
813,https://www.1tv.am/hy/video/Հարցազրույց-Գարիկ-Իսրայելյանի-հետ/189239,https://www.youtube.com/embed/T_7i0EumoS8?autoplay=1&autohide=1,Հարցազրույց Գարիկ Իսրայելյանի հետ,21:40,"27 Հոկ, 2021",T_7i0EumoS8,6110,130,0,N/A
814,https://www.1tv.am/hy/video/Հարցազրույց-Արծվիկ-Մինասյանի-հետ/189208,https://www.youtube.com/embed/6P39mxJo2fo?autoplay=1&autohide=1,Հարցազրույց Արծվիկ Մինասյանի հետ,21:15,"26 Հոկ, 2021",6P39mxJo2fo,31145,547,0,N/A
815,https://www.1tv.am/hy/video/Հարցազրույց-Գևորգ-Պապոյանի-հետ/189129,https://www.youtube.com/embed/JONslVzHJB0?autoplay=1&autohide=1,Հարցազրույց Գևորգ Պապոյանի հետ,22:30,"25 Հոկ, 2021",JONslVzHJB0,11079,197,0,N/A
816,https://www.1tv.am/hy/video/Հարցազրույց-Արտակ-Մանուկյանի-հետ/188991,https://www.youtube.com/embed/6h6SFEGr7ow?autoplay=1&autohide=1,Հարցազրույց Արտակ Մանուկյանի հետ,21:30,"22 Հոկ, 2021",6h6SFEGr7ow,8477,111,0,N/A
817,https://www.1tv.am/hy/video/Հարցազրույց-Վահրամ-Պետրոսյանի-և-Մովսես-Վարդանյանի-հետ/188915,https://www.youtube.com/embed/9AALhbBObak?autoplay=1&autohide=1,Հարցազրույց Վահրամ Պետրոսյանի և Մովսես Վարդանյանի հետ,21:40,"21 Հոկ, 2021",9AALhbBObak,24253,252,0,N/A
818,https://www.1tv.am/hy/video/Հարցազրույց-Տիգրան-Աբրահամյանի-հետ/188851,https://www.youtube.com/embed/4PmeL7tT550?autoplay=1&autohide=1,Հարցազրույց Տիգրան Աբրահամյանի հետ,21:30,"20 Հոկ, 2021",4PmeL7tT550,6351,26,0,N/A
819,https://www.1tv.am/hy/video/Հարցազրույց-Արուսյակ-Ջուլհակյանի-հետ/188786,https://www.youtube.com/embed/61MCCaiFcDs?autoplay=1&autohide=1,Հարցազրույց Արուսյակ Ջուլհակյանի հետ,21:30,"19 Հոկ, 2021",61MCCaiFcDs,10146,180,0,N/A
820,https://www.1tv.am/hy/video/Հարցազրույց-Տիգրան-Հակոբյանի-հետ/188701,https://www.youtube.com/embed/cHERxY8NFF8?autoplay=1&autohide=1,Հարցազրույց Տիգրան Հակոբյանի հետ,21:15,"18 Հոկ, 2021",cHERxY8NFF8,12982,137,0,N/A
821,https://www.1tv.am/hy/video/Հարցազրույց-Ռուբեն-Վարդանյանի-հետ/188474,https://www.youtube.com/embed/HYStUlrOdwM?autoplay=1&autohide=1,Հարցազրույց Ռուբեն Վարդանյանի հետ,21:40,"14 Հոկ, 2021",HYStUlrOdwM,46107,614,0,N/A
822,https://www.1tv.am/hy/video/Հարցազրույց-Արմեն-Ղազարյանի-հետ/188462,https://www.youtube.com/embed/5-ZDiRbKq7k?autoplay=1&autohide=1,Հարցազրույց Արմեն Ղազարյանի հետ,21:15,"13 Հոկ, 2021",5-ZDiRbKq7k,10909,107,0,N/A
823,https://www.1tv.am/hy/video/Հարցազրույց-Էդմոն-Մարուքյանի-հետ/188340,https://www.youtube.com/embed/9c1e_XAgZVM?autoplay=1&autohide=1,Հարցազրույց Էդմոն Մարուքյանի հետ,21:30,"11 Հոկ, 2021",9c1e_XAgZVM,43735,819,0,N/A
824,https://www.1tv.am/hy/video/Հարցազրույց-Վարվառա-Հովհաննիսյանի-հետ/188225,https://www.youtube.com/embed/712mLvZRLsw?autoplay=1&autohide=1,Հարցազրույց Վարվառա Հովհաննիսյանի հետ,21:35,"09 Հոկ, 2021",712mLvZRLsw,1907,9,0,N/A
825,https://www.1tv.am/hy/video/Հարցազրույց-Հովիկ-Սաֆոյանի-հետ/188160,https://www.youtube.com/embed/cZxsUtmJh4Y?autoplay=1&autohide=1,Հարցազրույց Հովիկ Սաֆոյանի հետ,20:30,"08 Հոկ, 2021",cZxsUtmJh4Y,27022,447,0,N/A
826,https://www.1tv.am/hy/video/Հարցազրույց-Արմեն-Խաչատրյանի-հետ/188120,https://www.youtube.com/embed/n8d9iUmz_Zc?autoplay=1&autohide=1,Հարցազրույց Արմեն Խաչատրյանի հետ,21:30,"07 Հոկ, 2021",n8d9iUmz_Zc,17909,252,0,N/A
827,https://www.1tv.am/hy/video/Հարցազրույց-Տաթևիկ-Ռևազյանի-հետ/188064,https://www.youtube.com/embed/i1bT0vJVgnQ?autoplay=1&autohide=1,Հարցազրույց Տաթևիկ Ռևազյանի հետ,21:30,"06 Հոկ, 2021",i1bT0vJVgnQ,26712,457,0,N/A
828,https://www.1tv.am/hy/video/Հարցազրույց-Էդիկ-Բաղդասարյանի-և-Վահե-Սարուխանյանի-հետ/188002,https://www.youtube.com/embed/1Bmd38CTKec?autoplay=1&autohide=1,Հարցազրույց Էդիկ Բաղդասարյանի և Վահե Սարուխանյանի հետ,21:30,"05 Հոկ, 2021",1Bmd38CTKec,33432,368,0,N/A
829,https://www.1tv.am/hy/video/Հարցազրույց-Ռոման-Տրոցենկոյի-հետ/187922,https://www.youtube.com/embed/FXuKI_jVUxM?autoplay=1&autohide=1,Հարցազրույց Ռոման Տրոցենկոյի հետ,22:15,"04 Հոկ, 2021",FXuKI_jVUxM,23522,355,0,N/A
830,https://www.1tv.am/hy/video/Հարցազրույց-Արմեն-Գրիգորյանի-հետ/187780,https://www.youtube.com/embed/QvPl3S8KczM?autoplay=1&autohide=1,Հարցազրույց Արմեն Գրիգորյանի հետ,20:30,"01 Հոկ, 2021",QvPl3S8KczM,34138,322,0,N/A
831,https://www.1tv.am/hy/video/Հարցազրույց-Ռուբեն-Ստեփանյանի-հետ/187687,https://www.youtube.com/embed/jc4CR5xjlRs?autoplay=1&autohide=1,Հարցազրույց Ռուբեն Ստեփանյանի հետ,21:30,"30 Սեպ, 2021",jc4CR5xjlRs,9275,90,0,N/A
832,https://www.1tv.am/hy/video/Հարցազրույց-Արման-Բաբաջանյանի-հետ/187627,https://www.youtube.com/embed/g8RBGuFD6aU?autoplay=1&autohide=1,Հարցազրույց Արման Բաբաջանյանի հետ,21:30,"29 Սեպ, 2021",g8RBGuFD6aU,36876,702,0,N/A
833,https://www.1tv.am/hy/video/Հարցազրույց-Լենա-Նանուշյանի-հետ/187575,https://www.youtube.com/embed/arbmPhd7gNY?autoplay=1&autohide=1,Հարցազրույց Լենա Նանուշյանի հետ,21:45,"28 Սեպ, 2021",arbmPhd7gNY,9756,111,0,N/A
834,https://www.1tv.am/hy/video/Հարցազրույց-Հայկ-Մամիջանյանի-հետ/187488,https://www.youtube.com/embed/8VlDzN1XVOo?autoplay=1&autohide=1,Հարցազրույց Հայկ Մամիջանյանի հետ,21:55,"27 Սեպ, 2021",8VlDzN1XVOo,7613,62,0,N/A
835,https://www.1tv.am/hy/video/Հարցազրույց-Անդրանիկ-Քոչարյանի-հետ/187486,https://www.youtube.com/embed/NpmQ78xPGtk?autoplay=1&autohide=1,Հարցազրույց Անդրանիկ Քոչարյանի հետ,21:45,"27 Սեպ, 2021",NpmQ78xPGtk,47031,696,0,N/A
836,https://www.1tv.am/hy/video/Հարցազրույց-Արամ-Սարգսյանի-հետ/187482,https://www.youtube.com/embed/AwOF9zBLTqE?autoplay=1&autohide=1,Հարցազրույց Արամ Սարգսյանի հետ,18:50,"27 Սեպ, 2021",AwOF9zBLTqE,88369,1139,0,N/A
837,https://www.1tv.am/hy/video/Հարցազրույց-Էդմոն-Մարուքյանի-հետ/187464,https://www.youtube.com/embed/1zdViaK_CcE?autoplay=1&autohide=1,Հարցազրույց Էդմոն Մարուքյանի հետ,17:30,"27 Սեպ, 2021",1zdViaK_CcE,20330,170,0,N/A
838,https://www.1tv.am/hy/video/Հարցազրույց-Վահե-Ղալումյանի-հետ/187366,https://www.youtube.com/embed/XRzPSgUnGw8?autoplay=1&autohide=1,Հարցազրույց Վահե Ղալումյանի հետ,21:40,"24 Սեպ, 2021",XRzPSgUnGw8,14686,173,0,N/A
839,https://www.1tv.am/hy/video/Հարցազրույց-Արտակ-Բեգլարյանի-հետ/187288,https://www.youtube.com/embed/8yW90SQpEAY?autoplay=1&autohide=1,Հարցազրույց Արտակ Բեգլարյանի հետ,22:00,"23 Սեպ, 2021",8yW90SQpEAY,8100,93,0,N/A
840,https://www.1tv.am/hy/video/Հարցազրույց-Վահան-Քերոբյանի-հետ/187230,https://www.youtube.com/embed/BfUBNZo9n-Y?autoplay=1&autohide=1,Հարցազրույց Վահան Քերոբյանի հետ,22:20,"22 Սեպ, 2021",BfUBNZo9n-Y,11100,229,0,N/A
841,https://www.1tv.am/hy/video/Հարցազրույց-Արամ-Մանուկյանի-հետ/187179,https://www.youtube.com/embed/l7Nf_5MeEFs?autoplay=1&autohide=1,Հարցազրույց Արամ Մանուկյանի հետ,22:30,"21 Սեպ, 2021",l7Nf_5MeEFs,15498,130,0,N/A
842,https://www.1tv.am/hy/video/Հարցազրույց-Լին-Թրեյսիի-հետ/187100,https://www.youtube.com/embed/xHMdUtQrPtI?autoplay=1&autohide=1,Հարցազրույց Լին Թրեյսիի հետ,21:30,"20 Սեպ, 2021",xHMdUtQrPtI,37822,669,0,N/A
843,https://www.1tv.am/hy/video/Հարցազրույց-Արմեն-Մուրադյանի-հետ/186907,https://www.youtube.com/embed/73cxSmaccoY?autoplay=1&autohide=1,Հարցազրույց Արմեն Մուրադյանի հետ,21:30,"17 Սեպ, 2021",73cxSmaccoY,12940,170,0,N/A
844,https://www.1tv.am/hy/video/Հարցազրույց-Արթուր-Ղազինյանի-հետ/186903,https://www.youtube.com/embed/vJPUEjG4n6c?autoplay=1&autohide=1,Հարցազրույց Արթուր Ղազինյանի հետ,21:45,"16 Սեպ, 2021",vJPUEjG4n6c,8335,45,0,N/A
845,https://www.1tv.am/hy/video/Հարցազրույց-Գագիկ-Ջհանգիրյանի-հետ/186828,https://www.youtube.com/embed/ZdLfzITH4As?autoplay=1&autohide=1,Հարցազրույց Գագիկ Ջհանգիրյանի հետ,21:30,"15 Սեպ, 2021",ZdLfzITH4As,45448,593,0,N/A
846,https://www.1tv.am/hy/video/Հարցազրույց-Անդրանիկ-Քոչարյանի-հետ/186779,https://www.youtube.com/embed/t32gTnDauZ4?autoplay=1&autohide=1,Հարցազրույց Անդրանիկ Քոչարյանի հետ,21:30,"14 Սեպ, 2021",t32gTnDauZ4,51905,788,0,N/A
847,https://www.1tv.am/hy/video/Հարցազրույց-Գնել-Սանոսյանի-հետ/186649,https://www.youtube.com/embed/tqJdURINt5s?autoplay=1&autohide=1,Հարցազրույց Գնել Սանոսյանի հետ,22:30,"13 Սեպ, 2021",tqJdURINt5s,6773,87,0,N/A
848,https://www.1tv.am/hy/video/Հարցազրույց-Արմեն-Մելիքբեկյանի-հետ/186573,https://www.youtube.com/embed/OmCQR5NQ2iE?autoplay=1&autohide=1,Հարցազրույց Արմեն Մելիքբեկյանի հետ,21:35,"12 Սեպ, 2021",OmCQR5NQ2iE,12968,143,0,N/A
849,https://www.1tv.am/hy/video/Հարցազրույց-Գեղամ-Ստեփանյանի-հետ/186467,https://www.youtube.com/embed/gyI1DaW4p6c?autoplay=1&autohide=1,Հարցազրույց Գեղամ Ստեփանյանի հետ,22:00,"09 Սեպ, 2021",gyI1DaW4p6c,7115,42,0,N/A
850,https://www.1tv.am/hy/video/Հարցազրույց-Հովհաննես-Հարությունյանի-հետ/186425,https://www.youtube.com/embed/JngRnpfJ4Ms?autoplay=1&autohide=1,Հարցազրույց Հովհաննես Հարությունյանի հետ,21:35,"08 Սեպ, 2021",JngRnpfJ4Ms,12629,114,0,N/A
851,https://www.1tv.am/hy/video/Հարցազրույց-Մանե-Թանդիլյանի-հետ/186374,https://www.youtube.com/embed/TmKmKa1BROk?autoplay=1&autohide=1,Հարցազրույց Մանե Թանդիլյանի հետ,21:30,"07 Սեպ, 2021",TmKmKa1BROk,8220,58,0,N/A
852,https://www.1tv.am/hy/video/Հարցազրույց-Արման-Խոջոյանի-հետ/186347,https://www.youtube.com/embed/b2xQFDxqT6M?autoplay=1&autohide=1,Հարցազրույց Արման Խոջոյանի հետ,21:30,"06 Սեպ, 2021",b2xQFDxqT6M,14398,191,0,N/A
853,https://www.1tv.am/hy/video/Հարցազրույց-Տիգրան-Ձիթողցյանի-հետ/186270,https://www.youtube.com/embed/QZSJBl9We_E?autoplay=1&autohide=1,Հարցազրույց Տիգրան Ձիթողցյանի հետ,21:30,"05 Սեպ, 2021",QZSJBl9We_E,20214,315,0,N/A
854,https://www.1tv.am/hy/video/Հարցազրույց-Կարեն-Անդրեասյանի-հետ/186229,https://www.youtube.com/embed/CZl2rWfm2Vc?autoplay=1&autohide=1,Հարցազրույց Կարեն Անդրեասյանի հետ,21:30,"02 Սեպ, 2021",CZl2rWfm2Vc,39982,686,0,N/A
855,https://www.1tv.am/hy/video/Հարցազրույց-Հրանտ-Տեր-Աբրահամյանի-հետ/186185,https://www.youtube.com/embed/0gq7b4IyWKk?autoplay=1&autohide=1,Հարցազրույց Հրանտ Տեր-Աբրահամյանի հետ,21:30,"01 Սեպ, 2021",0gq7b4IyWKk,18169,181,0,N/A
856,https://www.1tv.am/hy/video/Հարցազրույց-Արամ-Սարգսյանի-հետ/186151,https://www.youtube.com/embed/WoU5OiFq5AQ?autoplay=1&autohide=1,Հարցազրույց Արամ Սարգսյանի հետ,21:15,"31 Օգս, 2021",WoU5OiFq5AQ,97642,1470,0,N/A
857,https://www.1tv.am/hy/video/Հարցազրույց-Վահե-Հակոբյանի-հետ/186130,https://www.youtube.com/embed/709Z9iv4EoE?autoplay=1&autohide=1,Հարցազրույց Վահե Հակոբյանի հետ,21:10,"30 Օգս, 2021",709Z9iv4EoE,42580,768,0,N/A
858,https://www.1tv.am/hy/video/Հարցազրույց-Արծրուն-Հովհաննիսյանի-հետ/186078,https://www.youtube.com/embed/FseCqvjb3fo?autoplay=1&autohide=1,Հարցազրույց Արծրուն Հովհաննիսյանի հետ,21:15,"27 Օգս, 2021",FseCqvjb3fo,179590,2617,0,N/A
859,https://www.1tv.am/hy/video/Հարցազրույց-Հակոբ-Վարդանյանի-հետ/186077,https://www.youtube.com/embed/sR7jF87yILU?autoplay=1&autohide=1,Հարցազրույց Հակոբ Վարդանյանի հետ,20:30,"27 Օգս, 2021",sR7jF87yILU,3218,26,0,N/A
860,https://www.1tv.am/hy/video/Հարցազրույց-Սեյրան-Օհանյանի-հետ/186032,https://www.youtube.com/embed/gI3WwMIbvaI?autoplay=1&autohide=1,Հարցազրույց Սեյրան Օհանյանի հետ,21:15,"26 Օգս, 2021",gI3WwMIbvaI,52615,1063,0,N/A
861,https://www.1tv.am/hy/video/Հարցազրույց-Անդրանիկ-Քոչարյանի-հետ/185975,https://www.youtube.com/embed/M4cVkirX9qg?autoplay=1&autohide=1,Հարցազրույց Անդրանիկ Քոչարյանի հետ,21:50,"25 Օգս, 2021",M4cVkirX9qg,100607,1268,0,N/A
862,https://www.1tv.am/hy/video/Հարցազրույց-Վիգեն-Խաչատրյանի-հետ/185934,https://www.youtube.com/embed/q-CDKL7cnis?autoplay=1&autohide=1,Հարցազրույց Վիգեն Խաչատրյանի հետ,21:45,"24 Օգս, 2021",q-CDKL7cnis,51436,958,0,N/A
863,https://www.1tv.am/hy/video/Հարցազրույց-Արմեն-Գրիգորյանի-հետ/185825,https://www.youtube.com/embed/S9y7UAMyvsQ?autoplay=1&autohide=1,Հարցազրույց Արմեն Գրիգորյանի հետ,21:30,"20 Օգս, 2021",S9y7UAMyvsQ,22065,281,0,N/A
864,https://www.1tv.am/hy/video/Հարցազրույց-Վահան-Քերոբյանի-հետ/185780,https://www.youtube.com/embed/E3W_hssYYvc?autoplay=1&autohide=1,Հարցազրույց Վահան Քերոբյանի հետ,21:30,"19 Օգս, 2021",E3W_hssYYvc,10424,172,0,N/A
865,https://www.1tv.am/hy/video/Հարցազրույց-Հովհաննես-Հովհաննիսյանի-հետ/185717,https://www.youtube.com/embed/V5IGX5WZL6c?autoplay=1&autohide=1,Հարցազրույց Հովհաննես Հովհաննիսյանի հետ,21:30,"18 Օգս, 2021",V5IGX5WZL6c,14895,151,0,N/A
866,https://www.1tv.am/hy/video/Հարցազրույց-Անահիտ-Ավանեսյանի-հետ/185691,https://www.youtube.com/embed/vqnneCS2qaI?autoplay=1&autohide=1,Հարցազրույց Անահիտ Ավանեսյանի հետ,21:30,"17 Օգս, 2021",vqnneCS2qaI,5587,62,0,N/A
867,https://www.1tv.am/hy/video/Հարցազրույց-Ռուբեն-Ռուբինյանի-հետ/185648,https://www.youtube.com/embed/g68QLnC2Hv8?autoplay=1&autohide=1,Հարցազրույց Ռուբեն Ռուբինյանի հետ,21:30,"16 Օգս, 2021",g68QLnC2Hv8,20413,315,0,N/A
868,https://www.1tv.am/hy/video/Հարցազրույց-Արման-Դիլանյանի-հետ/185017,https://www.youtube.com/embed/qm5OPcvYHzk?autoplay=1&autohide=1,Հարցազրույց Արման Դիլանյանի հետ,21:20,"26 Հլս, 2021",qm5OPcvYHzk,20029,216,0,N/A
869,https://www.1tv.am/hy/video/Հարցազրույց-Տիգրան-Ուլիխանյանի-հետ/184947,https://www.youtube.com/embed/ARCSaClfJN8?autoplay=1&autohide=1,Հարցազրույց Տիգրան Ուլիխանյանի հետ,20:30,"23 Հլս, 2021",ARCSaClfJN8,17828,230,0,N/A
870,https://www.1tv.am/hy/video/Հարցազրույց-Արթուր-Վանեցյանի-հետ/184861,https://www.youtube.com/embed/UaquHqXWHrA?autoplay=1&autohide=1,Հարցազրույց Արթուր Վանեցյանի հետ,21:30,"21 Հլս, 2021",UaquHqXWHrA,16555,90,0,N/A
871,https://www.1tv.am/hy/video/Հարցազրույց-Գագիկ-Մելքոնյանի-հետ/184823,https://www.youtube.com/embed/s9i5JfdQHa4?autoplay=1&autohide=1,Հարցազրույց Գագիկ Մելքոնյանի հետ,20:30,"20 Հլս, 2021",s9i5JfdQHa4,53534,803,0,N/A
872,https://www.1tv.am/hy/video/Հարցազրույց-Արման-Եղոյանի-հետ/184778,https://www.youtube.com/embed/eJiUA3ZNhGs?autoplay=1&autohide=1,Հարցազրույց Արման Եղոյանի հետ,21:30,"19 Հլս, 2021",eJiUA3ZNhGs,17847,292,0,N/A
873,https://www.1tv.am/hy/video/Հարցազրույց-Տաթևիկ-Հայրապետյանի-հետ/184678,https://www.youtube.com/embed/wenZKEaG_2w?autoplay=1&autohide=1,Հարցազրույց Տաթևիկ Հայրապետյանի հետ,21:15,"16 Հլս, 2021",wenZKEaG_2w,10593,161,0,N/A
874,https://www.1tv.am/hy/video/Հարցազրույց-Տաթևիկ-Ռևազյանի-հետ/184620,https://www.youtube.com/embed/KXLnQCyv1qU?autoplay=1&autohide=1,Հարցազրույց Տաթևիկ Ռևազյանի հետ,21:45,"15 Հլս, 2021",KXLnQCyv1qU,19524,433,0,N/A
875,https://www.1tv.am/hy/video/Հարցազրույց-Ռուստամ-Բադասյանի-հետ/184587,https://www.youtube.com/embed/b7fAtM2-xxk?autoplay=1&autohide=1,Հարցազրույց Ռուստամ Բադասյանի հետ,20:30,"14 Հլս, 2021",b7fAtM2-xxk,23506,448,0,N/A
876,https://www.1tv.am/hy/video/Հարցազրույց-Տիգրան-Եգորյանի-հետ/184479,https://www.youtube.com/embed/A-gQxXeeNiQ?autoplay=1&autohide=1,Հարցազրույց Տիգրան Եգորյանի հետ,21:30,"12 Հլս, 2021",A-gQxXeeNiQ,15185,266,0,N/A
877,https://www.1tv.am/hy/video/Հարցազրույց-Արման-Բաբաջանյանի-հետ/184411,https://www.youtube.com/embed/RDYXmJdMx0M?autoplay=1&autohide=1,Հարցազրույց Արման Բաբաջանյանի հետ,20:15,"10 Հլս, 2021",RDYXmJdMx0M,28254,732,0,N/A
878,https://www.1tv.am/hy/video/Հարցազրույց-Էլեն-Հարությունյանի-և-Կարեն-Հովհաննիսյանի-հետ/184306,https://www.youtube.com/embed/z4i25ZcNLSg?autoplay=1&autohide=1,Հարցազրույց Էլեն Հարությունյանի և Կարեն Հովհաննիսյանի հետ,21:30,"08 Հլս, 2021",z4i25ZcNLSg,17637,285,0,N/A
879,https://www.1tv.am/hy/video/Հարցազրույց-Հայկ-Մամիջանյանի-հետ/184255,https://www.youtube.com/embed/rSgPhtg49gc?autoplay=1&autohide=1,Հարցազրույց Հայկ Մամիջանյանի հետ,21:40,"07 Հլս, 2021",rSgPhtg49gc,6770,27,0,N/A
880,https://www.1tv.am/hy/video/Հարցազրույց-Արմեն-Գրիգորյանի-հետ/184212,https://www.youtube.com/embed/_IUyBtJHl1I?autoplay=1&autohide=1,Հարցազրույց Արմեն Գրիգորյանի հետ,21:15,"06 Հլս, 2021",_IUyBtJHl1I,17919,263,0,N/A
881,https://www.1tv.am/hy/video/Հարցազրույց-Մխիթար-Հայրապետյանի-հետ/184076,https://www.youtube.com/embed/P9Tl8VIG5ac?autoplay=1&autohide=1,Հարցազրույց Մխիթար Հայրապետյանի հետ,21:30,"05 Հլս, 2021",P9Tl8VIG5ac,16631,349,0,N/A
882,https://www.1tv.am/hy/video/Հարցազրույց-Արմեն-Հովհաննիսյանի-հետ/184070,https://www.youtube.com/embed/I8XCXczRIbc?autoplay=1&autohide=1,Հարցազրույց Արմեն Հովհաննիսյանի հետ,21:30,"03 Հլս, 2021",I8XCXczRIbc,14935,158,0,N/A
883,https://www.1tv.am/hy/video/Հարցազրույց-Արմեն-Մուրադյանի-հետ/183940,https://www.youtube.com/embed/MO2cJxAUNbo?autoplay=1&autohide=1,Հարցազրույց Արմեն Մուրադյանի հետ,22:30,"01 Հլս, 2021",MO2cJxAUNbo,13595,141,0,N/A
884,https://www.1tv.am/hy/video/Հարցազրույց-Գուրգեն-Արսենյանի-հետ/183800,https://www.youtube.com/embed/DjUTtJ5W6CE?autoplay=1&autohide=1,Հարցազրույց Գուրգեն Արսենյանի հետ,21:30,"29 Հնս, 2021",DjUTtJ5W6CE,36876,633,0,N/A
885,https://www.1tv.am/hy/video/Հարցազրույց-Արմեն-Գրիգորյանի-հետ/183717,https://www.youtube.com/embed/U49rI0aSHZk?autoplay=1&autohide=1,Հարցազրույց Արմեն Գրիգորյանի հետ,21:45,"28 Հնս, 2021",U49rI0aSHZk,26886,444,0,N/A
886,https://www.1tv.am/hy/video/Հարցազրույց-Տիգրան-Հակոբյանի-հետ/183515,https://www.youtube.com/embed/42IwiuBjk-g?autoplay=1&autohide=1,Հարցազրույց Տիգրան Հակոբյանի հետ,21:15,"24 Հնս, 2021",42IwiuBjk-g,13255,139,0,N/A
887,https://www.1tv.am/hy/video/Հարցազրույց-Էդմոն-Մարուքյանի-հետ/183481,https://www.youtube.com/embed/7gDuj8upEhk?autoplay=1&autohide=1,Հարցազրույց Էդմոն Մարուքյանի հետ,21:30,"23 Հնս, 2021",7gDuj8upEhk,23379,369,0,N/A
888,https://www.1tv.am/hy/video/Հարցազրույց-Սուրեն-Պապիկյանի-հետ/183382,https://www.youtube.com/embed/KvIOt5T-_0E?autoplay=1&autohide=1,Հարցազրույց Սուրեն Պապիկյանի հետ,21:30,"22 Հնս, 2021",KvIOt5T-_0E,72732,1275,0,N/A
889,https://www.1tv.am/hy/video/Հարցազրույց-Արայիկ-Հարությունյանի-հետ/184405,https://www.youtube.com/embed/xpTtSa7XBEk?autoplay=1&autohide=1,Հարցազրույց Արայիկ Հարությունյանի հետ,21:30,"21 Հնս, 2021",xpTtSa7XBEk,26382,544,0,N/A
890,https://www.1tv.am/hy/video/Հարցազրույց-Արա-Ֆիդանյանի-հետ/183206,https://www.youtube.com/embed/OhHAfOZ8fDo?autoplay=1&autohide=1,Հարցազրույց Արա Ֆիդանյանի հետ,20:00,"19 Հնս, 2021",OhHAfOZ8fDo,4378,51,0,N/A
891,https://www.1tv.am/hy/video/Հարցազրույց-Նիկոլ-Փաշինյանի-հետ/183170,https://www.youtube.com/embed/k8pxddSkNzw?autoplay=1&autohide=1,Հարցազրույց Նիկոլ Փաշինյանի հետ,22:00,"18 Հնս, 2021",k8pxddSkNzw,214215,3539,0,N/A
892,https://www.1tv.am/hy/video/Հարցազրույց-Գագիկ-Ծառուկյանի-հետ/182988,https://www.youtube.com/embed/m5081RkxsaE?autoplay=1&autohide=1,Հարցազրույց Գագիկ Ծառուկյանի հետ,17:30,"17 Հնս, 2021",m5081RkxsaE,51976,351,0,N/A
893,https://www.1tv.am/hy/video/Հարցազրույց-Նորայր-Նորիկյանի-հետ/182937,https://www.youtube.com/embed/KRwGXBf5VBs?autoplay=1&autohide=1,Հարցազրույց Նորայր Նորիկյանի հետ,17:35,"16 Հնս, 2021",KRwGXBf5VBs,5231,64,0,N/A
894,https://www.1tv.am/hy/video/Հարցազրույց-Լևոն-Տեր-Պետրոսյանի-հետ/182881,https://www.youtube.com/embed/QpdJbsNA5dg?autoplay=1&autohide=1,Հարցազրույց Լևոն Տեր-Պետրոսյանի հետ,23:30,"15 Հնս, 2021",QpdJbsNA5dg,164631,1238,0,N/A
895,https://www.1tv.am/hy/video/Հարցազրույց-Ոսկան-արքեպիսկոպոս-Գալփակյանի-հետ/182905,https://www.youtube.com/embed/t63jD2QjjI8?autoplay=1&autohide=1,Հարցազրույց Ոսկան արքեպիսկոպոս Գալփակյանի հետ,20:30,"15 Հնս, 2021",t63jD2QjjI8,3545,26,0,N/A
896,https://www.1tv.am/hy/video/Հարցազրույց-Էդմոն-Մարուքյանի-հետ/182817,https://www.youtube.com/embed/yC-BzPdm38I?autoplay=1&autohide=1,Հարցազրույց Էդմոն Մարուքյանի հետ,21:30,"14 Հնս, 2021",yC-BzPdm38I,5501,50,0,N/A
897,https://www.1tv.am/hy/video/Հարցազրույց-Արման-Բաբաջանյանի-հետ/182709,https://www.youtube.com/embed/u9hZ_jBEGYU?autoplay=1&autohide=1,Հարցազրույց Արման Բաբաջանյանի հետ,21:45,"13 Հնս, 2021",u9hZ_jBEGYU,25936,642,0,N/A
898,https://www.1tv.am/hy/video/Հարցազրույց-Արտակ-Գալստյանի-հետ/182555,https://www.youtube.com/embed/BvotC2GNdQo?autoplay=1&autohide=1,Հարցազրույց Արտակ Գալստյանի հետ,17:45,"11 Հնս, 2021",BvotC2GNdQo,4797,52,0,N/A
899,https://www.1tv.am/hy/video/Հարցազրույց-Արամ-Սարգսյանի-հետ/182546,https://www.youtube.com/embed/q7rXlcHmIyQ?autoplay=1&autohide=1,Հարցազրույց Արամ Սարգսյանի հետ,17:30,"11 Հնս, 2021",q7rXlcHmIyQ,64589,1229,0,N/A
900,https://www.1tv.am/hy/video/Հարցազրույց-Վահե-Գասպարյանի-հետ/182417,https://www.youtube.com/embed/g4NBsGdD2Xs?autoplay=1&autohide=1,Հարցազրույց Վահե Գասպարյանի հետ,21:55,"10 Հնս, 2021",g4NBsGdD2Xs,26038,589,0,N/A
901,https://www.1tv.am/hy/video/Հարցազրույց-Արթուր-Դավթյանի-հետ/182465,https://www.youtube.com/embed/S0CWp-v8-Vc?autoplay=1&autohide=1,Հարցազրույց Արթուր Դավթյանի հետ,21:30,"09 Հնս, 2021",S0CWp-v8-Vc,27399,341,0,N/A
902,https://www.1tv.am/hy/video/Հարցազրույց-Սամվել-Բաբայանի-հետ/182245,https://www.youtube.com/embed/_QTq8kZszN8?autoplay=1&autohide=1,Հարցազրույց Սամվել Բաբայանի հետ,17:30,"08 Հնս, 2021",_QTq8kZszN8,136814,2162,0,N/A
903,https://www.1tv.am/hy/video/Հարցազրույց-Սուրեն-Սահակյանի-հետ/182177,https://www.youtube.com/embed/21x-MBzXw2k?autoplay=1&autohide=1,Հարցազրույց Սուրեն Սահակյանի հետ,21:30,"07 Հնս, 2021",21x-MBzXw2k,1660,4,0,N/A
904,https://www.1tv.am/hy/video/Հարցազրույց-Էդմոն-Մարուքյանի-հետ/182063,https://www.youtube.com/embed/C4m5TlMZoLg?autoplay=1&autohide=1,Հարցազրույց Էդմոն Մարուքյանի հետ,21:30,"04 Հնս, 2021",C4m5TlMZoLg,22053,445,0,N/A
905,https://www.1tv.am/hy/video/Հարցազրույց-Արթուր-Վանեցյանի-հետ/181885,https://www.youtube.com/embed/w2AihV7bWxw?autoplay=1&autohide=1,Հարցազրույց Արթուր Վանեցյանի հետ,21:30,"03 Հնս, 2021",w2AihV7bWxw,127473,3048,0,N/A
906,https://www.1tv.am/hy/video/Հարցազրույց-Անահիտ-Ավանեսյանի-հետ/181826,https://www.youtube.com/embed/IQNVjVNS1T0?autoplay=1&autohide=1,Հարցազրույց Անահիտ Ավանեսյանի հետ,21:30,"02 Հնս, 2021",IQNVjVNS1T0,17207,210,0,N/A
907,https://www.1tv.am/hy/video/Հարցազրույց-Վահան-Քերոբյանի-հետ/181658,https://www.youtube.com/embed/IffQn31DFnE?autoplay=1&autohide=1,Հարցազրույց Վահան Քերոբյանի հետ,21:15,"31 Մայ, 2021",IffQn31DFnE,16912,301,0,N/A
908,https://www.1tv.am/hy/video/Հարցազրույց-Ալեն-Սիմոնյանի-հետ/181491,https://www.youtube.com/embed/uoEmXXXyQo4?autoplay=1&autohide=1,Հարցազրույց Ալեն Սիմոնյանի հետ,21:30,"28 Մայ, 2021",uoEmXXXyQo4,65684,1236,0,N/A
909,https://www.1tv.am/hy/video/Հարցազրույց-Լևոն-Տեր-Պետրոսյանի-հետ/181358,https://www.youtube.com/embed/Xa5bhGIZHR8?autoplay=1&autohide=1,Հարցազրույց Լևոն Տեր-Պետրոսյանի հետ,22:05,"27 Մայ, 2021",Xa5bhGIZHR8,2315751,8131,0,N/A
910,https://www.1tv.am/hy/video/Հարցազրույց-Հայկ-Կոնջորյանի-հետ/181305,https://www.youtube.com/embed/TD7RKp_us7w?autoplay=1&autohide=1,Հարցազրույց Հայկ Կոնջորյանի հետ,21:30,"26 Մայ, 2021",TD7RKp_us7w,24507,458,0,N/A
911,https://www.1tv.am/hy/video/Հարցազրույց-Արմեն-Գրիգորյանի-հետ/181160,https://www.youtube.com/embed/ezh4aX2HKqM?autoplay=1&autohide=1,Հարցազրույց Արմեն Գրիգորյանի հետ,22:00,"25 Մայ, 2021",ezh4aX2HKqM,25699,347,0,N/A
912,https://www.1tv.am/hy/video/Հարցազրույց-Հայկ-Մամիջանյանի-հետ/181159,https://www.youtube.com/embed/IIOgvUGDY_8?autoplay=1&autohide=1,Հարցազրույց Հայկ Մամիջանյանի հետ,21:30,"25 Մայ, 2021",IIOgvUGDY_8,10152,62,0,N/A
913,https://www.1tv.am/hy/video/Հարցազրույց-Արա-Աբրահամյանի-հետ/181068,https://www.youtube.com/embed/XowSSe6m6MY?autoplay=1&autohide=1,Հարցազրույց Արա Աբրահամյանի հետ,21:30,"24 Մայ, 2021",XowSSe6m6MY,15254,89,0,N/A
914,https://www.1tv.am/hy/video/Հարցազրույց-Վարդան-Ոսկանյանի-հետ/180948,https://www.youtube.com/embed/Brq2EEkSQyM?autoplay=1&autohide=1,Հարցազրույց Վարդան Ոսկանյանի հետ,21:30,"21 Մայ, 2021",Brq2EEkSQyM,12690,51,0,N/A
915,https://www.1tv.am/hy/video/Հարցազրույց-Արմեն-Գրիգորյանի-հետ/180799,https://www.youtube.com/embed/01H22olc_6U?autoplay=1&autohide=1,Հարցազրույց Արմեն Գրիգորյանի հետ,22:00,"20 Մայ, 2021",01H22olc_6U,19964,358,0,N/A
916,https://www.1tv.am/hy/video/Հարցազրույց-Արսեն-Թորոսյանի-հետ/180677,https://www.youtube.com/embed/TtdO0QQF8dU?autoplay=1&autohide=1,Հարցազրույց Արսեն Թորոսյանի հետ,21:15,"19 Մայ, 2021",TtdO0QQF8dU,15868,245,0,N/A
917,https://www.1tv.am/hy/video/Հարցազրույց-Լևոն-Շիրինյանի-և-Արման-Բաբաջանյանի-հետ/180567,https://www.youtube.com/embed/v3nE41ULQp8?autoplay=1&autohide=1,Հարցազրույց Լևոն Շիրինյանի և Արման Բաբաջանյանի հետ,21:15,"18 Մայ, 2021",v3nE41ULQp8,91747,1888,0,N/A
918,https://www.1tv.am/hy/video/Հարցազրույց-Արմեն-Գրիգորյանի-հետ/180428,https://www.youtube.com/embed/qUnkwwGLU7E?autoplay=1&autohide=1,Հարցազրույց Արմեն Գրիգորյանի հետ,21:15,"17 Մայ, 2021",qUnkwwGLU7E,25915,394,0,N/A
919,https://www.1tv.am/hy/video/Հարցազրույց-Գնել-Սանոսյանի-հետ/180279,https://www.youtube.com/embed/HNuoE9yeUZw?autoplay=1&autohide=1,Հարցազրույց Գնել Սանոսյանի հետ,21:30,"15 Մայ, 2021",HNuoE9yeUZw,19607,292,0,N/A
920,https://www.1tv.am/hy/video/Հարցազրույց-Էդմոն-Մարուքյանի-հետ/180280,https://www.youtube.com/embed/PR6rlYPaJ_4?autoplay=1&autohide=1,Հարցազրույց Էդմոն Մարուքյանի հետ,21:30,"15 Մայ, 2021",PR6rlYPaJ_4,59209,721,0,N/A
921,https://www.1tv.am/hy/video/Հարցազրույց-Արմեն-Խաչատրյանի-հետ/180270,https://www.youtube.com/embed/K9AsPYGf3no?autoplay=1&autohide=1,Հարցազրույց Արմեն Խաչատրյանի հետ,21:30,"13 Մայ, 2021",K9AsPYGf3no,24779,344,0,N/A
922,https://www.1tv.am/hy/video/Հարցազրույց-Արման-Բաբաջանյանի-հետ/180007,https://www.youtube.com/embed/a1aAwodYWFA?autoplay=1&autohide=1,Հարցազրույց Արման Բաբաջանյանի հետ,21:45,"12 Մայ, 2021",a1aAwodYWFA,43273,844,0,N/A
923,https://www.1tv.am/hy/video/Հարցազրույց-Տաթևիկ-Ստեփանյանի-հետ/179408,https://www.youtube.com/embed/UhapeIK5mc4?autoplay=1&autohide=1,Հարցազրույց Տաթևիկ Ստեփանյանի հետ,21:15,"11 Մայ, 2021",UhapeIK5mc4,6418,87,0,N/A
924,https://www.1tv.am/hy/video/Հարցազրույց-Արսեն-Բաբայանի-հետ/179831,https://www.youtube.com/embed/OtLTMUupujA?autoplay=1&autohide=1,Հարցազրույց Արսեն Բաբայանի հետ,21:30,"10 Մայ, 2021",OtLTMUupujA,16124,47,0,N/A
925,https://www.1tv.am/hy/video/Հարցազրույց-Արման-Թաթոյանի-հետ/179753,https://www.youtube.com/embed/9y7L7RMSoYQ?autoplay=1&autohide=1,Հարցազրույց Արման Թաթոյանի հետ,21:30,"08 Մայ, 2021",9y7L7RMSoYQ,40290,237,0,N/A
926,https://www.1tv.am/hy/video/Հարցազրույց-Արմեն-Մուրադյանի-հետ/179518,https://www.youtube.com/embed/MEWLng8BoKQ?autoplay=1&autohide=1,Հարցազրույց Արմեն Մուրադյանի հետ,21:45,"06 Մայ, 2021",MEWLng8BoKQ,9650,132,0,N/A
927,https://www.1tv.am/hy/video/Հարցազրույց-Անդրանիկ-Քոչարյանի-հետ/179413,https://www.youtube.com/embed/wuJoG9ee5h4?autoplay=1&autohide=1,Հարցազրույց Անդրանիկ Քոչարյանի հետ,21:15,"05 Մայ, 2021",wuJoG9ee5h4,50835,768,0,N/A
928,https://www.1tv.am/hy/video/Հարցազրույց-Ռուբեն-Վարդանյանի-հետ/179194,https://www.youtube.com/embed/gXVxpY1YwBE?autoplay=1&autohide=1,Հարցազրույց Ռուբեն Վարդանյանի հետ,21:30,"03 Մայ, 2021",gXVxpY1YwBE,174601,2787,0,N/A
929,https://www.1tv.am/hy/video/Հարցազրույց-Լիլիթ-Մակունցի-հետ/179204,https://www.youtube.com/embed/YwD3C5dl478?autoplay=1&autohide=1,Հարցազրույց Լիլիթ Մակունցի հետ,21:15,"03 Մայ, 2021",YwD3C5dl478,14867,339,0,N/A
930,https://www.1tv.am/hy/video/Հարցազրույց-Դավիթ-Բաղդասարյանի-հետ/179041,https://www.youtube.com/embed/bhOutev0BGg?autoplay=1&autohide=1,Հարցազրույց Դավիթ Բաղդասարյանի հետ,21:30,"30 Ապր, 2021",bhOutev0BGg,12645,197,0,N/A
931,https://www.1tv.am/hy/video/Հարցազրույց-Գեորգի-Ավետիսյանի-հետ/178987,https://www.youtube.com/embed/GIlcqFTvOTU?autoplay=1&autohide=1,Հարցազրույց Գեորգի Ավետիսյանի հետ,21:15,"30 Ապր, 2021",GIlcqFTvOTU,6135,65,0,N/A
932,https://www.1tv.am/hy/video/Հարցազրույց-Վալերի-Բուայեի-հետ/178868,https://www.youtube.com/embed/OmNzeJaY21I?autoplay=1&autohide=1,Հարցազրույց Վալերի Բուայեի հետ,21:30,"29 Ապր, 2021",OmNzeJaY21I,16718,436,0,N/A
933,https://www.1tv.am/hy/video/Հարցազրույց-Լևոն-Օհանեսյանի-հետ/178745,https://www.youtube.com/embed/g6T-0TdMT_0?autoplay=1&autohide=1,Հարցազրույց Լևոն Օհանեսյանի հետ,21:15,"28 Ապր, 2021",g6T-0TdMT_0,10609,147,0,N/A
934,https://www.1tv.am/hy/video/Հարցազրույց-Տիգրան-Հակոբյանի-հետ/178626,https://www.youtube.com/embed/Z3H8a6WjIQ8?autoplay=1&autohide=1,Հարցազրույց Տիգրան Հակոբյանի հետ,21:15,"27 Ապր, 2021",Z3H8a6WjIQ8,17403,191,0,N/A
935,https://www.1tv.am/hy/video/Հարցազրույց-Մխիթար-Հայրապետյանի-հետ/178545,https://www.youtube.com/embed/r77FAhrMYgw?autoplay=1&autohide=1,Հարցազրույց Մխիթար Հայրապետյանի հետ,21:30,"26 Ապր, 2021",r77FAhrMYgw,27422,580,0,N/A
936,https://www.1tv.am/hy/video/Հարցազրույց-Համազասպ-Դանիելյանի-և-Դանիել-Իոաննիսյանի-հետ/178387,https://www.youtube.com/embed/ru8ELbyHQb0?autoplay=1&autohide=1,Հարցազրույց Համազասպ Դանիելյանի և Դանիել Իոաննիսյանի հետ,21:15,"24 Ապր, 2021",ru8ELbyHQb0,8849,143,0,N/A
937,https://www.1tv.am/hy/video/Խորհրդարանական-շաբաթ/178397,https://www.youtube.com/embed/dUWvX_wcqGI?autoplay=1&autohide=1,Խորհրդարանական շաբաթ,13:15,"24 Ապր, 2021",dUWvX_wcqGI,9086,30,0,N/A
938,https://www.1tv.am/hy/video/Հարցազրույց-Կիրո-Մանոյանի-հետ/178378,https://www.youtube.com/embed/bYRDxG1CBg4?autoplay=1&autohide=1,Հարցազրույց Կիրո Մանոյանի հետ,21:15,"23 Ապր, 2021",bYRDxG1CBg4,5928,19,0,N/A
939,https://www.1tv.am/hy/video/Հարցազրույց-Լևոն-Շիրինյանի-հետ/178236,https://www.youtube.com/embed/gndaok5dI5c?autoplay=1&autohide=1,Հարցազրույց Լևոն Շիրինյանի հետ,21:15,"22 Ապր, 2021",gndaok5dI5c,139709,2777,0,N/A
940,https://www.1tv.am/hy/video/Հարցազրույց-Արայիկ-Հարությունյանի-հետ/178117,https://www.youtube.com/embed/vtLAzMiAslU?autoplay=1&autohide=1,Հարցազրույց Արայիկ Հարությունյանի հետ,21:35,"21 Ապր, 2021",vtLAzMiAslU,20187,367,0,N/A
941,https://www.1tv.am/hy/video/Հարցազրույց-Հարություն-Մարությանի-հետ/178005,https://www.youtube.com/embed/p-Z_ijrxmFw?autoplay=1&autohide=1,Հարցազրույց Հարություն Մարությանի հետ,21:15,"20 Ապր, 2021",p-Z_ijrxmFw,22083,165,0,N/A
942,https://www.1tv.am/hy/video/Հարցազրույց-Վահան-Քերոբյանի-հետ/177932,https://www.youtube.com/embed/wdt5KCqxX18?autoplay=1&autohide=1,Հարցազրույց Վահան Քերոբյանի հետ,21:30,"19 Ապր, 2021",wdt5KCqxX18,14332,208,0,N/A
943,https://www.1tv.am/hy/video/Հարցազրույց-Սամվել-Բաբայանի-հետ/177803,https://www.youtube.com/embed/t2Xw6e60UTg?autoplay=1&autohide=1,Հարցազրույց Սամվել Բաբայանի հետ,21:30,"17 Ապր, 2021",t2Xw6e60UTg,848729,6204,0,N/A
944,https://www.1tv.am/hy/video/Հարցազրույց-Անահիտ-Ավանեսյանի-հետ/177774,https://www.youtube.com/embed/rpMNFp1ENpA?autoplay=1&autohide=1,Հարցազրույց Անահիտ Ավանեսյանի հետ,21:15,"16 Ապր, 2021",rpMNFp1ENpA,4292,38,0,N/A
945,https://www.1tv.am/hy/video/Հարցազրույց-Անդրանիկ-Քոչարյանի-հետ/177621,https://www.youtube.com/embed/Lu3y3seRfNM?autoplay=1&autohide=1,Հարցազրույց Անդրանիկ Քոչարյանի հետ,21:15,"15 Ապր, 2021",Lu3y3seRfNM,57313,757,0,N/A
946,https://www.1tv.am/hy/video/Հարցազրույց-Հայկ-Կոնջորյանի-հետ/177524,https://www.youtube.com/embed/wo6fldFrihM?autoplay=1&autohide=1,Հարցազրույց Հայկ Կոնջորյանի հետ,21:30,"14 Ապր, 2021",wo6fldFrihM,101742,1044,0,N/A
947,https://www.1tv.am/hy/video/Հարցազրույց-Վիգեն-Խաչատրյանի-և/177411,https://www.youtube.com/embed/S1x7TrEcwJI?autoplay=1&autohide=1,Հարցազրույց Վիգեն Խաչատրյանի և Կարեն Ավագյանի հետ,21:15,"13 Ապր, 2021",S1x7TrEcwJI,12443,160,0,N/A
948,https://www.1tv.am/hy/video/Հարցազրույց-Արամ-Սարգսյանի-հետ/177311,https://www.youtube.com/embed/lnqTMbPM7Fw?autoplay=1&autohide=1,Հարցազրույց Արամ Սարգսյանի հետ,21:15,"12 Ապր, 2021",lnqTMbPM7Fw,80758,1259,0,N/A
949,https://www.1tv.am/hy/video/Հարցազրույց-Ավագ-Ավանեսյանի-և-Կարեն-Զաքարյանի-հետ/177129,https://www.youtube.com/embed/h3JCs0zuJ8A?autoplay=1&autohide=1,Հարցազրույց Ավագ Ավանեսյանի և Կարեն Զաքարյանի հետ,21:30,"10 Ապր, 2021",h3JCs0zuJ8A,5575,60,0,N/A
950,https://www.1tv.am/hy/video/Հարցազրույց-Գրիգոր-Մինասյանի-հետ/177122,https://www.youtube.com/embed/IQCXBa0dW-0?autoplay=1&autohide=1,Հարցազրույց Գրիգոր Մինասյանի հետ,21:30,"09 Ապր, 2021",IQCXBa0dW-0,19900,238,0,N/A
951,https://www.1tv.am/hy/video/Հարցազրույց-Արմեն-Քթոյանի-հետ/177002,https://www.youtube.com/embed/QgdL8_bVuys?autoplay=1&autohide=1,Հարցազրույց Արմեն Քթոյանի հետ,20:00,"08 Ապր, 2021",QgdL8_bVuys,12071,116,0,N/A
952,https://www.1tv.am/hy/video/Հարցազրույց-Հրանտ-Բագրատյանի-հետ/176893,https://www.youtube.com/embed/C0z7cBSaB0A?autoplay=1&autohide=1,Հարցազրույց Հրանտ Բագրատյանի հետ,21:30,"07 Ապր, 2021",C0z7cBSaB0A,35127,158,0,N/A
953,https://www.1tv.am/hy/video/Հարցազրույց-Տիգրան-Ուլիխանյանի-հետ/176775,https://www.youtube.com/embed/8bmpow4mfOI?autoplay=1&autohide=1,Հարցազրույց Տիգրան Ուլիխանյանի հետ,21:15,"06 Ապր, 2021",8bmpow4mfOI,8954,122,0,N/A
954,https://www.1tv.am/hy/video/Հարցազրույց-Արման-Բաբաջանյանի-հետ/176661,https://www.youtube.com/embed/LaT_ztK5iO8?autoplay=1&autohide=1,Հարցազրույց Արման Բաբաջանյանի հետ,21:15,"05 Ապր, 2021",LaT_ztK5iO8,35118,759,0,N/A
955,https://www.1tv.am/hy/video/Հարցազրույց-Էդվարդ-Հովհաննիսյանի-հետ/176480,https://www.youtube.com/embed/xwuzCAom45Y?autoplay=1&autohide=1,Հարցազրույց Էդվարդ Հովհաննիսյանի հետ,21:15,"03 Ապր, 2021",xwuzCAom45Y,9545,128,0,N/A
956,https://www.1tv.am/hy/video/Հարցազրույց-Արմեն-Մելիքբեկյանի-հետ/176481,https://www.youtube.com/embed/rfYzbXUQ2B8?autoplay=1&autohide=1,Հարցազրույց Արմեն Մելիքբեկյանի հետ,21:35,"02 Ապր, 2021",rfYzbXUQ2B8,49931,709,0,N/A
957,https://www.1tv.am/hy/video/Հարցազրույց-Արտակ-Գրիգորյանի-և-Հակոբ-Հակոբյանի-հետ/176319,https://www.youtube.com/embed/aRO7akLLRyU?autoplay=1&autohide=1,Հարցազրույց Արտակ Գրիգորյանի և Հակոբ Հակոբյանի հետ,21:15,"01 Ապր, 2021",aRO7akLLRyU,38945,543,0,N/A
958,https://www.1tv.am/hy/video/Հարցազրույց-Վահրամ-Դումանյանի-հետ/176181,https://www.youtube.com/embed/KbvsTfOgdmA?autoplay=1&autohide=1,Հարցազրույց Վահրամ Դումանյանի հետ,21:15,"31 Մար, 2021",KbvsTfOgdmA,7355,108,0,N/A
959,https://www.1tv.am/hy/video/Հարցազրույց-Արտակ-Մանուկյանի-հետ/176081,https://www.youtube.com/embed/jOKDUcPIs-w?autoplay=1&autohide=1,Հարցազրույց Արտակ Մանուկյանի հետ,21:30,"30 Մար, 2021",jOKDUcPIs-w,15948,184,0,N/A
960,https://www.1tv.am/hy/video/Հարցազրույց-Հրանտ-Տեր-Աբրահամյանի-հետ/175970,https://www.youtube.com/embed/qaQ0X4DMXoI?autoplay=1&autohide=1,Հարցազրույց Հրանտ Տեր-Աբրահամյանի հետ,21:15,"29 Մար, 2021",qaQ0X4DMXoI,21583,289,0,N/A
961,https://www.1tv.am/hy/video/Հարցազրույց-Արմեն-Գրիգորյանի-հետ/175763,https://www.youtube.com/embed/4a71t-k2h1k?autoplay=1&autohide=1,Հարցազրույց Արմեն Գրիգորյանի հետ,21:35,"27 Մար, 2021",4a71t-k2h1k,23973,270,0,N/A
962,https://www.1tv.am/hy/video/Հարցազրույց-Գեղամ-Գևորգյանի-հետ/175756,https://www.youtube.com/embed/KdgSYfEG28I?autoplay=1&autohide=1,Հարցազրույց Գեղամ Գևորգյանի հետ,21:25,"26 Մար, 2021",KdgSYfEG28I,7525,71,0,N/A
963,https://www.1tv.am/hy/video/Հարցազրույց-Վահագն-Հովակիմյանի-հետ/175631,https://www.youtube.com/embed/H6IwBrzdXgM?autoplay=1&autohide=1,Հարցազրույց Վահագն Հովակիմյանի հետ,21:15,"25 Մար, 2021",H6IwBrzdXgM,17871,248,0,N/A
964,https://www.1tv.am/hy/video/Հարցազրույց-Արծվիկ-Մինասյանի-հետ/175532,https://www.youtube.com/embed/5k5ZkIfvax0?autoplay=1&autohide=1,Հարցազրույց Արծվիկ Մինասյանի հետ,21:15,"24 Մար, 2021",5k5ZkIfvax0,24953,135,0,N/A
965,https://www.1tv.am/hy/video/Հարցազրույց-Ռուստամ-Բադասյանի-հետ/175394,https://www.youtube.com/embed/n9AUNxiVxnQ?autoplay=1&autohide=1,Հարցազրույց Ռուստամ Բադասյանի հետ,21:15,"23 Մար, 2021",n9AUNxiVxnQ,17981,272,0,N/A
966,https://www.1tv.am/hy/video/Հարցազրույց-Ռուբեն-Վարդազարյանի-հետ/175263,https://www.youtube.com/embed/lsrPUf3Pg0g?autoplay=1&autohide=1,Հարցազրույց Ռուբեն Վարդազարյանի հետ,21:30,"22 Մար, 2021",lsrPUf3Pg0g,10131,50,0,N/A
967,https://www.1tv.am/hy/video/Հարցազրույց-Վարդինե-Գրիգորյանի-հետ/175186,https://www.youtube.com/embed/DobyBXbels0?autoplay=1&autohide=1,Հարցազրույց Վարդինե Գրիգորյանի հետ,21:25,"19 Մար, 2021",DobyBXbels0,11435,114,0,N/A
968,https://www.1tv.am/hy/video/Հարցազրույց-Պետրոս-Թերզյանի-հետ/175054,https://www.youtube.com/embed/oWJALACRX90?autoplay=1&autohide=1,Հարցազրույց Պետրոս Թերզյանի հետ,21:15,"18 Մար, 2021",oWJALACRX90,15536,218,0,N/A
969,https://www.1tv.am/hy/video/Հարցազրույց-Էդմոն-Մարուքյանի-հետ/174805,https://www.youtube.com/embed/5fKiSGdZjmY?autoplay=1&autohide=1,Հարցազրույց Էդմոն Մարուքյանի հետ,21:15,"17 Մար, 2021",5fKiSGdZjmY,26851,470,0,N/A
970,https://www.1tv.am/hy/video/Հարցազրույց-Մանվել-Ղազարյանի-հետ/174706,https://www.youtube.com/embed/gEk8_fhTBsA?autoplay=1&autohide=1,Հարցազրույց Մանվել Ղազարյանի հետ,21:30,"16 Մար, 2021",gEk8_fhTBsA,39776,599,0,N/A
971,https://www.1tv.am/hy/video/Հարցազրույց-Համազասպ-Դանիելյանի-հետ/174636,https://www.youtube.com/embed/Lo_KvllzC-E?autoplay=1&autohide=1,Հարցազրույց Համազասպ Դանիելյանի հետ,21:05,"15 Մար, 2021",Lo_KvllzC-E,21737,320,0,N/A
972,https://www.1tv.am/hy/video/Հարցազրույց-Ռաֆայել-Վարդանյանի-հետ/174465,https://www.youtube.com/embed/4lR7w3WT6Mk?autoplay=1&autohide=1,Հարցազրույց Ռաֆայել Վարդանյանի հետ,21:15,"13 Մար, 2021",4lR7w3WT6Mk,15700,176,0,N/A
973,https://www.1tv.am/hy/video/Հարցազրույց-Գնել-Սանոսյանի-հետ/174457,https://www.youtube.com/embed/w9mTbJQJSX4?autoplay=1&autohide=1,Հարցազրույց Գնել Սանոսյանի հետ,21:45,"12 Մար, 2021",w9mTbJQJSX4,20786,270,0,N/A
974,https://www.1tv.am/hy/video/Հարցազրույց-Լուսինե-Հակոբյանի-հետ/174308,https://www.youtube.com/embed/qMn4Agapve8?autoplay=1&autohide=1,Հարցազրույց Լուսինե Հակոբյանի հետ,21:30,"11 Մար, 2021",qMn4Agapve8,33257,429,0,N/A
975,https://www.1tv.am/hy/video/Հարցազրույց-Արսեն-Թորոսյանի-հետ/174220,https://www.youtube.com/embed/g1iiWMpBNnM?autoplay=1&autohide=1,Հարցազրույց Արսեն Թորոսյանի հետ,21:30,"10 Մար, 2021",g1iiWMpBNnM,30574,464,0,N/A
976,https://www.1tv.am/hy/video/Հարցազրույց-Նազելի-Բաղդասարյանի-հետ/174163,https://www.youtube.com/embed/nydcxlbVzxs?autoplay=1&autohide=1,Հարցազրույց Նազելի Բաղդասարյանի հետ,21:30,"09 Մար, 2021",nydcxlbVzxs,16372,285,0,N/A
977,https://www.1tv.am/hy/video/Հարցազրույց-Հայկ-Չոբանյանի-հետ/173973,https://www.youtube.com/embed/eSEIbWLa1vM?autoplay=1&autohide=1,Հարցազրույց Հայկ Չոբանյանի հետ,21:30,"08 Մար, 2021",eSEIbWLa1vM,34914,721,0,N/A
978,https://www.1tv.am/hy/video/Հարցազրույց-Արման-Թաթոյանի-հետ/173963,https://www.youtube.com/embed/yAfMaGgHJx0?autoplay=1&autohide=1,Հարցազրույց Արման Թաթոյանի հետ,21:30,"07 Մար, 2021",yAfMaGgHJx0,9918,94,0,N/A
979,https://www.1tv.am/hy/video/Հարցազրույց-Արտյոմ-Մեհրաբյանի-հետ/173961,https://www.youtube.com/embed/DCEKbIVLOcE?autoplay=1&autohide=1,Հարցազրույց Արտյոմ Մեհրաբյանի հետ,21:15,"06 Մար, 2021",DCEKbIVLOcE,18475,192,0,N/A
980,https://www.1tv.am/hy/video/Հարցազրույց-Ռոմելլա-Աբովյանի-հետ/173951,https://www.youtube.com/embed/d3EhHNZiLMQ?autoplay=1&autohide=1,Հարցազրույց Ռոմելլա Աբովյանի հետ,21:30,"05 Մար, 2021",d3EhHNZiLMQ,6350,37,0,N/A
981,https://www.1tv.am/hy/video/Հարցազրույց-Հայկ-Կոնջորյանի-հետ/173790,https://www.youtube.com/embed/ZGZ5lf_JNik?autoplay=1&autohide=1,Հարցազրույց Հայկ Կոնջորյանի հետ,21:30,"04 Մար, 2021",ZGZ5lf_JNik,49339,785,0,N/A
982,https://www.1tv.am/hy/video/Հարցազրույց-Տիգրան-Ուրիխանյանի-հետ/173714,https://www.youtube.com/embed/XmKKpnMRD3s?autoplay=1&autohide=1,Հարցազրույց Տիգրան Ուրիխանյանի հետ,21:30,"03 Մար, 2021",XmKKpnMRD3s,6194,38,0,N/A
983,https://www.1tv.am/hy/video/Հարցազրույց-Սասուն-Միքայելյանի-հետ/173705,https://www.youtube.com/embed/59wOq9tCN2o?autoplay=1&autohide=1,Հարցազրույց Սասուն Միքայելյանի հետ,19:30,"03 Մար, 2021",59wOq9tCN2o,457489,4814,0,N/A
984,https://www.1tv.am/hy/video/Հարցազրույց-Հրանտ-Բագրատյանի-հետ/173647,https://www.youtube.com/embed/QJ9lhAx-MAM?autoplay=1&autohide=1,Հարցազրույց Հրանտ Բագրատյանի հետ,20:30,"02 Մար, 2021",QJ9lhAx-MAM,16754,122,0,N/A
985,https://www.1tv.am/hy/video/Հարցազրույց-Տիգրան-Ավինյանի-հետ/173546,https://www.youtube.com/embed/0RXlI7bt55Q?autoplay=1&autohide=1,Հարցազրույց Տիգրան Ավինյանի հետ,20:30,"01 Մար, 2021",0RXlI7bt55Q,18551,415,0,N/A
986,https://www.1tv.am/hy/video/Հարցազրույց-Արամ-Սարգսյանի-հետ/173549,https://www.youtube.com/embed/9hSwXnOk3QQ?autoplay=1&autohide=1,Հարցազրույց Արամ Սարգսյանի հետ,20:15,"01 Մար, 2021",9hSwXnOk3QQ,38076,841,0,N/A
987,https://www.1tv.am/hy/video/Հարցազրույց-Միքայել-Նահապետյանի-հետ/173418,https://www.youtube.com/embed/R8wC3Z1kOrY?autoplay=1&autohide=1,Հարցազրույց Միքայել Նահապետյանի հետ,20:00,"27 Փտր, 2021",R8wC3Z1kOrY,5606,51,0,N/A
988,https://www.1tv.am/hy/video/Հարցազրույց-Էդմոն-Մարուքյանի-հետ/173411,https://www.youtube.com/embed/PXUUAFRvzPM?autoplay=1&autohide=1,Հարցազրույց Էդմոն Մարուքյանի հետ,20:15,"26 Փտր, 2021",PXUUAFRvzPM,25790,133,0,N/A
989,https://www.1tv.am/hy/video/Հարցազրույց-Ալեն-Սիմոնյանի-հետ/173324,https://www.youtube.com/embed/RNeuHfw9YDA?autoplay=1&autohide=1,Հարցազրույց Ալեն Սիմոնյանի հետ,20:30,"25 Փտր, 2021",RNeuHfw9YDA,54539,964,0,N/A
990,https://www.1tv.am/hy/video/Հարցազրույց-Արման-Բաբաջանյանի-հետ/173329,https://www.youtube.com/embed/VcjNlseWZj0?autoplay=1&autohide=1,Հարցազրույց Արման Բաբաջանյանի հետ,20:30,"25 Փտր, 2021",VcjNlseWZj0,28603,520,0,N/A
991,https://www.1tv.am/hy/video/Հարցազրույց-Խոսրով-Հարությունյանի-հետ/173330,https://www.youtube.com/embed/ovpbbvNQ5yU?autoplay=1&autohide=1,Հարցազրույց Խոսրով Հարությունյանի հետ,20:00,"25 Փտր, 2021",ovpbbvNQ5yU,6295,44,0,N/A
992,https://www.1tv.am/hy/video/Հարցազրույց-Սուրեն-Սուրենյանցի-և-Նորայր-Նորիկյանի-հետ/173319,https://www.youtube.com/embed/J6Q-ajL916k?autoplay=1&autohide=1,Հարցազրույց Սուրեն Սուրենյանցի և Նորայր Նորիկյանի հետ,19:15,"25 Փտր, 2021",J6Q-ajL916k,24647,279,0,N/A
993,https://www.1tv.am/hy/video/Հարցազրույց-Անդրանիկ-Քոչարյանի-հետ/173258,https://www.youtube.com/embed/nvO3Pgwz9Ws?autoplay=1&autohide=1,Հարցազրույց Անդրանիկ Քոչարյանի հետ,20:45,"24 Փտր, 2021",nvO3Pgwz9Ws,43452,749,0,N/A
994,https://www.1tv.am/hy/video/Հարցազրույց-Լիլիթ-Գալստյանի-հետ/173192,https://www.youtube.com/embed/SvgOtyTCyms?autoplay=1&autohide=1,Հարցազրույց Լիլիթ Գալստյանի հետ,21:15,"23 Փտր, 2021",SvgOtyTCyms,17892,71,0,N/A
995,https://www.1tv.am/hy/video/Հարցազրույց-Կիրո-Մանոյանի-հետ/173099,https://www.youtube.com/embed/wiRu57GvrrA?autoplay=1&autohide=1,Հարցազրույց Կիրո Մանոյանի հետ,20:30,"22 Փտր, 2021",wiRu57GvrrA,6713,52,0,N/A
996,https://www.1tv.am/hy/video/Հարցազրույց-Հայկակ-Արշամյանի-հետ/173009,https://www.youtube.com/embed/RZ957NVnF3Y?autoplay=1&autohide=1,Հարցազրույց Հայկակ Արշամյանի հետ,20:30,"20 Փտր, 2021",RZ957NVnF3Y,5401,58,0,N/A
997,https://www.1tv.am/hy/video/Հարցազրույց-Հայկազ-Ֆանյանի-հետ/173005,https://www.youtube.com/embed/aBiwuJU-fDo?autoplay=1&autohide=1,Հարցազրույց Հայկազ Ֆանյանի հետ,21:30,"19 Փտր, 2021",aBiwuJU-fDo,3635,31,0,N/A
998,https://www.1tv.am/hy/video/Հարցազրույց-Ռոբերտ-Ղուկասյանի-հետ/172852,https://www.youtube.com/embed/_9a-lhNeYGM?autoplay=1&autohide=1,Հարցազրույց Ռոբերտ Ղուկասյանի հետ,21:15,"18 Փտր, 2021",_9a-lhNeYGM,5363,112,0,N/A
999,https://www.1tv.am/hy/video/Հարցազրույց-Ռուբեն-Ռուբինյանի-հետ/172842,https://www.youtube.com/embed/vyaxyn4I4Wg?autoplay=1&autohide=1,Հարցազրույց Ռուբեն Ռուբինյանի հետ,20:30,"18 Փտր, 2021",vyaxyn4I4Wg,16456,491,0,N/A
1000,https://www.1tv.am/hy/video/Հարցազրույց-Հայկուհի-Հարությունյանի-հետ/172777,https://www.youtube.com/embed/bB7shxXQ8Ho?autoplay=1&autohide=1,Հարցազրույց Հայկուհի Հարությունյանի հետ,20:40,"17 Փտր, 2021",bB7shxXQ8Ho,4058,72,0,N/A
1001,https://www.1tv.am/hy/video/Հարցազրույց-Լևոն-Շիրինյանի-հետ/172720,https://www.youtube.com/embed/HLsltifHLE4?autoplay=1&autohide=1,Հարցազրույց Լևոն Շիրինյանի հետ,20:15,"16 Փտր, 2021",HLsltifHLE4,149468,2145,0,N/A
1002,https://www.1tv.am/hy/video/Հարցազրույց/172624,https://www.youtube.com/embed/2dtBckkQ5RU?autoplay=1&autohide=1,Հարցազրույց Արման Խոջոյանի հետ,21:30,"15 Փտր, 2021",2dtBckkQ5RU,2788,51,0,N/A
1003,https://www.1tv.am/hy/video/Հարցազրույց-Անահիտ-Ավանեսյանի-հետ/172634,https://www.youtube.com/embed/WP371LUhsQY?autoplay=1&autohide=1,Հարցազրույց Անահիտ Ավանեսյանի հետ,20:35,"15 Փտր, 2021",WP371LUhsQY,6710,61,0,N/A
1004,https://www.1tv.am/hy/video/Հարցազրույց-Վաղարշակ-Հակոբյանի-հետ/172501,https://www.youtube.com/embed/mswWoiFjc3A?autoplay=1&autohide=1,Հարցազրույց Վաղարշակ Հակոբյանի հետ,20:30,"13 Փտր, 2021",mswWoiFjc3A,8436,159,0,N/A
1005,https://www.1tv.am/hy/video/Հարցազրույց-Սեդրակ-Բարսեղյանի-հետ/172476,https://www.youtube.com/embed/ISG7AZa-d8o?autoplay=1&autohide=1,Հարցազրույց Սեդրակ Բարսեղյանի հետ,21:50,"12 Փտր, 2021",ISG7AZa-d8o,4324,49,0,N/A
1006,https://www.1tv.am/hy/video/Հարցազրույց/172398,https://www.youtube.com/embed/h0ETOmRH_-g?autoplay=1&autohide=1,Հարցազրույց Գեղամ Գևորգյանի հետ,21:40,"11 Փտր, 2021",h0ETOmRH_-g,3794,51,0,N/A
1007,https://www.1tv.am/hy/video/Հարցազրույց-Սամվել-Կարաբեկյանի-հետ/172336,https://www.youtube.com/embed/3pP9rUPO6YU?autoplay=1&autohide=1,Հարցազրույց Սամվել Կարաբեկյանի հետ,21:21,"10 Փտր, 2021",3pP9rUPO6YU,3813,46,0,N/A
1008,https://www.1tv.am/hy/video/Հարցազրույց-Քրիստինե-Գրիգորյանի-հետ/172241,https://www.youtube.com/embed/-NoF0M9uu5M?autoplay=1&autohide=1,Հարցազրույց Քրիստինե Գրիգորյանի հետ,21:15,"09 Փտր, 2021",-NoF0M9uu5M,4718,87,0,N/A
1009,https://www.1tv.am/hy/video/Հարցազրույց-Անդրանիկ-Քոչարյանի-հետ/172187,https://www.youtube.com/embed/4zocDTmz7NQ?autoplay=1&autohide=1,Հարցազրույց Անդրանիկ Քոչարյանի հետ,21:45,"08 Փտր, 2021",4zocDTmz7NQ,24341,542,0,N/A
1010,https://www.1tv.am/hy/video/Հարցազրույց-Զոհրաբ-Եգանյանի-հետ/172025,https://www.youtube.com/embed/I2LSLUhUjOY?autoplay=1&autohide=1,Հարցազրույց Զոհրաբ Եգանյանի հետ,21:50,"06 Փտր, 2021",I2LSLUhUjOY,4837,63,0,N/A
1011,https://www.1tv.am/hy/video/Հարցազրույց-Խաչատուր-Սուքիասյանի-հետ/172033,https://www.youtube.com/embed/A_qypGbakNQ?autoplay=1&autohide=1,Հարցազրույց Խաչատուր Սուքիասյանի հետ,21:50,"05 Փտր, 2021",A_qypGbakNQ,132269,1965,0,N/A
1012,https://www.1tv.am/hy/video/Հարցազրույց-Արտակ-Մարկոսյանի-հետ/172043,https://www.youtube.com/embed/MFoyEAV9PrE?autoplay=1&autohide=1,Հարցազրույց Արտակ Մարկոսյանի հետ,21:30,"05 Փտր, 2021",MFoyEAV9PrE,4627,65,0,N/A
1013,https://www.1tv.am/hy/video/Հարցազրույց-Գայանե-Սահակյանի-հետ/171904,https://www.youtube.com/embed/xzbiYjC1a8M?autoplay=1&autohide=1,Հարցազրույց Գայանե Սահակյանի հետ,21:10,"04 Փտր, 2021",xzbiYjC1a8M,2635,21,0,N/A
1014,https://www.1tv.am/hy/video/Հարցազրույց-Ներսես/171896,https://www.youtube.com/embed/P8SB0xxpN2Y?autoplay=1&autohide=1,Հարցազրույց Ներսես Երիցյանի հետ,21:05,"04 Փտր, 2021",P8SB0xxpN2Y,9234,148,0,N/A
1015,https://www.1tv.am/hy/video/Հարցազրույց-Արա-Սարգսյանի-հետ/171794,https://www.youtube.com/embed/8g8V2qvY09o?autoplay=1&autohide=1,Հարցազրույց Արամ Սարգսյանի հետ,21:15,"03 Փտր, 2021",8g8V2qvY09o,130606,2089,0,N/A
1016,https://www.1tv.am/hy/video/Հարցազրույց-Բագրատ-Ասատրյանի-հետ/171607,https://www.youtube.com/embed/9MoMVdavBZw?autoplay=1&autohide=1,Հարցազրույց Բագրատ Ասատրյանի հետ,21:15,"01 Փտր, 2021",9MoMVdavBZw,14288,206,0,N/A
1017,https://www.1tv.am/hy/video/Հարցազրույց-Աշոտ-Թավադյանի-հետ/171436,https://www.youtube.com/embed/zaOYLYuQ4Zs?autoplay=1&autohide=1,Հարցազրույց Աշոտ Թավադյանի հետ,20:30,"30 Հնվ, 2021",zaOYLYuQ4Zs,21322,230,0,N/A
1018,https://www.1tv.am/hy/video/Հարցազրույց-Հակոբ-Ասլանյանի-հետ/171427,https://www.youtube.com/embed/QcQeinqpkig?autoplay=1&autohide=1,Հարցազրույց Հակոբ Ասլանյանի հետ,20:00,"29 Հնվ, 2021",QcQeinqpkig,19313,630,0,N/A
1019,https://www.1tv.am/hy/video/Հարցազրույց-Լեոնարդ-Պողոսյանի-հետ/171330,https://www.youtube.com/embed/KdF_11cICqE?autoplay=1&autohide=1,Հարցազրույց Լեոնարդ Պողոսյանի հետ,20:45,"28 Հնվ, 2021",KdF_11cICqE,21270,478,0,N/A
1020,https://www.1tv.am/hy/video/Հարցազրույց-Արտակ-Թովմասյանի-հետ/171326,https://www.youtube.com/embed/qzZCBXUDIjc?autoplay=1&autohide=1,Հարցազրույց Արտակ Թովմասյանի հետ,21:45,"27 Հնվ, 2021",qzZCBXUDIjc,6605,47,0,N/A
1021,https://www.1tv.am/hy/video/Հարցազրույց-Վահագն-Հովակիմյանի-հետ/171294,https://www.youtube.com/embed/ZlXBXavm-08?autoplay=1&autohide=1,Հարցազրույց Վահագն Հովակիմյանի հետ,20:30,"27 Հնվ, 2021",ZlXBXavm-08,6429,119,0,N/A
1022,https://www.1tv.am/hy/video/Հարցազրույց-Մեսրոպ-Առաքելյանի-հետ/171158,https://www.youtube.com/embed/X7N2Z0Gjo_s?autoplay=1&autohide=1,Հարցազրույց Մեսրոպ Առաքելյանի հետ,21:30,"26 Հնվ, 2021",X7N2Z0Gjo_s,4017,65,0,N/A
1023,https://www.1tv.am/hy/video/Հարցազրույց-Սերգեյ-Սմբատյանի-հետ/171040,https://www.youtube.com/embed/DaZM4f-a_do?autoplay=1&autohide=1,Հարցազրույց Սերգեյ Սմբատյանի հետ,21:30,"25 Հնվ, 2021",DaZM4f-a_do,3506,37,0,N/A
1024,https://www.1tv.am/hy/video/Հարցազրույց-Նազելի-Բաղդասարյանի-հետ/171046,https://www.youtube.com/embed/lA_U5wKJizc?autoplay=1&autohide=1,Հարցազրույց Նազելի Բաղդասարյանի հետ,20:40,"25 Հնվ, 2021",lA_U5wKJizc,7318,159,0,N/A
1025,https://www.1tv.am/hy/video/Հարցազրույց-Եղիշե-Կիրակոսյանի-հետ/170887,https://www.youtube.com/embed/51VEYhKixSM?autoplay=1&autohide=1,Հարցազրույց Եղիշե Կիրակոսյանի հետ,21:30,"23 Հնվ, 2021",51VEYhKixSM,6393,64,0,N/A
1026,https://www.1tv.am/hy/video/Հարցազրույց-Սուրեն-Սուրենյանց/170877,https://www.youtube.com/embed/3eP-YitpWbY?autoplay=1&autohide=1,Հարցազրույց Սուրեն Սուրենյանց,21:30,"22 Հնվ, 2021",3eP-YitpWbY,8347,94,0,N/A
1027,https://www.1tv.am/hy/video/Հարցազրույց-Հայկ-Կոնջորյանի-հետ/170794,https://www.youtube.com/embed/X6yvNXb9ycY?autoplay=1&autohide=1,Հարցազրույց Հայկ Կոնջորյանի հետ,21:30,"21 Հնվ, 2021",X6yvNXb9ycY,12501,316,0,N/A
1028,https://www.1tv.am/hy/video/Հարցազրույց-Րաֆֆի-Քասարջյանի-հետ/170721,https://www.youtube.com/embed/G0mpwat_h34?autoplay=1&autohide=1,Հարցազրույց Րաֆֆի Քասարջյանի հետ,21:30,"20 Հնվ, 2021",G0mpwat_h34,9959,168,0,N/A
1029,https://www.1tv.am/hy/video/Հարցազրույց-Արթուր-Խաչատրյանի-հետ/170628,https://www.youtube.com/embed/TX6141fnFXw?autoplay=1&autohide=1,Հարցազրույց Արթուր Խաչատրյանի հետ,21:30,"19 Հնվ, 2021",TX6141fnFXw,6396,39,0,N/A
1030,https://www.1tv.am/hy/video/Հարցազրույց-Արման-Թաթոյանի-հետ/170546,https://www.youtube.com/embed/UrCvKgxH29Y?autoplay=1&autohide=1,Հարցազրույց Արման Թաթոյանի հետ,21:35,"18 Հնվ, 2021",UrCvKgxH29Y,6866,85,0,N/A
1031,https://www.1tv.am/hy/video/Հարցազրույց-Վահան-Վարդապետյանի-հետ/170443,https://www.youtube.com/embed/_avCehEz88o?autoplay=1&autohide=1,Հարցազրույց Վահան Վարդապետյանի հետ,20:00,"16 Հնվ, 2021",_avCehEz88o,29359,790,0,N/A
1032,https://www.1tv.am/hy/video/Հարցազրույց-Էդմոն-Մարուքյանի-հետ/170398,https://www.youtube.com/embed/XBV765Mr2Uk?autoplay=1&autohide=1,Հարցազրույց Էդմոն Մարուքյանի հետ,21:30,"15 Հնվ, 2021",XBV765Mr2Uk,23016,474,0,N/A
1033,https://www.1tv.am/hy/video/Հարցազրույց-Ռուստամ-Բադասյանի-հետ/170304,https://www.youtube.com/embed/BIVvsyjuk5s?autoplay=1&autohide=1,Հարցազրույց Ռուստամ Բադասյանի հետ,21:30,"14 Հնվ, 2021",BIVvsyjuk5s,9585,238,0,N/A
1034,https://www.1tv.am/hy/video/Հարցազրույց-Դավիթ-Բաբայանի-հետ/170296,https://www.youtube.com/embed/aNSkNsjkHE0?autoplay=1&autohide=1,Հարցազրույց Դավիթ Բաբայանի հետ,21:30,"14 Հնվ, 2021",aNSkNsjkHE0,7583,46,0,N/A
1035,https://www.1tv.am/hy/video/Հարցազրույց-Արգիշտի-Քյարամյանի-հետ/170224,https://www.youtube.com/embed/eYPoRilb8qg?autoplay=1&autohide=1,Հարցազրույց Արգիշտի Քյարամյանի հետ,21:45,"13 Հնվ, 2021",eYPoRilb8qg,127057,1389,0,N/A
1036,https://www.1tv.am/hy/video/Հարցազրույց-Գագիկ-Ջհանգիրյանի-հետ/170216,https://www.youtube.com/embed/xHXiKwAYIhg?autoplay=1&autohide=1,Հարցազրույց Գագիկ Ջհանգիրյանի հետ,20:30,"13 Հնվ, 2021",xHXiKwAYIhg,125592,2049,0,N/A
1037,https://www.1tv.am/hy/video/Հարցազրույց-Վիկտոր-Ենգիբարյանի-հետ/170136,https://www.youtube.com/embed/LcMW2lVg2-c?autoplay=1&autohide=1,Հարցազրույց Վիկտոր Ենգիբարյանի հետ,21:30,"12 Հնվ, 2021",LcMW2lVg2-c,8761,177,0,N/A
1038,https://www.1tv.am/hy/video/Հարցազրույց-Արման-Բաբաջանյանի-հետ/170084,https://www.youtube.com/embed/nH8SoWnV-kU?autoplay=1&autohide=1,Հարցազրույց Արման Բաբաջանյանի հետ,21:30,"11 Հնվ, 2021",nH8SoWnV-kU,21648,429,0,N/A
1039,https://www.1tv.am/hy/video/Հարցազրույց-Ռուբեն-Ռուբինյանի-հետ/169912,https://www.youtube.com/embed/ilJkzqjDaoM?autoplay=1&autohide=1,Հարցազրույց Ռուբեն Ռուբինյանի հետ,21:30,"10 Հնվ, 2021",ilJkzqjDaoM,15749,333,0,N/A
1040,https://www.1tv.am/hy/video/Հարցազրույց-Նորայր-Նորիկյանի-հետ/169921,https://www.youtube.com/embed/UQOX6Yl3Zl0?autoplay=1&autohide=1,Հարցազրույց Նորայր Նորիկյանի հետ,21:30,"09 Հնվ, 2021",UQOX6Yl3Zl0,23056,494,0,N/A
1041,https://www.1tv.am/hy/video/Հարցազրույց-Վահան-Քերոբյանի-հետ/169797,https://www.youtube.com/embed/dvRlAGxdbqc?autoplay=1&autohide=1,Հարցազրույց Վահան Քերոբյանի հետ,19:30,"07 Հնվ, 2021",dvRlAGxdbqc,12080,219,0,N/A
1042,https://www.1tv.am/hy/video/Հարցազրույց-Ռուբեն-Բաբայանի-հետ/169615,https://www.youtube.com/embed/1wvNJaricqE?autoplay=1&autohide=1,Հարցազրույց Ռուբեն Բաբայանի հետ,21:30,"30 Դեկ, 2020",1wvNJaricqE,13001,253,0,N/A
1043,https://www.1tv.am/hy/video/Հարցազրույց-Մխիթար-Հայրապետյանի-հետ/169468,https://www.youtube.com/embed/emmu8-aY1L4?autoplay=1&autohide=1,Հարցազրույց Մխիթար Հայրապետյանի հետ,21:30,"29 Դեկ, 2020",emmu8-aY1L4,29198,707,0,N/A
1044,https://www.1tv.am/hy/video/Հարցազրույց-Էդմոն-Մարուքյանի-հետ/169295,https://www.youtube.com/embed/R9pypq5R7yk?autoplay=1&autohide=1,Հարցազրույց Էդմոն Մարուքյանի հետ,21:30,"28 Դեկ, 2020",R9pypq5R7yk,15163,385,0,N/A
1045,https://www.1tv.am/hy/video/Հարցազրույց-Նիկոլ-Փաշինյանի-հետ/169093,https://www.youtube.com/embed/L4ahf4SYLJo?autoplay=1&autohide=1,Հարցազրույց Նիկոլ Փաշինյանի հետ,22:00,"27 Դեկ, 2020",L4ahf4SYLJo,28590,645,0,N/A
1046,https://www.1tv.am/hy/video/Հարցազրույց-Եղիշե-Կիրակոսյանի-հետ/169111,https://www.youtube.com/embed/nVp9ThrzbiI?autoplay=1&autohide=1,Հարցազրույց Եղիշե Կիրակոսյանի հետ,21:25,"26 Դեկ, 2020",nVp9ThrzbiI,8097,124,0,N/A
1047,https://www.1tv.am/hy/video/Հարցազրույց-Արա-Հակոբյանի-հետ/169102,https://www.youtube.com/embed/FEckBZfC6l4?autoplay=1&autohide=1,Հարցազրույց Արա Հակոբյանի հետ,21:30,"25 Դեկ, 2020",FEckBZfC6l4,5126,36,0,N/A
1048,https://www.1tv.am/hy/video/Հարցազրույց-Ոսկան-արքեպիսկոպոս-Գալփաքյանի-հետ/168913,https://www.youtube.com/embed/qP_-L2IQysQ?autoplay=1&autohide=1,Հարցազրույց Ոսկան արքեպիսկոպոս Գալփաքյանի հետ,21:30,"24 Դեկ, 2020",qP_-L2IQysQ,151458,751,0,N/A
1049,https://www.1tv.am/hy/video/Հարցազրույց-Աշոտ-Բլեյանի-հետ/168797,https://www.youtube.com/embed/1rzh3wgKTfg?autoplay=1&autohide=1,Հարցազրույց Աշոտ Բլեյանի հետ,21:40,"23 Դեկ, 2020",1rzh3wgKTfg,6630,52,0,N/A
1050,https://www.1tv.am/hy/video/Հարցազրույց-Արման-Բաբաջանյանի-հետ/168680,https://www.youtube.com/embed/NTCwCGeCJGI?autoplay=1&autohide=1,Հարցազրույց Արման Բաբաջանյանի հետ,21:45,"22 Դեկ, 2020",NTCwCGeCJGI,23932,818,0,N/A
1051,https://www.1tv.am/hy/video/Հարցազրույց-Ռաֆիկ-Հակոբյանի-հետ/168672,https://www.youtube.com/embed/2wFn-PCMUrA?autoplay=1&autohide=1,Հարցազրույց Ռաֆիկ Հակոբյանի հետ,20:30,"22 Դեկ, 2020",2wFn-PCMUrA,12925,324,0,N/A
1052,https://www.1tv.am/hy/video/Հարցազրույց-Լիլիթ-Մակունցի-հետ/168586,https://www.youtube.com/embed/lO7hU4mIldA?autoplay=1&autohide=1,Հարցազրույց Լիլիթ Մակունցի հետ,21:45,"21 Դեկ, 2020",lO7hU4mIldA,25791,614,0,N/A
1053,https://www.1tv.am/hy/video/Հարցազրույց-Արմեն-Մկրտչյանի-հետ/168584,https://www.youtube.com/embed/4zf4xYG_3Mw?autoplay=1&autohide=1,Հարցազրույց Արմեն Մկրտչյանի հետ,21:30,"21 Դեկ, 2020",4zf4xYG_3Mw,21788,340,0,N/A
1054,https://www.1tv.am/hy/video/Հարցազրույց-Արտակ-Զեյնալյանի-հետ/168466,https://www.youtube.com/embed/yOWBp5xVlkU?autoplay=1&autohide=1,Հարցազրույց Արտակ Զեյնալյանի հետ,21:30,"19 Դեկ, 2020",yOWBp5xVlkU,8467,153,0,N/A
1055,https://www.1tv.am/hy/video/Հարցազրույց-Արմեն-Գրիգորյանի-հետ/168457,https://www.youtube.com/embed/yPzPkIPaYmo?autoplay=1&autohide=1,Հարցազրույց Արմեն Գրիգորյանի հետ,21:30,"18 Դեկ, 2020",yPzPkIPaYmo,13152,144,0,N/A
1056,https://www.1tv.am/hy/video/Հարցազրույց-Խոսրով-Հարությունյանի-հետ/168448,https://www.youtube.com/embed/VyzfUakmsJY?autoplay=1&autohide=1,Հարցազրույց Խոսրով Հարությունյանի հետ,20:30,"18 Դեկ, 2020",VyzfUakmsJY,5908,36,0,N/A
1057,https://www.1tv.am/hy/video/Հարցազրույց-Արա-Ֆիդանյանի-հետ/168348,https://www.youtube.com/embed/5-Sxp6sh0yo?autoplay=1&autohide=1,Հարցազրույց Արա Ֆիդանյանի հետ,21:30,"17 Դեկ, 2020",5-Sxp6sh0yo,37928,751,0,N/A
1058,https://www.1tv.am/hy/video/Հարցազրույց-Մանե-Թանդիլյանի-հետ/168234,https://www.youtube.com/embed/tQDVcBB9-O0?autoplay=1&autohide=1,Հարցազրույց Մանե Թանդիլյանի հետ,22:45,"16 Դեկ, 2020",tQDVcBB9-O0,6265,85,0,N/A
1059,https://www.1tv.am/hy/video/Հարցազրույց-Ներսես-Երիցյանի-հետ/168231,https://www.youtube.com/embed/t1-L71LIphw?autoplay=1&autohide=1,Հարցազրույց Ներսես Երիցյանի հետ,22:30,"16 Դեկ, 2020",t1-L71LIphw,3772,34,0,N/A
1060,https://www.1tv.am/hy/video/Հարցազրույց-Ժիրայր-Սեֆիլյանի-հետ/168133,https://www.youtube.com/embed/viDJgiFrNBA?autoplay=1&autohide=1,Հարցազրույց Ժիրայր Սեֆիլյանի հետ,21:30,"15 Դեկ, 2020",viDJgiFrNBA,52985,1119,0,N/A
1061,https://www.1tv.am/hy/video/Հարցազրույց-Արամ-Սարգսյանի-հետ/168041,https://www.youtube.com/embed/ma3FbwEUSA8?autoplay=1&autohide=1,Հարցազրույց Արամ Սարգսյանի հետ,21:30,"14 Դեկ, 2020",ma3FbwEUSA8,66855,1964,0,N/A
1062,https://www.1tv.am/hy/video/Հարցազրույց-Արսեն-Ավագյանի-հետ/167844,https://www.youtube.com/embed/jOxS8-cgyok?autoplay=1&autohide=1,Հարցազրույց Արսեն Ավագյանի հետ,20:50,"12 Դեկ, 2020",jOxS8-cgyok,6791,89,0,N/A
1063,https://www.1tv.am/hy/video/Հարցազրույց-Վահրամ-Մարտիրոսյանի-հետ/167840,https://www.youtube.com/embed/izWcMVxXQXM?autoplay=1&autohide=1,Հարցազրույց Վահրամ Մարտիրոսյանի հետ,20:30,"12 Դեկ, 2020",izWcMVxXQXM,4780,47,0,N/A
1064,https://www.1tv.am/hy/video/Հարցազրույց-Հայկակ-Արշամյանի-հետ/167705,https://www.youtube.com/embed/GWG2615sv8A?autoplay=1&autohide=1,Հարցազրույց Հայկակ Արշամյանի հետ,21:30,"10 Դեկ, 2020",GWG2615sv8A,3990,88,0,N/A
1065,https://www.1tv.am/hy/video/Հարցազրույց-Անդրանիկ-Քոչարյանի-հետ/167615,https://www.youtube.com/embed/9qMZ7mDDai8?autoplay=1&autohide=1,Հարցազրույց Անդրանիկ Քոչարյանի հետ,20:00,"09 Դեկ, 2020",9qMZ7mDDai8,43137,1156,0,N/A
1066,https://www.1tv.am/hy/video/Հարցազրույց-Սուրեն-Սահակյանի-հետ/167480,https://www.youtube.com/embed/lE3yvsrFBqU?autoplay=1&autohide=1,Հարցազրույց Սուրեն Սահակյանի հետ,20:35,"08 Դեկ, 2020",lE3yvsrFBqU,14118,163,0,N/A
1067,https://www.1tv.am/hy/video/Հարցազրույց-Էդմոն-Մարուքյանի-հետ/167426,https://www.youtube.com/embed/BReYdVDEpdM?autoplay=1&autohide=1,Հարցազրույց Էդմոն Մարուքյանի հետ,20:30,"07 Դեկ, 2020",BReYdVDEpdM,33942,901,0,N/A
1068,https://www.1tv.am/hy/video/Հարցազրույց-Էդուարդ-Աղաջանյանի-հետ/167282,https://www.youtube.com/embed/bwvum4FfGz8?autoplay=1&autohide=1,Հարցազրույց Էդուարդ Աղաջանյանի հետ,20:45,"05 Դեկ, 2020",bwvum4FfGz8,24347,624,0,N/A
1069,https://www.1tv.am/hy/video/Հարցազրույց-Արա-Սահակյանի-հետ/167272,https://www.youtube.com/embed/Y2C4XAFEy5U?autoplay=1&autohide=1,Հարցազրույց Արա Սահակյանի հետ,21:35,"04 Դեկ, 2020",Y2C4XAFEy5U,11330,52,0,N/A
1070,https://www.1tv.am/hy/video/Հարցազրույց-Տիգրան-Ուրիխանյանի-հետ/167161,https://www.youtube.com/embed/1MTGD-s7elw?autoplay=1&autohide=1,Հարցազրույց Տիգրան Ուրիխանյանի հետ,21:15,"03 Դեկ, 2020",1MTGD-s7elw,8538,75,0,N/A
1071,https://www.1tv.am/hy/video/Հարցազրույց-Եղիշե-Կիրակոսյանի-հետ/166975,https://www.youtube.com/embed/B-Ww8xgymq0?autoplay=1&autohide=1,Հարցազրույց Եղիշե Կիրակոսյանի հետ,19:30,"02 Դեկ, 2020",B-Ww8xgymq0,7019,102,0,N/A
1072,https://www.1tv.am/hy/video/Հարցազրույց-Մարիա-Կարապետյանի-հետ/166873,https://www.youtube.com/embed/97YKcet2zKo?autoplay=1&autohide=1,Հարցազրույց Մարիա Կարապետյանի հետ,19:30,"01 Դեկ, 2020",97YKcet2zKo,10757,222,0,N/A
1073,https://www.1tv.am/hy/video/Հարցազրույց-Գեղամ-Մանուկյանի-հետ/166796,https://www.youtube.com/embed/6uNGz3FzgaQ?autoplay=1&autohide=1,Հարցազրույց Գեղամ Մանուկյանի հետ,19:30,"30 Նմբ, 2020",6uNGz3FzgaQ,21830,140,0,N/A
1074,https://www.1tv.am/hy/video/Հարցազրույց-Վահան-Քերոբյանի-հետ/166711,https://www.youtube.com/embed/lTHZSSh7U6s?autoplay=1&autohide=1,Հարցազրույց Վահան Քերոբյանի հետ,20:35,"27 Նմբ, 2020",lTHZSSh7U6s,15915,367,0,N/A
1075,https://www.1tv.am/hy/video/Հարցազրույց-Վիտալի-Ոսկանյանի-հետ/166559,https://www.youtube.com/embed/PcHF0NnqL8g?autoplay=1&autohide=1,Հարցազրույց Վիտալի Ոսկանյանի հետ,20:30,"26 Նմբ, 2020",PcHF0NnqL8g,8203,77,0,N/A
1076,https://www.1tv.am/hy/video/Հարցազրույց-Լենա-Նազարյանի-հետ/166480,https://www.youtube.com/embed/mpmQehzA4AQ?autoplay=1&autohide=1,Հարցազրույց Լենա Նազարյանի հետ,21:30,"25 Նմբ, 2020",mpmQehzA4AQ,31999,458,0,N/A
1077,https://www.1tv.am/hy/video/Հարցազրույց-Հակոբ-Արշակյանի-հետ/166355,https://www.youtube.com/embed/V5DMbMVSM6I?autoplay=1&autohide=1,Հարցազրույց Հակոբ Արշակյանի հետ,21:30,"24 Նմբ, 2020",V5DMbMVSM6I,10733,210,0,N/A
1078,https://www.1tv.am/hy/video/Հարցազրույց-Ռուբեն-Ռուբինյանի-հետ/166229,https://www.youtube.com/embed/J2dbSjZ8Msc?autoplay=1&autohide=1,Հարցազրույց Ռուբեն Ռուբինյանի հետ,20:30,"23 Նմբ, 2020",J2dbSjZ8Msc,14959,378,0,N/A
1079,https://www.1tv.am/hy/video/Հարցազրույց-Գուրգեն-Արսենյան-հետ/165975,https://www.youtube.com/embed/Tyq9KyBZXBs?autoplay=1&autohide=1,Հարցազրույց Գուրգեն Արսենյանի հետ,21:30,"18 Նմբ, 2020",Tyq9KyBZXBs,26065,419,0,N/A
1080,https://www.1tv.am/hy/video/Հարցազրույց-Տեր-Ասողիկ-աբեղա-Կարապետյանի-հետ/165858,https://www.youtube.com/embed/okqM5slj3sI?autoplay=1&autohide=1,Հարցազրույց Տեր Ասողիկ աբեղա Կարապետյանի հետ,19:30,"16 Նմբ, 2020",okqM5slj3sI,2700,25,0,N/A
1081,https://www.1tv.am/hy/video/Հարցազրույց-Էդմոն-Մարուքյանի-հետ/165670,https://www.youtube.com/embed/Z45rBngViVY?autoplay=1&autohide=1,Հարցազրույց Էդմոն Մարուքյանի հետ,20:00,"15 Նմբ, 2020",Z45rBngViVY,20203,607,0,N/A
1082,https://www.1tv.am/hy/video/Հարցազրույց-Նիկոլ-Փաշինյանի-հետ/165651,https://www.facebook.com/plugins/video.php?href=https%3A%2F%2Fwww.facebook.com%2Flurer1tv%2Fvideos%2F1285800781771444%2F&show_text=0&width=560&autoplay=1,Հարցազրույց Նիկոլ Փաշինյանի հետ,20:00,"13 Նմբ, 2020",,N/A,N/A,N/A,N/A
1083,https://www.1tv.am/hy/video/Հարցազրույց-Հրանտ-Բագրատյանի-հետ/165660,https://www.youtube.com/embed/H86ZJWoMkF8?autoplay=1&autohide=1,Հարցազրույց Հրանտ Բագրատյանի հետ,19:30,"13 Նմբ, 2020",H86ZJWoMkF8,14797,104,0,N/A
1084,https://www.1tv.am/hy/video/Հարցազրույց-Դավիթ-Տոնոյանի-հետ/165510,https://www.youtube.com/embed/-dmkGDaVsjo?autoplay=1&autohide=1,Հարցազրույց Դավիթ Տոնոյանի հետ,20:30,"10 Նմբ, 2020",-dmkGDaVsjo,109833,1190,0,N/A
1085,https://www.1tv.am/hy/video/Հարցազրույց-Վարդան-Արամյանի-հետ/165440,https://www.youtube.com/embed/DQJ2akS0BCU?autoplay=1&autohide=1,Հարցազրույց Վարդան Արամյանի հետ,19:30,"09 Նմբ, 2020",DQJ2akS0BCU,9809,44,0,N/A
1086,https://www.1tv.am/hy/video/Հարցազրույց-Նարինե-Աբգարյանի-հետ/165436,https://www.youtube.com/embed/IMW7CXuo_2Q?autoplay=1&autohide=1,Հարցազրույց Նարինե Աբգարյանի հետ,21:15,"07 Նմբ, 2020",IMW7CXuo_2Q,6627,120,0,N/A
1087,https://www.1tv.am/hy/video/Հարցազրույց-Արծրուն-Հովհաննիսյանի-հետ/165432,https://www.youtube.com/embed/aM2SKeuAxDg?autoplay=1&autohide=1,Հարցազրույց Արծրուն Հովհաննիսյանի հետ,19:30,"06 Նմբ, 2020",aM2SKeuAxDg,140145,2076,0,N/A
1088,https://www.1tv.am/hy/video/Հարցազրույց-Արծրուն-Հովհաննիսյանի-հետ/165240,https://www.youtube.com/embed/8M1WEg0S19U?autoplay=1&autohide=1,Հարցազրույց Արծրուն Հովհաննիսյանի հետ,19:30,"05 Նմբ, 2020",8M1WEg0S19U,113402,1605,0,N/A
1089,https://www.1tv.am/hy/video/Հարցազրույց-Ռուբեն-Մելքոնյանի-հետ/165083,https://www.youtube.com/embed/cXC30KnEEfg?autoplay=1&autohide=1,Հարցազրույց Ռուբեն Մելքոնյանի հետ,19:30,"04 Նմբ, 2020",cXC30KnEEfg,6761,72,0,N/A
1090,https://www.1tv.am/hy/video/Հարցազրույց-Էդմոն-Մարուքյանի-հետ/165036,https://www.youtube.com/embed/hqrd_5fmsEM?autoplay=1&autohide=1,Հարցազրույց Էդմոն Մարուքյանի հետ,19:30,"03 Նմբ, 2020",hqrd_5fmsEM,14327,554,0,N/A
1091,https://www.1tv.am/hy/video/Հարցազրույց-Կարեն-Հովհաննիսյանի-և-Սարո-Սարոյանի-հետ/164905,https://www.youtube.com/embed/GwrR9A8o6ss?autoplay=1&autohide=1,Հարցազրույց Կարեն Հովհաննիսյանի և Սարո Սարոյանի հետ,19:30,"02 Նմբ, 2020",GwrR9A8o6ss,12421,177,0,N/A
1092,https://www.1tv.am/hy/video/Հարցազրույց-Անդրանիկ-Քոչարյանի-հետ/164643,https://www.youtube.com/embed/wEptL9CcmmA?autoplay=1&autohide=1,Հարցազրույց Անդրանիկ Քոչարյանի հետ,19:35,"29 Հոկ, 2020",wEptL9CcmmA,21210,336,0,N/A
1093,https://www.1tv.am/hy/video/Հարցազրույց-Գեորգի-Մելքոնյանի-հետ/164550,https://www.youtube.com/embed/Dz6laWTWPek?autoplay=1&autohide=1,Հարցազրույց Գեորգի Մելքոնյանի հետ,20:30,"28 Հոկ, 2020",Dz6laWTWPek,21017,300,0,N/A
1094,https://www.1tv.am/hy/video/Հարցազրույց-Դավիթ-Հովհաննիսյանի-հետ/164426,https://www.youtube.com/embed/9YN-4iClPiE?autoplay=1&autohide=1,Հարցազրույց Դավիթ Հովհաննիսյանի հետ,19:30,"27 Հոկ, 2020",9YN-4iClPiE,9146,81,0,N/A
1095,https://www.1tv.am/hy/video/Հարցազրույց-Վարդան-Պետրոսյանի-հետ/164289,https://www.youtube.com/embed/HDZLeg4gkHM?autoplay=1&autohide=1,Հարցազրույց Վարդան Պետրոսյանի հետ,21:30,"24 Հոկ, 2020",HDZLeg4gkHM,19237,308,0,N/A
1096,https://www.1tv.am/hy/video/Հարցազրույց-Էդգար-Էլբակյանի-հետ/164109,https://www.youtube.com/embed/hypSAhgXTO8?autoplay=1&autohide=1,Հարցազրույց Էդգար Էլբակյանի հետ,19:30,"22 Հոկ, 2020",hypSAhgXTO8,14270,137,0,N/A
1097,https://www.1tv.am/hy/video/Հարցազրույց-Կարեն-Հովհաննիսյանի-հետ/164015,https://www.youtube.com/embed/FUIF2uSMoCM?autoplay=1&autohide=1,Հարցազրույց Կարեն Հովհաննիսյանի հետ,20:15,"21 Հոկ, 2020",FUIF2uSMoCM,30121,407,0,N/A
1098,https://www.1tv.am/hy/video/Հարցազրույց-Արծրուն-Հովհաննիսյանի-հետ/163896,https://www.youtube.com/embed/7QEowUEoTsg?autoplay=1&autohide=1,Հարցազրույց Արծրուն Հովհաննիսյանի հետ,20:30,"20 Հոկ, 2020",7QEowUEoTsg,129883,2249,0,N/A
1099,https://www.1tv.am/hy/video/Հարցազրույց-Եղիշե-Կիրակոսյանի-և-Լևոն-Գևորգյանի-հետ/163827,https://www.youtube.com/embed/BjfeVfeL0N4?autoplay=1&autohide=1,Հարցազրույց Եղիշե Կիրակոսյանի և Լևոն Գևորգյանի հետ,19:30,"19 Հոկ, 2020",BjfeVfeL0N4,9185,101,0,N/A
1100,https://www.1tv.am/hy/video/Հարցազրույց-Արամ-Սարգսյանի-հետ/163631,https://www.youtube.com/embed/n_rjVVMKElY?autoplay=1&autohide=1,Հարցազրույց Արամ Սարգսյանի հետ,20:30,"15 Հոկ, 2020",n_rjVVMKElY,23770,401,33,N/A
1101,https://www.1tv.am/hy/video/Հարցազրույց-Վարուժան-Ավետիքյանի-հետ/163622,https://www.youtube.com/embed/u5ZTBNAsD08?autoplay=1&autohide=1,Հարցազրույց Վարուժան Ավետիքյանի հետ,20:30,"15 Հոկ, 2020",u5ZTBNAsD08,7504,96,3,N/A
1102,https://www.1tv.am/hy/video/Հարցազրույց-Ալեն-Սիմոնյանի-հետ/163565,https://www.youtube.com/embed/cHmiIb2ui2A?autoplay=1&autohide=1,Հարցազրույց Ալեն Սիմոնյանի հետ,20:20,"14 Հոկ, 2020",cHmiIb2ui2A,15166,258,0,N/A
1103,https://www.1tv.am/hy/video/Հարցազրույց-Արսեն-Թորոսյանի-հետ/163396,https://www.youtube.com/embed/FolNtdxCCEc?autoplay=1&autohide=1,Հարցազրույց Արսեն Թորոսյանի հետ,20:00,"12 Հոկ, 2020",FolNtdxCCEc,4842,38,0,N/A
1104,https://www.1tv.am/hy/video/Հարցազրույց-Արա-Խզմալյանի-և-Արթուր-Ղուկասյանի-հետ/162677,https://www.youtube.com/embed/ZlLbn_y_N8c?autoplay=1&autohide=1,Հարցազրույց Արա Խզմալյանի և Արթուր Ղուկասյանի հետ,19:30,"26 Սեպ, 2020",ZlLbn_y_N8c,2790,35,0,N/A
1105,https://www.1tv.am/hy/video/Հարցազրույց-Բաբկեն-Թունյանի-հետ/162545,https://www.youtube.com/embed/hO9mFIcZvkU?autoplay=1&autohide=1,Հարցազրույց Բաբկեն Թունյանի հետ,20:15,"24 Սեպ, 2020",hO9mFIcZvkU,1802,50,0,N/A
1106,https://www.1tv.am/hy/video/Հարցազրույց-Միքայել-Մելքումյանի-հետ/162552,https://www.youtube.com/embed/zzhyCs1cWbc?autoplay=1&autohide=1,Հարցազրույց Միքայել Մելքումյանի հետ,20:15,"23 Սեպ, 2020",zzhyCs1cWbc,6482,52,0,N/A
1107,https://www.1tv.am/hy/video/Հարցազրույց-Արման-Խոջոյանի-հետ/162330,https://www.youtube.com/embed/FlYGgBRPKRA?autoplay=1&autohide=1,Հարցազրույց Արման Խոջոյանի հետ,20:30,"22 Սեպ, 2020",FlYGgBRPKRA,1633,42,0,N/A
1108,https://www.1tv.am/hy/video/Հարցազրույց-Նարեկ-Մանուկյանի-հետ/162062,https://www.youtube.com/embed/1awF44yd_0g?autoplay=1&autohide=1,Հարցազրույց Նարեկ Մանուկյանի հետ,19:30,"19 Սեպ, 2020",1awF44yd_0g,2261,38,0,N/A
1109,https://www.1tv.am/hy/video/Հարցազրույց-Ռոմելա-Աբովյանի-հետ/162059,https://www.youtube.com/embed/iNBVDVPHL-I?autoplay=1&autohide=1,Հարցազրույց Ռոմելա Աբովյանի հետ,20:30,"18 Սեպ, 2020",iNBVDVPHL-I,1652,38,0,N/A
1110,https://www.1tv.am/hy/video/Հարցազրույց-Արկադի-Խաչատրյանի-հետ/161960,https://www.youtube.com/embed/Ik7sJl4cYcc?autoplay=1&autohide=1,Հարցազրույց Արկադի Խաչատրյանի հետ,19:30,"17 Սեպ, 2020",Ik7sJl4cYcc,992,11,0,N/A
1111,https://www.1tv.am/hy/video/Հարցազրույց-Արայիկ-Հարությունյանի-հետ/161801,https://www.youtube.com/embed/OANLDtC9CrY?autoplay=1&autohide=1,Հարցազրույց Արայիկ Հարությունյանի հետ,21:20,"16 Սեպ, 2020",OANLDtC9CrY,16039,430,0,N/A
1112,https://www.1tv.am/hy/video/Հարցազրույց-Արմեն-Խաչատրյանի-հետ/161716,https://www.youtube.com/embed/keXWTorKzBk?autoplay=1&autohide=1,Հարցազրույց Արմեն Խաչատրյանի հետ,21:15,"15 Սեպ, 2020",keXWTorKzBk,2069,62,0,N/A
1113,https://www.1tv.am/hy/video/Հարցազրույց-Անի-Սամսոնյանի-հետ/161644,https://www.youtube.com/embed/hxxahTSw_EU?autoplay=1&autohide=1,Հարցազրույց Անի Սամսոնյանի հետ,20:30,"14 Սեպ, 2020",hxxahTSw_EU,60561,865,0,N/A
1114,https://www.1tv.am/hy/video/Հարցազրույց-Արա-Զոհրաբյանի-հետ/161404,https://www.youtube.com/embed/uZDJOMbWrWc?autoplay=1&autohide=1,Հարցազրույց Արա Զոհրաբյանի հետ,16:30,"12 Սեպ, 2020",uZDJOMbWrWc,2644,21,0,N/A
1115,https://www.1tv.am/hy/video/Հարցազրույց-Անահիտ-Ավանեսյանի-հետ/161402,https://www.youtube.com/embed/Fo8JEE0NPLY?autoplay=1&autohide=1,Հարցազրույց Անահիտ Ավանեսյանի հետ,18:00,"11 Սեպ, 2020",Fo8JEE0NPLY,5942,38,0,N/A
1116,https://www.1tv.am/hy/video/Հարցազրույց-Լարիսա-Մինասյանի-հետ/161298,https://www.youtube.com/embed/7vrXUozKjoQ?autoplay=1&autohide=1,Հարցազրույց Լարիսա Մինասյանի հետ,20:30,"10 Սեպ, 2020",7vrXUozKjoQ,4204,81,0,N/A
1117,https://www.1tv.am/hy/video/Հարցազրույց-Ռուստամ-Բադասյանի-հետ/161166,https://www.youtube.com/embed/t0DXrHNu214?autoplay=1&autohide=1,Հարցազրույց Ռուստամ Բադասյանի հետ,21:45,"09 Սեպ, 2020",t0DXrHNu214,2938,71,0,N/A
1118,https://www.1tv.am/hy/video/Հարցազրույց-Վարդան-Ասոյանի-հետ/160923,https://www.youtube.com/embed/b_mGSkNlWw0?autoplay=1&autohide=1,Հարցազրույց Վարդան Ասոյանի հետ,21:30,"07 Սեպ, 2020",b_mGSkNlWw0,1224,24,0,N/A
1119,https://www.1tv.am/hy/video/Հարցազրույց-Եգոր-Զայցևի-հետ/160814,https://www.youtube.com/embed/1TzbDaW1V4w?autoplay=1&autohide=1,Հարցազրույց Եգոր Զայցևի հետ,19:30,"05 Սեպ, 2020",1TzbDaW1V4w,2132,41,0,N/A
1120,https://www.1tv.am/hy/video/Հարցազրույց-Հակոբ-Կարապետյանի-հետ/160782,https://www.youtube.com/embed/awNKwTlxrnY?autoplay=1&autohide=1,Հարցազրույց Հակոբ Կարապետյանի հետ,19:30,"04 Սեպ, 2020",awNKwTlxrnY,2973,71,0,N/A
1121,https://www.1tv.am/hy/video/Հարցազրույց-Գաբրիել-Բալայանի-հետ/160726,https://www.youtube.com/embed/MB6nI8thd4c?autoplay=1&autohide=1,Հարցազրույց Գաբրիել Բալայանի հետ,19:30,"03 Սեպ, 2020",MB6nI8thd4c,2551,53,0,N/A
1122,https://www.1tv.am/hy/video/Հարցազրույց-Դեբորա-Գրիզերի-հետ/160642,https://www.youtube.com/embed/GzJ1TO-yk6U?autoplay=1&autohide=1,Հարցազրույց Դեբորա Գրիզերի հետ,19:30,"02 Սեպ, 2020",GzJ1TO-yk6U,1931,48,0,N/A
1123,https://www.1tv.am/hy/video/Հարցազրույց-Մխիթար-Հայրապետյանի-հետ/160587,https://www.youtube.com/embed/-64_MRjOHig?autoplay=1&autohide=1,Հարցազրույց Մխիթար Հայրապետյանի հետ,20:30,"01 Սեպ, 2020",-64_MRjOHig,4088,101,0,N/A
1124,https://www.1tv.am/hy/video/Հարցազրույց-Վիգեն-Քոչարյանի-հետ/160524,https://www.youtube.com/embed/4Zf0Ckw9pvA?autoplay=1&autohide=1,Հարցազրույց Վիգեն Քոչարյանի հետ,19:30,"31 Օգս, 2020",4Zf0Ckw9pvA,4258,53,0,N/A
1125,https://www.1tv.am/hy/video/Հարցազրույց-Դավիթ-Երևանցու-հետ/160444,https://www.youtube.com/embed/9uofuA1tFWg?autoplay=1&autohide=1,Հարցազրույց Դավիթ Երևանցու հետ,20:30,"28 Օգս, 2020",9uofuA1tFWg,2420,41,0,N/A
1126,https://www.1tv.am/hy/video/Հարցազրույց-Գայանե-Սահակյանի-հետ/160391,https://www.youtube.com/embed/_YREaA0zutk?autoplay=1&autohide=1,Հարցազրույց Գայանե Սահակյանի հետ,21:30,"27 Օգս, 2020",_YREaA0zutk,1898,26,0,N/A
1127,https://www.1tv.am/hy/video/Հարցազրույց-Եղիշե-Կիրակոսյանի-և-Արմեն-Մազմանյանի-հետ/160365,https://www.youtube.com/embed/y3ZfNlK9FLQ?autoplay=1&autohide=1,Հարցազրույց Եղիշե Կիրակոսյանի և Արմեն Մազմանյանի հետ,20:30,"26 Օգս, 2020",y3ZfNlK9FLQ,1319,30,0,N/A
1128,https://www.1tv.am/hy/video/Հարցազրույց-Գևորգ-Մուրադյանի-հետ/160301,https://www.youtube.com/embed/nV6YVjI0QOY?autoplay=1&autohide=1,Հարցազրույց Գևորգ Մուրադյանի հետ,20:30,"25 Օգս, 2020",nV6YVjI0QOY,1450,16,0,N/A
1129,https://www.1tv.am/hy/video/Հարցազրույց-Անդրանիկ-Քոչարյանի-հետ/160260,https://www.youtube.com/embed/6vWfAeET9iQ?autoplay=1&autohide=1,Հարցազրույց Անդրանիկ Քոչարյանի հետ,19:00,"24 Օգս, 2020",6vWfAeET9iQ,15401,316,0,N/A
1130,https://www.1tv.am/hy/video/Հարցազրույց-Արամ-Մանուկյանի-հետ/160191,https://www.youtube.com/embed/1X9sTR-Zims?autoplay=1&autohide=1,Հարցազրույց Արամ Մանուկյանի հետ,21:30,"23 Օգս, 2020",1X9sTR-Zims,4038,87,0,N/A
1131,https://www.1tv.am/hy/video/Հարցազրույց-Պետրոս-Ղազարյանի-հետ/160090,https://www.youtube.com/embed/7s-0-EVICGY?autoplay=1&autohide=1,Հարցազրույց Պետրոս Ղազարյանի հետ. Բեյրութը պայթյունից հետո,21:45,"20 Օգս, 2020",7s-0-EVICGY,1621,18,0,N/A
1132,https://www.1tv.am/hy/video/Հարցազրույց-Պետրոս-Ղազարյանի-հետ/160050,https://www.youtube.com/embed/rq0UqOY_kQc?autoplay=1&autohide=1,Հարցազրույց Պետրոս Ղազարյանի հետ. Լիբանանի ներքաղաքական կյանքը և պայթյունի պատճառները,21:45,"19 Օգս, 2020",rq0UqOY_kQc,1280,15,0,N/A
1133,https://www.1tv.am/hy/video/Հարցազրույց-Պետրոս-Ղազարյանի-հետ/159981,https://www.youtube.com/embed/mr-t_i-yaZc?autoplay=1&autohide=1,Հարցազրույց Հակոբ Լադոյանի հետ,21:45,"18 Օգս, 2020",mr-t_i-yaZc,2316,36,0,N/A
1134,https://www.1tv.am/hy/video/Հարցազրույց-Պետրոս-Ղազարյանի-հետ/159907,https://www.youtube.com/embed/RwonnF2V3fw?autoplay=1&autohide=1,Հարցազրույց Պետրոս Ղազարյանի հետ. Բեյրութը պայթյունից հետո,21:45,"17 Օգս, 2020",RwonnF2V3fw,2238,19,0,N/A
1135,https://www.1tv.am/hy/video/Բեյրութը-պայթյունից-հետո/159782,https://www.youtube.com/embed/-ucE3UstIXg?autoplay=1&autohide=1,Հարցազրույց Պետրոս Ղազարյանի հետ. Բեյրութը պայթյունից հետո,21:30,"15 Օգս, 2020",-ucE3UstIXg,697,14,0,N/A
1136,https://www.1tv.am/hy/video/Հարցազրույց-Պետրոս-Ղազարյանի-հետ/159751,https://www.youtube.com/embed/eYktYB7xJhQ?autoplay=1&autohide=1,Հարցազրույց Պետրոս Ղազարյանի հետ. Բուրջ Համուդում տիրող իրավիճակը,21:45,"14 Օգս, 2020",eYktYB7xJhQ,3695,65,0,N/A
1137,https://www.1tv.am/hy/video/Հարցազրույց-Պետրոս-Ղազարյանի-հետ/159665,https://www.youtube.com/embed/QYx2OnQr1jg?autoplay=1&autohide=1,Հարցազրույց Պետրոս Ղազարյանի հետ. Բեյրութը պայթյունից հետո,21:45,"13 Օգս, 2020",QYx2OnQr1jg,2752,53,0,N/A
1138,https://www.1tv.am/hy/video/Հարցազրույց-Ամալյա-Մխիթարյանի-հետ/159614,https://www.youtube.com/embed/3unu7dhRtu8?autoplay=1&autohide=1,Հարցազրույց Ամալյա Մխիթարյանի հետ,21:30,"12 Օգս, 2020",3unu7dhRtu8,2293,33,0,N/A
1139,https://www.1tv.am/hy/video/Հարցազրույց-Հրանտ-Տեր֊Աբրահամյանի-հետ/159590,https://www.youtube.com/embed/ZyyJe2mHSn0?autoplay=1&autohide=1,Հարցազրույց Հրանտ Տեր֊Աբրահամյանի հետ,20:00,"11 Օգս, 2020",ZyyJe2mHSn0,4439,80,0,N/A
1140,https://www.1tv.am/hy/video/Հարցազրույց-Հայկ-Կոնջորյանի-հետ/159436,https://www.youtube.com/embed/WOpwmGwgPbc?autoplay=1&autohide=1,Հարցազրույց Հայկ Կոնջորյանի հետ,21:45,"08 Օգս, 2020",WOpwmGwgPbc,9549,311,0,N/A
1141,https://www.1tv.am/hy/video/Հարցազրույց-Զարեհ-Սինանյանի-հետ/159413,https://www.youtube.com/embed/YLAFAZOeiT0?autoplay=1&autohide=1,Հարցազրույց Զարեհ Սինանյանի հետ,20:30,"07 Օգս, 2020",YLAFAZOeiT0,2496,77,0,N/A
1142,https://www.1tv.am/hy/video/Հարցազրույց-Սեբուհ-Մղջյանի-հետ/159383,https://www.youtube.com/embed/7rvp91LMF8Y?autoplay=1&autohide=1,Հարցազրույց Սեբուհ Մղջյանի հետ,20:25,"06 Օգս, 2020",7rvp91LMF8Y,1625,29,0,N/A
1143,https://www.1tv.am/hy/video/Հարցազրույց-Տեր-Պետրոս-վարդապետ-Մանվելյանի-հետ/159314,https://www.youtube.com/embed/2AXPFWd2IzQ?autoplay=1&autohide=1,Հարցազրույց Տեր Պետրոս վարդապետ Մանվելյանի հետ,20:30,"05 Օգս, 2020",2AXPFWd2IzQ,2253,17,0,N/A
1144,https://www.1tv.am/hy/video/Հարցազրույց-Ավետ-Պողոսյանի-հետ/159200,https://www.youtube.com/embed/cV2-iNsuksE?autoplay=1&autohide=1,Հարցազրույց Ավետ Պողոսյանի հետ,20:25,"04 Օգս, 2020",cV2-iNsuksE,1595,29,0,N/A
1145,https://www.1tv.am/hy/video/Հարցազրույց-Լիլիթ-Մկրտչյանի-և-Դավիթ-Թինոյանի-հետ/159196,https://www.youtube.com/embed/xC_nglIjaes?autoplay=1&autohide=1,Հարցազրույց Լիլիթ Մկրտչյանի և Դավիթ Թինոյանի հետ,21:20,"03 Օգս, 2020",xC_nglIjaes,6351,72,12,N/A
1146,https://www.1tv.am/hy/video/Հարցազրույց-Հանս-Կլուգեի-հետ/159052,https://www.youtube.com/embed/3L_cc-vdNwI?autoplay=1&autohide=1,Հարցազրույց Հանս Կլուգեի հետ,20:40,"01 Օգս, 2020",3L_cc-vdNwI,2444,46,4,N/A
1147,https://www.1tv.am/hy/video/Հարցազրույց-Ռոմանոս-Պետրոսյանի-հետ/159017,https://www.youtube.com/embed/X1yQM26Sju0?autoplay=1&autohide=1,Հարցազրույց Ռոմանոս Պետրոսյանի հետ,21:30,"31 Հլս, 2020",X1yQM26Sju0,8976,221,22,N/A
1148,https://www.1tv.am/hy/video/Հարցազրույց-Հայկ-Գաբրիելյանի-հետ/158940,https://www.youtube.com/embed/nGv9M4SJcIo?autoplay=1&autohide=1,Հարցազրույց Հայկ Գաբրիելյանի հետ,20:30,"30 Հլս, 2020",nGv9M4SJcIo,5554,80,10,N/A
1149,https://www.1tv.am/hy/video/Հարցազրույց-Սիսակ-Գաբրիելյանի-հետ/158908,https://www.youtube.com/embed/EmWMYlGnfXQ?autoplay=1&autohide=1,Հարցազրույց Սիսակ Գաբրիելյանի հետ,20:30,"29 Հլս, 2020",EmWMYlGnfXQ,3096,104,1,N/A
1150,https://www.1tv.am/hy/video/Հարցազրույց-Արայիկ-Հարությունյանի-հետ/158694,https://www.youtube.com/embed/Eozn1hlOftw?autoplay=1&autohide=1,Հարցազրույց Արայիկ Հարությունյանի հետ,21:30,"27 Հլս, 2020",Eozn1hlOftw,10399,257,51,N/A
1151,https://www.1tv.am/hy/video/Հարցազրույց-Հակոբ-Տեր-Խաչատուրյանի-հետ/158594,https://www.youtube.com/embed/UxpI9o0ib3Y?autoplay=1&autohide=1,Հարցազրույց Հակոբ Տեր-Խաչատուրյանի հետ,21:45,"25 Հլս, 2020",UxpI9o0ib3Y,3879,67,5,N/A
1152,https://www.1tv.am/hy/video/Հարցազրույց-Անդրանիկ-Քոչարյանի-հետ/158555,https://www.youtube.com/embed/PZ9rvJphXQw?autoplay=1&autohide=1,Հարցազրույց Անդրանիկ Քոչարյանի հետ,20:35,"24 Հլս, 2020",PZ9rvJphXQw,19846,407,28,N/A
1153,https://www.1tv.am/hy/video/Հարցազրույց-Արծրուն-Հովհաննիսյանի-հետ/158507,https://www.youtube.com/embed/PUXH_-weh6M?autoplay=1&autohide=1,Հարցազրույց Արծրուն Հովհաննիսյանի հետ,21:15,"23 Հլս, 2020",PUXH_-weh6M,10904,274,30,N/A
1154,https://www.1tv.am/hy/video/Հարցազրույց-Արմեն-Գրիգորյանի-հետ/158453,https://www.youtube.com/embed/8NStfob6jmc?autoplay=1&autohide=1,Հարցազրույց Արմեն Գրիգորյանի հետ,20:20,"22 Հլս, 2020",8NStfob6jmc,7159,156,8,N/A
1155,https://www.1tv.am/hy/video/Հարցազրույց-Հակոբ-Արշակյանի-հետ/158386,https://www.youtube.com/embed/ElM7c87pVrI?autoplay=1&autohide=1,Հարցազրույց Հակոբ Արշակյանի հետ,21:30,"21 Հլս, 2020",ElM7c87pVrI,10421,287,16,N/A
1156,https://www.1tv.am/hy/video/Հարցազրույց-Արման-Թաթոյանի-հետ/158226,https://www.youtube.com/embed/JTN-9RPMzjY?autoplay=1&autohide=1,Հարցազրույց Արման Թաթոյանի հետ,21:30,"18 Հլս, 2020",JTN-9RPMzjY,3530,56,3,N/A
1157,https://www.1tv.am/hy/video/Հարցազրույց-Վաղարշակ-Հարությունյանի-հետ/158192,https://www.youtube.com/embed/1ux_1mhCjbA?autoplay=1&autohide=1,Հարցազրույց Վաղարշակ Հարությունյանի հետ,21:30,"17 Հլս, 2020",1ux_1mhCjbA,11644,342,15,N/A
1158,https://www.1tv.am/hy/video/Հարցազրույցներ-Այգեպար-գյուղի-ռմբաստարանից/158144,https://www.youtube.com/embed/voSiFk4nsiY?autoplay=1&autohide=1,Հարցազրույցներ Այգեպար գյուղի ռմբաստարանից,20:30,"16 Հլս, 2020",voSiFk4nsiY,7724,171,11,N/A
1159,https://www.1tv.am/hy/video/Հարցազրույց-Տաթևիկ-Հայրապետյանի-հետ/158095,https://www.youtube.com/embed/VpdiCnhNgro?autoplay=1&autohide=1,Հարցազրույց Տաթևիկ Հայրապետյանի հետ,19:30,"15 Հլս, 2020",VpdiCnhNgro,4954,146,7,N/A
1160,https://www.1tv.am/hy/video/Հարցազրույց-Արծրուն-Հովհաննիսյանի-հետ/157959,https://www.youtube.com/embed/msvkzbbWTN4?autoplay=1&autohide=1,Հարցազրույց Արծրուն Հովհաննիսյանի հետ,21:30,"13 Հլս, 2020",msvkzbbWTN4,18760,383,14,N/A
1161,https://www.1tv.am/hy/video/Հարցազրույց-Վահե-Գևորգյանի-հետ/157821,https://www.youtube.com/embed/Au_LE8LGxx4?autoplay=1&autohide=1,Հարցազրույց Վահե Գևորգյանի հետ,18:25,"11 Հլս, 2020",Au_LE8LGxx4,1914,46,3,N/A
1162,https://www.1tv.am/hy/video/Հարցազրույց-Լուսինե-Հակոբյանի-հետ/157778,https://www.youtube.com/embed/62HqOd6Z-94?autoplay=1&autohide=1,Հարցազրույց Լուսինե Հակոբյանի հետ,19:30,"10 Հլս, 2020",62HqOd6Z-94,3076,112,6,N/A
1163,https://www.1tv.am/hy/video/Հարցազրույց-Արայիկ-Հարությունյանի-հետ/157703,https://www.youtube.com/embed/7IUZ74CGxkM?autoplay=1&autohide=1,Հարցազրույց Արայիկ Հարությունյանի հետ,21:30,"09 Հլս, 2020",7IUZ74CGxkM,10941,165,24,N/A
1164,https://www.1tv.am/hy/video/Հարցազրույց-Տեր-Արշակ-եպիսկոպոս-Խաչատրյանի-հետ/157668,https://www.youtube.com/embed/efq3wInsZmo?autoplay=1&autohide=1,Հարցազրույց Տեր Արշակ եպիսկոպոս Խաչատրյանի հետ,21:30,"08 Հլս, 2020",efq3wInsZmo,3053,39,39,N/A
1165,https://www.1tv.am/hy/video/Հարցազրույց-Արտակ-Զաքարյանի-հետ/157525,https://www.youtube.com/embed/__zd7QBc7r0?autoplay=1&autohide=1,Հարցազրույց Արտակ Զաքարյանի հետ,21:30,"07 Հլս, 2020",__zd7QBc7r0,1670,7,29,N/A
1166,https://www.1tv.am/hy/video/Հարցազրույց-Աբբաս-Բադախշան-Զոհուրիի-հետ/157438,https://www.youtube.com/embed/_0wvW0fOdTA?autoplay=1&autohide=1,Հարցազրույց Աբբաս Բադախշան Զոհուրիի հետ,21:45,"06 Հլս, 2020",_0wvW0fOdTA,1762,41,0,N/A
1167,https://www.1tv.am/hy/video/Հարցազրույց-Մարիուս-Չուռլյոնիսի-հետ/157280,https://www.youtube.com/embed/qqDC3MpiPz0?autoplay=1&autohide=1,Հարցազրույց Մարիուս Չուռլյոնիսի հետ,21:45,"03 Հլս, 2020",qqDC3MpiPz0,1715,47,2,N/A
1168,https://www.1tv.am/hy/video/Հարցազրույց-Կարապետ-Բադալյանի-հետ/157217,https://www.youtube.com/embed/VZrQdgWKTg0?autoplay=1&autohide=1,Հարցազրույց Կարապետ Բադալյանի հետ,21:30,"02 Հլս, 2020",VZrQdgWKTg0,4460,102,6,N/A
1169,https://www.1tv.am/hy/video/Հարցազրույց-Արման-Եղոյանի-հետ/157103,https://www.youtube.com/embed/Ha_Xr7_EiKM?autoplay=1&autohide=1,Հարցազրույց Արման Եղոյանի հետ,21:30,"01 Հլս, 2020",Ha_Xr7_EiKM,2549,57,5,N/A
1170,https://www.1tv.am/hy/video/Հարցարզրույց-Գրիգոր-Մինասյանի-հետ/157040,https://www.youtube.com/embed/GWT967dR8UI?autoplay=1&autohide=1,Հարցարզրույց Գրիգոր Մինասյանի հետ,21:30,"30 Հնս, 2020",GWT967dR8UI,77254,375,66,N/A
1171,https://www.1tv.am/hy/video/Հարցազրույց-Խաչատուր-Սուքիասյանի-հետ/156941,https://www.youtube.com/embed/VLAX5q_HRsk?autoplay=1&autohide=1,Հարցազրույց Խաչատուր Սուքիասյանի հետ,21:30,"27 Հնս, 2020",VLAX5q_HRsk,31925,548,44,N/A
1172,https://www.1tv.am/hy/video/Հարցազրույց-Արսեն-Թորոսյանի-հետ/156724,https://www.youtube.com/embed/2e5nYY_cdLU?autoplay=1&autohide=1,Հարցազրույց Արսեն Թորոսյանի հետ,21:55,"26 Հնս, 2020",2e5nYY_cdLU,3033,82,20,N/A
1173,https://www.1tv.am/hy/video/Հարցազրույց-Արսեն-Առաքելյանի-հետ/156630,https://www.youtube.com/embed/iqsonZ-9Bx8?autoplay=1&autohide=1,Հարցազրույց Արսեն Առաքելյանի հետ,21:45,"25 Հնս, 2020",iqsonZ-9Bx8,1489,35,0,N/A
1174,https://www.1tv.am/hy/video/Հարցազրույց-Մանե-Թանդիլյանի-հետ/156569,https://www.youtube.com/embed/eX5iePOPZjk?autoplay=1&autohide=1,Հարցազրույց Մանե Թանդիլյանի հետ,21:45,"24 Հնս, 2020",eX5iePOPZjk,1752,18,23,N/A
1175,https://www.1tv.am/hy/video/Հարցազրույց-Վլադիմիր-Վարդանյանի-հետ/156486,https://www.youtube.com/embed/l9ClrI8i-D8?autoplay=1&autohide=1,Հարցազրույց Վլադիմիր Վարդանյանի հետ,19:50,"23 Հնս, 2020",l9ClrI8i-D8,5218,146,9,N/A
1176,https://www.1tv.am/hy/video/Հարցազրույց-Արամ-Սարգսյանի-հետ/156408,https://www.youtube.com/embed/Q_YDw8V2iP4?autoplay=1&autohide=1,Հարցազրույց Արամ Սարգսյանի հետ,19:30,"22 Հնս, 2020",Q_YDw8V2iP4,18712,659,57,N/A
1177,https://www.1tv.am/hy/video/Հարցազրույց-Էսթեր-Դեմիրճյանի-հետ/156170,https://www.youtube.com/embed/1SyAICL3aeQ?autoplay=1&autohide=1,Հարցազրույց Էսթեր Դեմիրճյանի հետ,19:15,"20 Հնս, 2020",1SyAICL3aeQ,2894,50,0,N/A
1178,https://www.1tv.am/hy/video/Հարցազրույց-Արայիկ-Հարությունյանի-հետ/156160,https://www.youtube.com/embed/sQYG6nIYTb4?autoplay=1&autohide=1,Հարցազրույց Արայիկ Հարությունյանի հետ,19:40,"19 Հնս, 2020",sQYG6nIYTb4,2594,88,7,N/A
1179,https://www.1tv.am/hy/video/Հարցազրույց-Լևոն-Զուրաբյանի-հետ/156061,https://www.youtube.com/embed/ITenRy0DlLc?autoplay=1&autohide=1,Հարցազրույց Լևոն Զուրաբյանի հետ,19:35,"18 Հնս, 2020",ITenRy0DlLc,12193,192,12,N/A
1180,https://www.1tv.am/hy/video/Հարցազրույց-Ռուբեն-Ռուբինյանի-հետ/155998,https://www.youtube.com/embed/E2cS4SBeCdY?autoplay=1&autohide=1,Հարցազրույց Ռուբեն Ռուբինյանի հետ,21:45,"17 Հնս, 2020",E2cS4SBeCdY,10849,229,15,N/A
1181,https://www.1tv.am/hy/video/Հարցազրույց-Էդմոն-Մարուքյանի-հետ/155944,https://www.youtube.com/embed/Gxiqpprtsag?autoplay=1&autohide=1,Հարցազրույց Էդմոն Մարուքյանի հետ,21:40,"16 Հնս, 2020",Gxiqpprtsag,3000,166,41,N/A
1182,https://www.1tv.am/hy/video/Հարցազրույց-Արթուր-Հովհաննիսյանի-հետ/155671,https://www.youtube.com/embed/fRRcxFOmHrs?autoplay=1&autohide=1,Հարցազրույց Արթուր Հովհաննիսյանի հետ,19:45,"12 Հնս, 2020",fRRcxFOmHrs,1026,40,12,N/A
1183,https://www.1tv.am/hy/video/Հարցազրույց-Արծրուն-Հովհաննիսյանի-հետ/155598,https://www.youtube.com/embed/VltMh-sWwmE?autoplay=1&autohide=1,Հարցազրույց Արծրուն Հովհաննիսյանի հետ,19:30,"11 Հնս, 2020",VltMh-sWwmE,5341,87,4,N/A
1184,https://www.1tv.am/hy/video/Հարցազրույց-Արտյոմ-Սմբատյանի-հետ/155500,https://www.youtube.com/embed/FTu1yn-_BYg?autoplay=1&autohide=1,Հարցազրույց Արտյոմ Սմբատյանի հետ,19:30,"10 Հնս, 2020",FTu1yn-_BYg,1011,22,1,N/A
1185,https://www.1tv.am/hy/video/Հարցազրույց-Ռուբեն-Վարդազարյանի-հետ/155395,https://www.youtube.com/embed/X86-yXCQuvc?autoplay=1&autohide=1,Հարցազրույց Ռուբեն Վարդազարյանի հետ,19:30,"09 Հնս, 2020",X86-yXCQuvc,1049,3,6,N/A
1186,https://www.1tv.am/hy/video/Հարցազրույց-Անդրանիկ-Քոչարյանի-հետ/155292,https://www.youtube.com/embed/FSMnKrlN33k?autoplay=1&autohide=1,Հարցազրույց Անդրանիկ Քոչարյանի հետ,19:35,"08 Հնս, 2020",FSMnKrlN33k,3590,125,25,N/A
1187,https://www.1tv.am/hy/video/Հարցազրույց-Սերգեյ-Սմբատյանի-հետ/155122,https://www.youtube.com/embed/XTQb2SMaXxo?autoplay=1&autohide=1,Հարցազրույց Սերգեյ Սմբատյանի հետ,19:30,"06 Հնս, 2020",XTQb2SMaXxo,473,16,0,N/A
1188,https://www.1tv.am/hy/video/Հարցազրույց-Մարինե-Գասպարյանի-հետ/155073,https://www.youtube.com/embed/nkfZIhOdgoI?autoplay=1&autohide=1,Հարցազրույց Մարինե Գասպարյանի հետ,20:30,"05 Հնս, 2020",nkfZIhOdgoI,860,17,1,N/A
1189,https://www.1tv.am/hy/video/Հարցազրույց-Սուսաննա-Սաֆարյանի-հետ/154990,https://www.youtube.com/embed/EFwL9aXDuZY?autoplay=1&autohide=1,Հարցազրույց Սուսաննա Սաֆարյանի հետ,19:30,"04 Հնս, 2020",EFwL9aXDuZY,625,12,2,N/A
1190,https://www.1tv.am/hy/video/Հարցազրույց-Արման-Պողոսյանի-հետ/154933,https://www.youtube.com/embed/UnJgM7jx-fo?autoplay=1&autohide=1,Հարցազրույց Արման Պողոսյանի հետ,20:30,"03 Հնս, 2020",UnJgM7jx-fo,861,13,5,N/A
1191,https://www.1tv.am/hy/video/Հարցազրույց-Եղիշե-Կիրակոսյանի-հետ/154776,https://www.youtube.com/embed/gm5HREVo96w?autoplay=1&autohide=1,Հարցազրույց Եղիշե Կիրակոսյանի հետ,21:30,"01 Հնս, 2020",gm5HREVo96w,1019,23,5,N/A
1192,https://www.1tv.am/hy/video/Հարցազրույց-Սուրեն-Պապիկյանի-հետ/154638,https://www.youtube.com/embed/zTJggY7125o?autoplay=1&autohide=1,Հարցազրույց Սուրեն Պապիկյանի հետ,19:30,"29 Մայ, 2020",zTJggY7125o,967,32,1,N/A
1193,https://www.1tv.am/hy/video/Հարցազրույց-Արտավազդ-Վանյանի-հետ/154486,https://www.youtube.com/embed/hK10kHy0IVQ?autoplay=1&autohide=1,Հարցազրույց Արտավազդ Վանյանի հետ,19:20,"28 Մայ, 2020",hK10kHy0IVQ,483,9,1,N/A
1194,https://www.1tv.am/hy/video/Հարցազրույց-Ատոմ-Ջանջուղազյանի-հետ/154285,https://www.youtube.com/embed/lYOc4YIit-A?autoplay=1&autohide=1,Հարցազրույց Ատոմ Ջանջուղազյանի հետ,19:30,"26 Մայ, 2020",lYOc4YIit-A,1088,21,0,N/A
1195,https://www.1tv.am/hy/video/Հարցազրույց-Կարեն-Անդրեասյանի-հետ/154176,https://www.youtube.com/embed/wn5BctqyY40?autoplay=1&autohide=1,Հարցազրույց Կարեն Անդրեասյանի հետ,21:30,"25 Մայ, 2020",wn5BctqyY40,10759,266,38,N/A
1196,https://www.1tv.am/hy/video/Հարցազրույց-Ալեն-Սիմոնյանի-հետ/154047,https://www.youtube.com/embed/pWqOueNvxkM?autoplay=1&autohide=1,Հարցազրույց Ալեն Սիմոնյանի հետ,19:30,"22 Մայ, 2020",pWqOueNvxkM,1329,76,2,N/A
1197,https://www.1tv.am/hy/video/Հարցազրույց-Արայիկ-Հարությունյանի-հետ/153868,https://www.youtube.com/embed/VBZgZBNONWE?autoplay=1&autohide=1,Հարցազրույց Արայիկ Հարությունյանի հետ,19:40,"21 Մայ, 2020",VBZgZBNONWE,593,27,4,N/A
1198,https://www.1tv.am/hy/video/Հարցազրույց-Հայաստանում-ՄԱԿ-ի-մշտական-համակարգող-Շոմբի-Շարփի-հետ/153771,https://www.youtube.com/embed/xHO48Q1z8rk?autoplay=1&autohide=1,Հարցազրույց Հայաստանում ՄԱԿ-ի մշտական համակարգող Շոմբի Շարփի հետ,19:30,"20 Մայ, 2020",xHO48Q1z8rk,557,11,0,N/A
1199,https://www.1tv.am/hy/video/Հարցազրույց-Ստյոպա-Սաֆարյանի-հետ/153671,https://www.youtube.com/embed/IUDyVmXV6Zw?autoplay=1&autohide=1,Հարցազրույց Ստյոպա Սաֆարյանի հետ,19:30,"19 Մայ, 2020",IUDyVmXV6Zw,854,44,10,N/A
1200,https://www.1tv.am/hy/video/Հարցազրույց-Արմեն-Փամբուխչյանի-հետ/153561,https://www.youtube.com/embed/gzZIzsyCKk8?autoplay=1&autohide=1,Հարցազրույց Արմեն Փամբուխչյանի հետ,19:30,"18 Մայ, 2020",gzZIzsyCKk8,N/A,N/A,N/A,N/A
1201,https://www.1tv.am/hy/video/Հարցազրույց-Անետա-Բաբայանի-հետ/153286,https://www.youtube.com/embed/atjbeKOHXpI?autoplay=1&autohide=1,Հարցազրույց Անետա Բաբայանի հետ,19:30,"15 Մայ, 2020",atjbeKOHXpI,618,3,1,N/A
1202,https://www.1tv.am/hy/video/Հարցազրույց-Մարիա-Կարապետյանի-հետ/153238,https://www.youtube.com/embed/5cqxvakjAAE?autoplay=1&autohide=1,Հարցազրույց Մարիա Կարապետյանի հետ,19:30,"14 Մայ, 2020",5cqxvakjAAE,1242,22,2,N/A
1203,https://www.1tv.am/hy/video/Հարցազրույց-Սիսակ-Գաբրիելյանի-հետ/153134,https://www.youtube.com/embed/Yk77PQ2w6r0?autoplay=1&autohide=1,Հարցազրույց Սիսակ Գաբրիելյանի հետ,19:40,"13 Մայ, 2020",Yk77PQ2w6r0,570,33,4,N/A
1204,https://www.1tv.am/hy/video/Հարցազրույց-Սրբուհի-Գալյանի-հետ/153088,https://www.youtube.com/embed/FN7rK1nbm5s?autoplay=1&autohide=1,Հարցազրույց Սրբուհի Գալյանի հետ,19:35,"12 Մայ, 2020",FN7rK1nbm5s,2389,33,0,N/A
1205,https://www.1tv.am/hy/video/Հարցազրույց-Նունե-Բակունցի-հետ/152970,https://www.youtube.com/embed/A1v4MqCDJco?autoplay=1&autohide=1,Հարցազրույց Նունե Բակունցի հետ,19:30,"11 Մայ, 2020",A1v4MqCDJco,456,3,1,N/A
1206,https://www.1tv.am/hy/video/Հարցազրույց-Լիլիթ-Մակունցի-հետ/152843,https://www.youtube.com/embed/y7Nw6uaMVzc?autoplay=1&autohide=1,Հարցազրույց Լիլիթ Մակունցի հետ,19:30,"08 Մայ, 2020",y7Nw6uaMVzc,2681,68,30,N/A
1207,https://www.1tv.am/hy/video/Հարցազրույց-Էդմոն-Մարուքյանի-հետ/152787,https://www.youtube.com/embed/Vfu0GVAkxUA?autoplay=1&autohide=1,Հարցազրույց Էդմոն Մարուքյանի հետ,19:30,"07 Մայ, 2020",Vfu0GVAkxUA,1685,17,2,N/A
1208,https://www.1tv.am/hy/video/Հարցազրույց-Հայկ-Կոնջորյանի-հետ/152750,https://www.youtube.com/embed/aWby39FA9yY?autoplay=1&autohide=1,Հարցազրույց Հայկ Կոնջորյանի հետ,19:30,"06 Մայ, 2020",aWby39FA9yY,952,28,3,N/A
1209,https://www.1tv.am/hy/video/Հարցազրույց-Հովհաննես-Իգիթյանի-հետ/152694,https://www.youtube.com/embed/jvCdC3BvQMQ?autoplay=1&autohide=1,Հարցազրույց Հովհաննես Իգիթյանի հետ,19:30,"05 Մայ, 2020",jvCdC3BvQMQ,693,20,3,N/A
1210,https://www.1tv.am/hy/video/Հարցազրույց-Լենա-Նանուշյանի-հետ/152566,https://www.youtube.com/embed/ofn0DD1ZGrg?autoplay=1&autohide=1,Հարցազրույց Լենա Նանուշյանի հետ,19:30,"04 Մայ, 2020",ofn0DD1ZGrg,467,4,0,N/A
1211,https://www.1tv.am/hy/video/Հարցազրույց-Արման-Բաբաջանյանի-հետ/152347,https://www.youtube.com/embed/BekDuyeXvAs?autoplay=1&autohide=1,Հարցազրույց Արման Բաբաջանյանի հետ,19:30,"01 Մայ, 2020",BekDuyeXvAs,17347,346,72,N/A
1212,https://www.1tv.am/hy/video/Հարցազրույց-Արտակ-Մանուկյանի-և-Գևորգ-Գորգիսյանի-հետ/152158,https://www.youtube.com/embed/NnZo-HCfoKM?autoplay=1&autohide=1,Հարցազրույց Արտակ Մանուկյանի և Գևորգ Գորգիսյանի հետ,19:35,"29 Ապր, 2020",NnZo-HCfoKM,1593,11,10,N/A
1213,https://www.1tv.am/hy/video/Հարցազրույց-Անդրանիկ-Քոչարյանի-հետ/152064,https://www.youtube.com/embed/-bp3vuvF5II?autoplay=1&autohide=1,Հարցազրույց Անդրանիկ Քոչարյանի հետ,19:30,"28 Ապր, 2020",-bp3vuvF5II,26712,433,33,N/A
1214,https://www.1tv.am/hy/video/Հարցազրույց-Արման-Թաթոյանի-հետ/151934,https://www.youtube.com/embed/NjLn8IXr3BM?autoplay=1&autohide=1,Հարցազրույց Արման Թաթոյանի հետ,19:30,"27 Ապր, 2020",NjLn8IXr3BM,1497,8,4,N/A
1215,https://www.1tv.am/hy/video/Հարցազրույց-Զոհրաբ-Մնացականյանի-հետ/151764,https://www.youtube.com/embed/Rq_heLovOYU?autoplay=1&autohide=1,Հարցազրույց Զոհրաբ Մնացականյանի հետ,17:30,"24 Ապր, 2020",Rq_heLovOYU,17892,325,27,N/A
1216,https://www.1tv.am/hy/video/Հարցազրույց-Ռայմոնդ-Գևորգյանի-հետ/151660,https://www.youtube.com/embed/DIxOrX0TKJE?autoplay=1&autohide=1,Հարցազրույց Ռայմոնդ Գևորգյանի հետ,17:30,"23 Ապր, 2020",DIxOrX0TKJE,1836,23,1,N/A
1217,https://www.1tv.am/hy/video/Հարցազրույց-Ռուբեն-Ռուբինյանի-հետ/151582,https://www.youtube.com/embed/3K1zx4AMjdE?autoplay=1&autohide=1,Հարցազրույց Ռուբեն Ռուբինյանի հետ,19:30,"22 Ապր, 2020",3K1zx4AMjdE,14779,237,54,N/A
1218,https://www.1tv.am/hy/video/Հարցազրույց-Սուրեն-Սարգսյանի-հետ/151481,https://www.youtube.com/embed/KTTXL6nLnn4?autoplay=1&autohide=1,Հարցազրույց Սուրեն Սարգսյանի հետ,19:30,"21 Ապր, 2020",KTTXL6nLnn4,7680,132,8,N/A
1219,https://www.1tv.am/hy/video/Հարցազրույց-Սուրեն-Գրիգորյանի-հետ/151394,https://www.youtube.com/embed/yeWCpIsNB_0?autoplay=1&autohide=1,Հարցազրույց Սուրեն Գրիգորյանի հետ,19:30,"20 Ապր, 2020",yeWCpIsNB_0,7592,156,22,N/A
1220,https://www.1tv.am/hy/video/Հարցազրույց-Ռուստամ-Բադասյանի-հետ/151195,https://www.youtube.com/embed/Lfn8qoxpoy0?autoplay=1&autohide=1,Հարցազրույց Ռուստամ Բադասյանի հետ,19:25,"17 Ապր, 2020",Lfn8qoxpoy0,3921,107,28,N/A
1221,https://www.1tv.am/hy/video/Հարցազրույց-Արման-Սարգսյանի-հետ/151121,https://www.youtube.com/embed/66OZgb6aC1w?autoplay=1&autohide=1,Հարցազրույց Արման Սարգսյանի հետ,19:30,"16 Ապր, 2020",66OZgb6aC1w,5366,121,4,N/A
1222,https://www.1tv.am/hy/video/Հարցազրույց-Արայիկ-Հարությունյանի-հետ/150956,https://www.youtube.com/embed/mdcHFz1B_xI?autoplay=1&autohide=1,Հարցազրույց Արայիկ Հարությունյանի հետ,19:30,"15 Ապր, 2020",mdcHFz1B_xI,2212,22,7,N/A
1223,https://www.1tv.am/hy/video/Հարցազրույց-Մխիթար-Հայրապետյանի-հետ/150903,https://www.youtube.com/embed/4X-wA7pFOhI?autoplay=1&autohide=1,Հարցազրույց Մխիթար Հայրապետյանի հետ,19:20,"14 Ապր, 2020",4X-wA7pFOhI,3908,88,7,N/A
1224,https://www.1tv.am/hy/video/Հարցազրույց-Ավագ-Ավանեսյանի-հետ/150822,https://www.youtube.com/embed/jBLta5Kr8tE?autoplay=1&autohide=1,Հարցազրույց Ավագ Ավանեսյանի հետ,19:30,"13 Ապր, 2020",jBLta5Kr8tE,1550,10,1,N/A
1225,https://www.1tv.am/hy/video/Հարցազրույց-Զոհրաբ-Մնացականյանի-հետ/150658,https://www.youtube.com/embed/N4mde1DlXvQ?autoplay=1&autohide=1,Հարցազրույց Զոհրաբ Մնացականյանի հետ,19:30,"10 Ապր, 2020",N4mde1DlXvQ,5658,64,3,N/A
1226,https://www.1tv.am/hy/video/Հարցազրույց-Հակոբ-Արշակյանի-հետ/150620,https://www.youtube.com/embed/bqbofcZgbWg?autoplay=1&autohide=1,Հարցազրույց Հակոբ Արշակյանի հետ,19:35,"09 Ապր, 2020",bqbofcZgbWg,1144,25,0,N/A
1227,https://www.1tv.am/hy/video/Հարցազրույց-Արայիկ-Հարությունյանի-հետ/150541,https://www.youtube.com/embed/9VKj8dm4sT0?autoplay=1&autohide=1,Հարցազրույց Արայիկ Հարությունյանի հետ,19:30,"08 Ապր, 2020",9VKj8dm4sT0,16355,51,2,N/A
1228,https://www.1tv.am/hy/video/Հարցազրույց-Վարդան-Պետրոսյանի-հետ/150458,https://www.youtube.com/embed/a7HxLN8IN2c?autoplay=1&autohide=1,Հարցազրույց Վարդան Պետրոսյանի հետ,19:30,"07 Ապր, 2020",a7HxLN8IN2c,17046,210,14,N/A
1229,https://www.1tv.am/hy/video/Հարցազրույց-Արայիկ-Հարությունյանի-հետ/150348,https://www.youtube.com/embed/akRZeU7a2dU?autoplay=1&autohide=1,Հարցազրույց Արայիկ Հարությունյանի հետ,15:35,"06 Ապր, 2020",akRZeU7a2dU,4507,21,4,N/A
1230,https://www.1tv.am/hy/video/Հարցազրույց-Տաթևիկ-Ռևազյանի-հետ/150248,https://www.youtube.com/embed/hcD5y8ms8pA?autoplay=1&autohide=1,Հարցազրույց Տաթևիկ Ռևազյանի հետ,22:00,"04 Ապր, 2020",hcD5y8ms8pA,29615,413,0,N/A
1231,https://www.1tv.am/hy/video/Հարցազրույց-Զարուհի-Բաթոյանի-հետ/150179,https://www.youtube.com/embed/yGpfDqL-lyA?autoplay=1&autohide=1,Հարցազրույց Զարուհի Բաթոյանի հետ,19:30,"03 Ապր, 2020",yGpfDqL-lyA,5655,42,16,N/A
1232,https://www.1tv.am/hy/video/Հարցազրույց-Անդրանիկ-Քոչարյանի-հետ/150120,https://www.youtube.com/embed/jAOKWNwGQFM?autoplay=1&autohide=1,Հարցազրույց Անդրանիկ Քոչարյանի հետ,19:40,"02 Ապր, 2020",jAOKWNwGQFM,29993,407,22,N/A
1233,https://www.1tv.am/hy/video/Հարցազրույց-Չինաստանում-ՀՀ-դեսպան-Սերգեյ-Մանասարյանի-հետ/150059,https://www.youtube.com/embed/ot5UTHxgLPo?autoplay=1&autohide=1,Հարցազրույց Չինաստանում ՀՀ դեսպան Սերգեյ Մանասարյանի հետ,19:30,"01 Ապր, 2020",ot5UTHxgLPo,35954,225,23,N/A
1234,https://www.1tv.am/hy/video/Հարցազրույց-Ֆրանսիայում-ՀՀ-դեսպան-Հասմիկ-Տոլմաջյանի-հետ/150055,https://www.youtube.com/embed/tvLrV9yINCA?autoplay=1&autohide=1,Հարցազրույց Ֆրանսիայում ՀՀ դեսպան Հասմիկ Տոլմաջյանի հետ,19:30,"31 Մար, 2020",tvLrV9yINCA,2345,24,3,N/A
1235,https://www.1tv.am/hy/video/Պետրոս-Ղազարյանի-հեռավար-հարցազրույցը-Մեծի-տանն-Կիլիկիո-կաթողիկոս-Արամ-Առաջինի-հետ/149920,https://www.youtube.com/embed/S-l_YQtpk88?autoplay=1&autohide=1,Պետրոս Ղազարյանի հեռավար հարցազրույցը Մեծի տանն Կիլիկիո կաթողիկոս Արամ Առաջինի հետ,20:30,"30 Մար, 2020",S-l_YQtpk88,5251,124,7,N/A
1236,https://www.1tv.am/hy/video/Հարցազրույց-փոխվարչապետ-Մհեր-Գրիգորյանի-հետ/149925,https://www.youtube.com/embed/bfVIn_kXZVY?autoplay=1&autohide=1,Հարցազրույց փոխվարչապետ Մհեր Գրիգորյանի հետ,19:30,"30 Մար, 2020",bfVIn_kXZVY,10040,128,8,N/A
1237,https://www.1tv.am/hy/video/Հարցազրույց-Արամ-Սարգսյանի-հետ/149702,https://www.facebook.com/plugins/video.php?href=https%3A%2F%2Fwww.facebook.com%2Flurer.1tv%2Fvideos%2F322899835336041%2F&show_text=0&width=560&autoplay=1,Հարցազրույց Արամ Սարգսյանի հետ,19:30,"26 Մար, 2020",,N/A,N/A,N/A,N/A
1238,https://www.1tv.am/hy/video/Հարցազրույց-Ելենա-Սարդարյանի-հետ/149617,https://www.youtube.com/embed/KfOW7UMesao?autoplay=1&autohide=1,Հարցազրույց Ելենա Սարդարյանի հետ,19:35,"25 Մար, 2020",KfOW7UMesao,573,17,0,N/A
1239,https://www.1tv.am/hy/video/Հարցազրույց-Վարդուհի-Պետրոսյանի-հետ/149710,https://www.youtube.com/embed/7i5-GhxLFys?autoplay=1&autohide=1,Հարցազրույց Վարդուհի Պետրոսյանի հետ,19:30,"25 Մար, 2020",7i5-GhxLFys,2137,24,0,N/A
1240,https://www.1tv.am/hy/video/Հարցազրույց-Համբարձում-Մաթևոսյանի-հետ/149474,https://www.facebook.com/plugins/video.php?href=https%3A%2F%2Fwww.facebook.com%2Flurer.1tv%2Fvideos%2F501143377462564%2F&show_text=0&width=560&autoplay=1,Հարցազրույց Համբարձում Մաթևոսյանի հետ,19:30,"23 Մար, 2020",,N/A,N/A,N/A,N/A
1241,https://www.1tv.am/hy/video/Հարցազրույց-Տիգրան-Ավինյանի-հետ/149282,https://www.youtube.com/embed/2gQma93VAdY?autoplay=1&autohide=1,Հարցազրույց Տիգրան Ավինյանի հետ,21:00,"22 Մար, 2020",2gQma93VAdY,13315,168,18,N/A
1242,https://www.1tv.am/hy/video/Հարցազրույց-Ռոմանոս-Պետրոսյանի-հետ/149270,https://www.youtube.com/embed/vsHj8Hmr1-o?autoplay=1&autohide=1,Հարցազրույց Ռոմանոս Պետրոսյանի հետ,19:30,"20 Մար, 2020",vsHj8Hmr1-o,961,16,2,N/A
1243,https://www.1tv.am/hy/video/Հարցազրույց-Դիանա-Գասպարյանի-հետ/149186,https://www.youtube.com/embed/M-5HHO0WD0Y?autoplay=1&autohide=1,Հարցազրույց Դիանա Գասպարյանի հետ,19:30,"19 Մար, 2020",M-5HHO0WD0Y,642,9,3,N/A
1244,https://www.1tv.am/hy/video/Հարցազրույց-Արսեն-Թորոսյանի-հետ/149103,https://www.youtube.com/embed/pWhAdkP48io?autoplay=1&autohide=1,Հարցազրույց Արսեն Թորոսյանի հետ,21:50,"18 Մար, 2020",pWhAdkP48io,19027,289,17,N/A
1245,https://www.1tv.am/hy/video/Հարցազրույց-Վարդուհի-Պետրոսյանի-և-Վահե-Խաչադուրյանի-հետ/149066,https://www.youtube.com/embed/FfUCuzYc3Ic?autoplay=1&autohide=1,Հարցազրույց Վարդուհի Պետրոսյանի և Վահե Խաչադուրյանի հետ,19:30,"17 Մար, 2020",FfUCuzYc3Ic,7192,82,2,N/A
1246,https://www.1tv.am/hy/video/Հարցազրույց-Ծաղկաձորում-մեկուսացված-Մելինե-Մելիքյանի-և-Արման-Թադևոսյանի-հետ/149074,https://www.youtube.com/embed/65k20ae4BZE?autoplay=1&autohide=1,Հարցազրույց Ծաղկաձորում մեկուսացված Մելինե Մելիքյանի և Արման Թադևոսյանի հետ,19:15,"17 Մար, 2020",65k20ae4BZE,4417,72,5,N/A
1247,https://www.1tv.am/hy/video/Հարցազրույց-Լին-Թրեյսիի-հետ/148894,https://www.youtube.com/embed/ZStyojQk9ks?autoplay=1&autohide=1,Հարցազրույց Լին Թրեյսիի հետ,19:30,"13 Մար, 2020",ZStyojQk9ks,592,15,1,N/A
1248,https://www.1tv.am/hy/video/Հարցազրույց-Վիգեն-Ասոյանի-և-Մերի-Տեր-Ստեփանյանի-հետ/148726,https://www.youtube.com/embed/CRdohErk9-Q?autoplay=1&autohide=1,Հարցազրույց Վիգեն Ասոյանի և Մերի Տեր-Ստեփանյանի հետ,19:30,"12 Մար, 2020",CRdohErk9-Q,175,4,0,N/A
1249,https://www.1tv.am/hy/video/Հարցազրույց-Մարտին-Գալստյանի-հետ/148553,https://www.youtube.com/embed/hKz9OmwK1ak?autoplay=1&autohide=1,Հարցազրույց Մարտին Գալստյանի հետ,19:30,"10 Մար, 2020",hKz9OmwK1ak,982,17,1,N/A
1250,https://www.1tv.am/hy/video/Հարցազրույց-Սուրեն-Պապիկյանի-հետ/148536,https://www.youtube.com/embed/1mwtilU5DJM?autoplay=1&autohide=1,Հարցազրույց Սուրեն Պապիկյանի հետ,19:30,"09 Մար, 2020",1mwtilU5DJM,773,45,5,N/A
1251,https://www.1tv.am/hy/video/Հարցազրույց-Սամվել-Բաբայանի-հետ/148152,https://www.youtube.com/embed/RTZYuG_1baY?autoplay=1&autohide=1,Հարցազրույց Սամվել Բաբայանի հետ,19:25,"05 Մար, 2020",RTZYuG_1baY,32656,324,33,N/A
1252,https://www.1tv.am/hy/video/Հարցազրույց-Հայկ-Խանումյանի-հետ/148079,https://www.youtube.com/embed/Q_Ao8RJlYgY?autoplay=1&autohide=1,Հարցազրույց Հայկ Խանումյանի հետ,19:30,"04 Մար, 2020",Q_Ao8RJlYgY,3113,58,0,N/A
1253,https://www.1tv.am/hy/video/Հարցազրույց-Աշոտ-Ղուլյանի-հետ/148011,https://www.youtube.com/embed/nlTfpAmwjDA?autoplay=1&autohide=1,Հարցազրույց Աշոտ Ղուլյանի հետ,19:30,"03 Մար, 2020",nlTfpAmwjDA,1129,0,1,N/A
1254,https://www.1tv.am/hy/video/Հարցազրույց-Պետրոս-Ղազարյանի-հետ-Արսեն-Թորոսյան/147932,https://www.youtube.com/embed/IVnIQYIAQ1M?autoplay=1&autohide=1,Հարցազրույց Պետրոս Ղազարյանի հետ. Արսեն Թորոսյան,19:00,"02 Մար, 2020",IVnIQYIAQ1M,2412,43,3,N/A
1255,https://www.1tv.am/hy/video/Հարցազրույց-Պետրոս-Ղազարյանի-հետ-Վիտալի-Բալասանյան/147775,https://www.youtube.com/embed/NIKe-KJzOWI?autoplay=1&autohide=1,Հարցազրույց Պետրոս Ղազարյանի հետ. Վիտալի Բալասանյան,19:30,"28 Փտր, 2020",NIKe-KJzOWI,40678,1082,570,N/A
1256,https://www.1tv.am/hy/video/Հարցազրույց-Պետրոս-Ղազարյանի-հետ/147675,https://www.youtube.com/embed/-DI_5WFfD80?autoplay=1&autohide=1,Հարցազրույց Պետրոս Ղազարյանի հետ. Արայիկ Հարությունյան,19:30,"27 Փտր, 2020",-DI_5WFfD80,4353,68,100,N/A
1257,https://www.1tv.am/hy/video/Հարցազրույց-Պետրոս-Ղազարյանի-հետ/147542,https://www.youtube.com/embed/bZlBaS7dyvM?autoplay=1&autohide=1,Հարցազրույց Պետրոս Ղազարյանի հետ. Մասիս Մայիլյան,19:30,"26 Փտր, 2020",bZlBaS7dyvM,3289,59,5,N/A
1258,https://www.1tv.am/hy/video/Հարցազրույց-Պետրոս-Ղազարյանի-հետ/147458,https://www.youtube.com/embed/CLMlnYrH150?autoplay=1&autohide=1,Հարցազրույց Պետրոս Ղազարյանի հետ. Դավիթ Իշխանյան,19:30,"25 Փտր, 2020",CLMlnYrH150,2056,14,5,N/A
1259,https://www.1tv.am/hy/video/Հարցազրույց-Պետրոս-Ղազարյանի-հետ-Դավիթ-Բաբայան/147351,https://www.youtube.com/embed/ornjNcXMsfs?autoplay=1&autohide=1,Հարցազրույց Պետրոս Ղազարյանի հետ. Դավիթ Բաբայան,19:30,"24 Փտր, 2020",ornjNcXMsfs,1841,13,6,N/A
1260,https://www.1tv.am/hy/video/Հարցազրույց-Պետրոս-Ղազարյանի-հետ-Ռուբեն-Մելիքյան/147237,https://www.youtube.com/embed/eFTa65uXE6o?autoplay=1&autohide=1,Հարցազրույց Պետրոս Ղազարյանի հետ. Ռուբեն Մելիքյան,19:30,"21 Փտր, 2020",eFTa65uXE6o,2317,47,12,N/A
1261,https://www.1tv.am/hy/video/Հարցազրույց-Պետրոս-Ղազարյանի-հետ-Նիկոլ-Փաշինյան/147148,https://www.youtube.com/embed/jYu5yvGtQcQ?autoplay=1&autohide=1,Հարցազրույց Պետրոս Ղազարյանի հետ. Նիկոլ Փաշինյան,22:00,"20 Փտր, 2020",jYu5yvGtQcQ,65024,1209,305,N/A
1262,https://www.1tv.am/hy/video/Հարցազրույց-Պետրոս-Ղազարյանի-հետ/147062,https://www.youtube.com/embed/QtwDXRqzI_s?autoplay=1&autohide=1,Հարցազրույց Պետրոս Ղազարյանի հետ. Գագիկ Ջհանգիրյան,19:30,"19 Փտր, 2020",QtwDXRqzI_s,N/A,N/A,N/A,N/A
1263,https://www.1tv.am/hy/video/Հարցազրույց-Պետրոս-Ղազարյանի-հետ-Արմեն-Գրիգորյան/146988,https://www.youtube.com/embed/GKXbQNOhxIY?autoplay=1&autohide=1,Հարցազրույց Պետրոս Ղազարյանի հետ. Արմեն Գրիգորյան,19:30,"18 Փտր, 2020",GKXbQNOhxIY,4725,113,7,N/A
1264,https://www.1tv.am/hy/video/Հարցազրույց-Պետրոս-Ղազարյանի-հետ/146864,https://www.youtube.com/embed/53xgbFt_Do0?autoplay=1&autohide=1,Հարցազրույց Պետրոս Ղազարյանի հետ. Արամ Սարգսյան,19:30,"17 Փտր, 2020",53xgbFt_Do0,20728,537,55,N/A
1265,https://www.1tv.am/hy/video/Հարցազրույց-Պետրոս-Ղազարյանի-հետ/146780,https://www.youtube.com/embed/oHElz3ihDq4?autoplay=1&autohide=1,Հարցազրույց Պետրոս Ղազարյանի հետ. Վիգեն Խաչատրյան,19:30,"14 Փտր, 2020",oHElz3ihDq4,25275,369,43,N/A
1266,https://www.1tv.am/hy/video/Հարցազրույց-Պետրոս-Ղազարյանի-հետ-Գևորգ-Տեր-Գաբրիելյան/146634,https://www.youtube.com/embed/3XXy2kux-gk?autoplay=1&autohide=1,Հարցազրույց Պետրոս Ղազարյանի հետ. Գևորգ Տեր-Գաբրիելյան,19:30,"13 Փտր, 2020",3XXy2kux-gk,10633,125,7,N/A
1267,https://www.1tv.am/hy/video/Հարցազրույց-Պետրոս-Ղազարյանի-հետ-Նաիրա-Զոհրաբյան/146568,https://www.youtube.com/embed/vKd8KGdI46Y?autoplay=1&autohide=1,Հարցազրույց Պետրոս Ղազարյանի հետ. Նաիրա Զոհրաբյան,19:30,"12 Փտր, 2020",vKd8KGdI46Y,3220,5,0,N/A
1268,https://www.1tv.am/hy/video/Հարցազրույց-Պետրոս-Ղազարյանի-հետ-Ռուստամ-Բադասյան/146365,https://www.youtube.com/embed/gserVX98a5g?autoplay=1&autohide=1,Հարցազրույց Պետրոս Ղազարյանի հետ. Ռուստամ Բադասյան,19:30,"10 Փտր, 2020",gserVX98a5g,16136,381,46,N/A
1269,https://www.1tv.am/hy/video/Հարցազրույց-Պետրոս-Ղազարյանի-հետ/146212,https://www.youtube.com/embed/UEEzIFSDANo?autoplay=1&autohide=1,Հարցազրույց Պետրոս Ղազարյանի հետ. Վահագն Հովակիմյան,19:30,"07 Փտր, 2020",UEEzIFSDANo,5361,114,0,N/A
1270,https://www.1tv.am/hy/video/Հարցազրույց-Պետրոս-Ղազարյանի-հետ-Կարեն-Անդրեասյան/146092,https://www.youtube.com/embed/6g5sFkYDopo?autoplay=1&autohide=1,Հարցազրույց Պետրոս Ղազարյանի հետ. Կարեն Անդրեասյան,19:30,"06 Փտր, 2020",6g5sFkYDopo,30397,847,100,N/A
1271,https://www.1tv.am/hy/video/Հարցազրույց-Պետրոս-Ղազարյանի-հետ-Էդմոն-Մարուքյան/145994,https://www.youtube.com/embed/g_N7y10q5jE?autoplay=1&autohide=1,Հարցազրույց Պետրոս Ղազարյանի հետ. Էդմոն Մարուքյան,19:30,"05 Փտր, 2020",g_N7y10q5jE,1801,20,14,N/A
1272,https://www.1tv.am/hy/video/Հարցազրույց-Պետրոս-Ղազարյանի-հետ-Տիգրան-Խաչատրյան/145905,https://www.youtube.com/embed/PLfaKqneN8g?autoplay=1&autohide=1,Հարցազրույց Պետրոս Ղազարյանի հետ. Տիգրան Խաչատրյան,19:30,"04 Փտր, 2020",PLfaKqneN8g,2119,34,1,N/A
1273,https://www.1tv.am/hy/video/Հարցազրույց-Պետրոս-Ղազարյանի-հետ-Ռուբեն-Ռուբինյան/145824,https://www.youtube.com/embed/XA3jcUzjQRI?autoplay=1&autohide=1,Հարցազրույց Պետրոս Ղազարյանի հետ. Ռուբեն Ռուբինյան,19:30,"03 Փտր, 2020",XA3jcUzjQRI,15580,280,38,N/A
1274,https://www.1tv.am/hy/video/Հարցազրույց-Արսեն-Թորոսյանի-հետ/188404,https://www.youtube.com/embed/Mo-CuhQ4wNg?autoplay=1&autohide=1,Հարցազրույց Արսեն Թորոսյանի հետ,18:24,"12 Հոկ, 2021",Mo-CuhQ4wNg,14683,228,0,N/A
