link,video_link,title,time,date
https://www.1tv.am/hy/video/Հարցազրույց-Սոսի-Թաթիկյանի-հետ/235331,https://www.youtube.com/embed/gkLMht3Vt-k?autoplay=1&autohide=1,Հարցազրույց Սոսի Թաթիկյանի հետ,22:10,"03 Հլս, 2025"
https://www.1tv.am/hy/video/Հարցազրույց-Համբիկ-Սարաֆյանի-հետ/235319,https://www.youtube.com/embed/yjj8ISwxTwE?autoplay=1&autohide=1,Հարցազրույց Համբիկ Սարաֆյանի հետ,22:10,"02 Հլս, 2025"
https://www.1tv.am/hy/video/Հարցազրույց-Կայա-Կալասի-հետ/235300,https://www.youtube.com/embed/Hd6l_IRhygI?autoplay=1&autohide=1,Հարցազրույց Կայա Կալասի հետ,22:10,"01 Հլս, 2025"
https://www.1tv.am/hy/video/Հարցազրույց-Արթուր-Պողոսյանի-հետ/235299,https://www.youtube.com/embed/d5x7uI6cCLI?autoplay=1&autohide=1,Հարցազրույց Արթուր Պողոսյանի հետ,22:10,"30 Հնս, 2025"
https://www.1tv.am/hy/video/Հարցազրույց-Էլեն-Հոխիկյանի-հետ/235233,https://www.youtube.com/embed/gpIDqXFZx8o?autoplay=1&autohide=1,Հարցազրույց Էլեն Հոխիկյանի հետ,22:30,"27 Հնս, 2025"
https://www.1tv.am/hy/video/Հարցազրույց-Խորեն-Վարդապետ-Հովհաննիսյանի-հետ/235242,https://www.youtube.com/embed/L9QYke6Lavg?autoplay=1&autohide=1,Հարցազրույց Խորեն Վարդապետ Հովհաննիսյանի հետ,22:05,"27 Հնս, 2025"
https://www.1tv.am/hy/video/Հարցազրույց-Անդրանիկ-Քոչարյանի-հետ/235223,https://www.youtube.com/embed/YQ3IWIXioi8?autoplay=1&autohide=1,Հարցազրույց Անդրանիկ Քոչարյանի հետ,22:10,"26 Հնս, 2025"
https://www.1tv.am/hy/video/Հարցազրույց-Ալեն-Սիմոնյանի-հետ/235216,https://www.youtube.com/embed/g9xybkHV0lc?autoplay=1&autohide=1,Հարցազրույց Ալեն Սիմոնյանի հետ,22:10,"25 Հնս, 2025"
https://www.1tv.am/hy/video/Հարցազրույց-Կարինե-Գևորգյանի-հետ/235214,https://www.youtube.com/embed/eVYSKBkEQ3c?autoplay=1&autohide=1,Հարցազրույց Կարինե Գևորգյանի հետ,22:10,"24 Հնս, 2025"
https://www.1tv.am/hy/video/Հարցազրույց-Գեորգի-Դերլուգյանի-հետ/235100,https://www.youtube.com/embed/9J1L57KDjh0?autoplay=1&autohide=1,Հարցազրույց Գեորգի Դերլուգյանի հետ,22:10,"23 Հնս, 2025"
https://www.1tv.am/hy/video/Հարցազրույց-Վիլեն-Գաբրիելյանի-հետ/235022,https://www.youtube.com/embed/lgK9ftDnw7k?autoplay=1&autohide=1,Հարցազրույց Վիլեն Գաբրիելյանի հետ,22:10,"20 Հնս, 2025"
https://www.1tv.am/hy/video/Հարցազրույց-Հայկ-Եսայանի-հետ/234963,https://www.youtube.com/embed/TpKNCQw712I?autoplay=1&autohide=1,Հարցազրույց Հայկ Եսայանի հետ,22:10,"19 Հնս, 2025"
https://www.1tv.am/hy/video/Հարցազրույց-Հայկ-Կոնջորյանի-հետ/234946,https://www.youtube.com/embed/gRysYMqznrU?autoplay=1&autohide=1,Հարցազրույց Հայկ Կոնջորյանի հետ,22:10,"18 Հնս, 2025"
https://www.1tv.am/hy/video/Հարցազրույց-Միքայել-Զոլյանի-հետ/234899,https://www.youtube.com/embed/6hiWBZOxhhE?autoplay=1&autohide=1,Հարցազրույց Միքայել Զոլյանի հետ,22:10,"17 Հնս, 2025"
https://www.1tv.am/hy/video/Հարցազրույց-Գոհար-Իսկանդարյանի-հետ/234878,https://www.youtube.com/embed/VaOALzBUEpY?autoplay=1&autohide=1,Հարցազրույց Գոհար Իսկանդարյանի հետ,22:10,"16 Հնս, 2025"
https://www.1tv.am/hy/video/Հարցազրույց-փորձագետների-հետ/234781,https://www.youtube.com/embed/b264_CxWxSg?autoplay=1&autohide=1,Հարցազրույց փորձագետների հետ,22:10,"13 Հնս, 2025"
https://www.1tv.am/hy/video/Հարցազրույց-Արթուր-Վանեցյանի-հետ/234732,https://www.youtube.com/embed/vCbnIJM8ihQ?autoplay=1&autohide=1,Հարցազրույց Արթուր Վանեցյանի հետ,22:10,"12 Հնս, 2025"
https://www.1tv.am/hy/video/Հարցազրույց-Ալեն-Բերսեի-հետ/234707,https://www.youtube.com/embed/m_DdC-tuJNc?autoplay=1&autohide=1,Հարցազրույց Ալեն Բերսեի հետ,22:10,"11 Հնս, 2025"
https://www.1tv.am/hy/video/Հարցազրույց-Մարի-Գրիգորյանի-հետ/234665,https://www.youtube.com/embed/WBVw2zOFiRM?autoplay=1&autohide=1,Հարցազրույց Մարի Գրիգորյանի հետ,22:10,"10 Հնս, 2025"
https://www.1tv.am/hy/video/Հարցազրույց-Վահագն-Ալեքսանյանի-հետ/234635,https://www.youtube.com/embed/lXqEuNcSoB4?autoplay=1&autohide=1,Հարցազրույց Վահագն Ալեքսանյանի հետ,22:10,"09 Հնս, 2025"
https://www.1tv.am/hy/video/Հարցազրույց-Գայանե-Աբրահամյանի-հետ/234524,https://www.youtube.com/embed/I8XW7f98sKI?autoplay=1&autohide=1,Հարցազրույց Գայանե Աբրահամյանի հետ,22:10,"06 Հնս, 2025"
https://www.1tv.am/hy/video/Հարցազրույց-Արման-Բաբաջանյանի-հետ/234481,https://www.youtube.com/embed/bR85x0q5nSI?autoplay=1&autohide=1,Հարցազրույց Արման Բաբաջանյանի հետ,22:10,"05 Հնս, 2025"
https://www.1tv.am/hy/video/Հարցազրույց-Հայկ-Հովյանի-հետ/234118,https://www.youtube.com/embed/dD8PMpjziew?autoplay=1&autohide=1,Հարցազրույց Հայկ Հովյանի հետ,22:10,"23 Մայ, 2025"
https://www.1tv.am/hy/video/Հարցազրույց-Էնրիկո-Դելլա-Կասայի-հետ/234050,https://www.youtube.com/embed/0WyNm0kfdkg?autoplay=1&autohide=1,Հարցազրույց Էնրիկո Դելլա Կասայի հետ,22:10,"22 Մայ, 2025"
https://www.1tv.am/hy/video/Հարցազրույց-Անիտա-Դիմիտրիուի-հետ/234022,https://www.youtube.com/embed/QzlgWDC63qE?autoplay=1&autohide=1,Հարցազրույց Անիտա Դիմիտրիուի հետ,22:10,"21 Մայ, 2025"
https://www.1tv.am/hy/video/Հարցազրույց-Հայկ-Կոնջորյանի-հետ/233997,https://www.youtube.com/embed/IQ9Ghx8vWHQ?autoplay=1&autohide=1,Հարցազրույց Հայկ Կոնջորյանի հետ,22:10,"20 Մայ, 2025"
https://www.1tv.am/hy/video/Հարցազրույց-Արամ-Սարգսյանի-հետ/233946,https://www.youtube.com/embed/ZoxxSL1qUps?autoplay=1&autohide=1,Հարցազրույց Արամ Սարգսյանի հետ,22:10,"19 Մայ, 2025"
https://www.1tv.am/hy/video/Հարցազրույց-Տիգրան-Հակոբյանի-հետ/233842,https://www.youtube.com/embed/9aeOF-4ZWf0?autoplay=1&autohide=1,Հարցազրույց Տիգրան Հակոբյանի հետ,22:10,"16 Մայ, 2025"
https://www.1tv.am/hy/video/Հարցազրույց-Ռուբեն-Ռուբինյանի-հետ/233751,https://www.youtube.com/embed/1hIJrTDufbE?autoplay=1&autohide=1,Հարցազրույց Ռուբեն Ռուբինյանի հետ,22:10,"14 Մայ, 2025"
https://www.1tv.am/hy/video/Հարցազրույց-Հայկ-Սարգսյանի-հետ/233726,https://www.youtube.com/embed/WsJQYLxGo9I?autoplay=1&autohide=1,Հարցազրույց Հայկ Սարգսյանի հետ,22:10,"13 Մայ, 2025"
https://www.1tv.am/hy/video/Հարցազրույց-Վահագն-Ալեքսանյանի-հետ/233685,https://www.youtube.com/embed/XUc3kLWgZQg?autoplay=1&autohide=1,Հարցազրույց Վահագն Ալեքսանյանի հետ,22:10,"12 Մայ, 2025"
https://www.1tv.am/hy/video/Հարցազրույց-Արծրուն-Հովհաննիսյանի-հետ/233603,https://www.youtube.com/embed/NLFYH-I985g?autoplay=1&autohide=1,Հարցազրույց Արծրուն Հովհաննիսյանի հետ,22:10,"09 Մայ, 2025"
https://www.1tv.am/hy/video/Հարցազրույց-Աննա-Վարդապետյանի-հետ/233596,https://www.youtube.com/embed/9KDAEGmyy-4?autoplay=1&autohide=1,Հարցազրույց Աննա Վարդապետյանի հետ,22:10,"08 Մայ, 2025"
https://www.1tv.am/hy/video/Հարցազրույց-Գառնիկ-Դանիելյանի-հետ/233590,https://www.youtube.com/embed/kwPt9TXlRgk?autoplay=1&autohide=1,Հարցազրույց Գառնիկ Դանիելյանի հետ,22:10,"07 Մայ, 2025"
https://www.1tv.am/hy/video/Հարցազրույց-Արթուր-Նահապետյանի-հետ/233462,https://www.youtube.com/embed/6LnkR5jb46k?autoplay=1&autohide=1,Հարցազրույց Արթուր Նահապետյանի հետ,22:10,"06 Մայ, 2025"
https://www.1tv.am/hy/video/Հարցազրույց-Համո-Սուքիասյանի-հետ/233408,https://www.youtube.com/embed/rR4w1tKb1M0?autoplay=1&autohide=1,Հարցազրույց Համո Սուքիասյանի հետ,22:10,"05 Մայ, 2025"
https://www.1tv.am/hy/video/Հարցազրույց-Իվան-Տիմոֆեևի-հետ/233314,https://www.youtube.com/embed/i13ZLwYoLnE?autoplay=1&autohide=1,Հարցազրույց Իվան Տիմոֆեևի հետ,22:10,"02 Մայ, 2025"
https://www.1tv.am/hy/video/Հարցազրույց-Գեղամ-Նազարյանի-հետ/233243,https://www.youtube.com/embed/wZPqzqnfylg?autoplay=1&autohide=1,Հարցազրույց Գեղամ Նազարյանի հետ,22:10,"01 Մայ, 2025"
https://www.1tv.am/hy/video/Հարցազրույց-Տարոն-Չախոյանի-հետ/233242,https://www.youtube.com/embed/plzW6EQKlYQ?autoplay=1&autohide=1,Հարցազրույց Տարոն Չախոյանի հետ,22:10,"30 Ապր, 2025"
https://www.1tv.am/hy/video/Հարցազրույց-Սրբուհի-Գալյանի-հետ/233177,https://www.youtube.com/embed/hcLhnUIN7Y0?autoplay=1&autohide=1,Հարցազրույց Սրբուհի Գալյանի հետ,22:10,"29 Ապր, 2025"
https://www.1tv.am/hy/video/Հարցազրույց-Լիլիթ-Մինասյանի-հետ/233120,https://www.youtube.com/embed/lqmSDYB-_hY?autoplay=1&autohide=1,Հարցազրույց Լիլիթ Մինասյանի հետ,22:10,"28 Ապր, 2025"
https://www.1tv.am/hy/video/Հարցազրույց-Հակոբ-Մովսեսի-հետ/233051,https://www.youtube.com/embed/62_pUJLnvlo?autoplay=1&autohide=1,Հարցազրույց Հակոբ Մովսեսի հետ,22:10,"25 Ապր, 2025"
https://www.1tv.am/hy/video/Հարցազրույց-Ռուբեն-Սաֆրաստյանի-հետ/232999,https://www.youtube.com/embed/tbQATYApYSI?autoplay=1&autohide=1,Հարցազրույց Ռուբեն Սաֆրաստյանի հետ,22:10,"24 Ապր, 2025"
https://www.1tv.am/hy/video/Հարցազրույց-Արծվիկ-Մինասյանի-հետ/232980,https://www.youtube.com/embed/kJLWgZQ-myI?autoplay=1&autohide=1,Հարցազրույց Արծվիկ Մինասյանի հետ,22:10,"23 Ապր, 2025"
https://www.1tv.am/hy/video/Հարցազրույց-Էդուարդ-Հակոբյանի-հետ/232933,https://www.youtube.com/embed/330z2yi8DG0?autoplay=1&autohide=1,Հարցազրույց Էդուարդ Հակոբյանի հետ,22:10,"22 Ապր, 2025"
https://www.1tv.am/hy/video/Հարցազրույց-Արփինե-Սարգսյանի-հետ/232895,https://www.youtube.com/embed/yGrd3FBdix8?autoplay=1&autohide=1,Հարցազրույց Արփինե Սարգսյանի հետ,22:10,"21 Ապր, 2025"
https://www.1tv.am/hy/video/Հարցազրույց-Հարություն-Մկրտչյանի-հետ/232743,https://www.youtube.com/embed/11H4Oqi5jXU?autoplay=1&autohide=1,Հարցազրույց Հարություն Մկրտչյանի հետ,22:10,"16 Ապր, 2025"
https://www.1tv.am/hy/video/Հարցազրույց-Անդրանիկ-Քոչարյանի-հետ/232723,https://www.youtube.com/embed/s8z730bpo2Y?autoplay=1&autohide=1,Հարցազրույց Անդրանիկ Քոչարյանի հետ,22:10,"15 Ապր, 2025"
https://www.1tv.am/hy/video/Հարցազրույց-Գեղամ-Ստեփանյանի-հետ/232706,https://www.youtube.com/embed/nCr1QheWiAQ?autoplay=1&autohide=1,Հարցազրույց Գեղամ Ստեփանյանի հետ,22:10,"14 Ապր, 2025"
https://www.1tv.am/hy/video/Հարցազրույց-Ստաս-Նամինի-հետ/232536,https://www.youtube.com/embed/joSP83VHA3I?autoplay=1&autohide=1,Հարցազրույց Ստաս Նամինի հետ,22:10,"09 Ապր, 2025"
https://www.1tv.am/hy/video/Հարցազրույց-Ռոդիոն-Միրոշնիկի-հետ/232513,https://www.youtube.com/embed/T4wlpkrrpTM?autoplay=1&autohide=1,Հարցազրույց Ռոդիոն Միրոշնիկի հետ,22:10,"08 Ապր, 2025"
https://www.1tv.am/hy/video/Հարցազրույց-Տիգրան-Խաչատրյանի-հետ/232466,https://www.youtube.com/embed/8HStP0XZ5zQ?autoplay=1&autohide=1,Հարցազրույց Տիգրան Խաչատրյանի հետ,22:10,"07 Ապր, 2025"
https://www.1tv.am/hy/video/Հարցազրույց-Վահագն-Ալեքսանյանի-հետ/232383,https://www.youtube.com/embed/DEqd9AROqe4?autoplay=1&autohide=1,Հարցազրույց Վահագն Ալեքսանյանի հետ,22:10,"04 Ապր, 2025"
https://www.1tv.am/hy/video/Հարցազրույց-Արմեն-Նուրբեկյանի-հետ/232322,https://www.youtube.com/embed/ciTvwcUaanE?autoplay=1&autohide=1,Հարցազրույց Արմեն Նուրբեկյանի հետ,22:10,"03 Ապր, 2025"
https://www.1tv.am/hy/video/Հարցազրույց-Վահրամ-Թոքմաջյանի-հետ/232294,https://www.youtube.com/embed/W4U6OGE1Sdk?autoplay=1&autohide=1,Հարցազրույց Վահրամ Թոքմաջյանի հետ,22:10,"02 Ապր, 2025"
https://www.1tv.am/hy/video/Հարցազրույց-Լիլիթ-Դալլաքյանի-հետ/232282,https://www.youtube.com/embed/XQUhqQOUACE?autoplay=1&autohide=1,Հարցազրույց Լիլիթ Դալլաքյանի հետ,22:10,"01 Ապր, 2025"
https://www.1tv.am/hy/video/Հարցազրույց-Արեգ-Քոչինյանի-հետ/232225,https://www.youtube.com/embed/34FcpDxd3nY?autoplay=1&autohide=1,Հարցազրույց Արեգ Քոչինյանի հետ,22:10,"31 Մար, 2025"
https://www.1tv.am/hy/video/Հարցազրույց-Սարիկ-Մինասյանի-հետ/232165,https://www.youtube.com/embed/AkJy5NJ5ds4?autoplay=1&autohide=1,Հարցազրույց Սարիկ Մինասյանի հետ,22:10,"28 Մար, 2025"
https://www.1tv.am/hy/video/Հարցազրույց-Մարտուն-Գրիգորյանի-հետ/232157,https://www.youtube.com/embed/qOem8WMgRqI?autoplay=1&autohide=1,Հարցազրույց Մարտուն Գրիգորյանի հետ,19:00,"28 Մար, 2025"
https://www.1tv.am/hy/video/Հարցազրույց-Լևոն-Բարսեղյանի-հետ/232064,https://www.youtube.com/embed/7utSMb_5Dkw?autoplay=1&autohide=1,Հարցազրույց Լևոն Բարսեղյանի հետ,22:10,"26 Մար, 2025"
https://www.1tv.am/hy/video/Հարցազրույց-Արտյոմ-Ղարաղազարյանի-հետ/232055,https://www.youtube.com/embed/JHPaKoFH3Ec?autoplay=1&autohide=1,Հարցազրույց Արտյոմ Ղարաղազարյանի հետ,20:30,"26 Մար, 2025"
https://www.1tv.am/hy/video/Հարցազրույց-Վարդան-Ղուկասյանի-հետ/232024,https://www.youtube.com/embed/foNM1cFHOTo?autoplay=1&autohide=1,Հարցազրույց Վարդան Ղուկասյանի հետ,22:10,"25 Մար, 2025"
https://www.1tv.am/hy/video/Հարցազրույց-Կարեն-Սիմոնյանի-հետ/231979,https://www.youtube.com/embed/QXe6voYx9r4?autoplay=1&autohide=1,Հարցազրույց Կարեն Սիմոնյանի հետ,22:10,"24 Մար, 2025"
https://www.1tv.am/hy/video/Հարցազրույց-Արտյոմ-Թումանյանի-հետ/231978,https://www.youtube.com/embed/NqmM11ROeBw?autoplay=1&autohide=1,Հարցազրույց Արտյոմ Թումանյանի հետ,20:30,"24 Մար, 2025"
https://www.1tv.am/hy/video/Հարցազրույց-Անդերս-Ֆոգ-Ռասմուսենի-հետ/231848,https://www.youtube.com/embed/xqMrtijccuM?autoplay=1&autohide=1,Հարցազրույց Անդերս Ֆոգ Ռասմուսենի հետ,22:10,"20 Մար, 2025"
https://www.1tv.am/hy/video/Հարցազրույց-Քրիստինե-Վարդանյանի-հետ/231800,https://www.youtube.com/embed/2f2bBulNidU?autoplay=1&autohide=1,Հարցազրույց Քրիստինե Վարդանյանի հետ,22:10,"19 Մար, 2025"
https://www.1tv.am/hy/video/Հարցազրույց-Արեգ-Քոչինյանի-հետ/231782,https://www.youtube.com/embed/HaOw3W2h5Yg?autoplay=1&autohide=1,Հարցազրույց Արեգ Քոչինյանի հետ,22:10,"18 Մար, 2025"
https://www.1tv.am/hy/video/Հարցազրույց-Արսեն-Թորոսյանի-հետ/231714,https://www.youtube.com/embed/JWmKXMjNULo?autoplay=1&autohide=1,Հարցազրույց Արսեն Թորոսյանի հետ,22:10,"17 Մար, 2025"
https://www.1tv.am/hy/video/Հարցազրույց-Հայկ-Կոնջորյանի-հետ/231637,https://www.youtube.com/embed/EtbizvjWz5A?autoplay=1&autohide=1,Հարցազրույց Հայկ Կոնջորյանի հետ,22:10,"14 Մար, 2025"
https://www.1tv.am/hy/video/Հարցազրույց-Կարեն-Կարագուլյանի-և-Վաչե-Թովմասյանի-հետ/231457,https://www.youtube.com/embed/MT9t2a7a3j8?autoplay=1&autohide=1,Հարցազրույց Կարեն Կարագուլյանի և Վաչե Թովմասյանի հետ,20:20,"04 Մար, 2025"
https://www.1tv.am/hy/video/Հարցազրույց-Երվանդ-Թարվերդյանի-հետ/231445,https://www.youtube.com/embed/vKDlqqbhRuU?autoplay=1&autohide=1,Հարցազրույց Երվանդ Թարվերդյանի հետ,22:10,"03 Մար, 2025"
https://www.1tv.am/hy/video/Հարցազրույց-Դավիթ-Առուշանյանի-հետ/231397,https://www.youtube.com/embed/SPhG9lFMvZg?autoplay=1&autohide=1,Հարցազրույց Դավիթ Առուշանյանի հետ,22:10,"28 Փտր, 2025"
https://www.1tv.am/hy/video/Հարցազրույց-Վահագն-Ալեքսանյանի-հետ/231379,https://www.youtube.com/embed/VP-3f82wC6o?autoplay=1&autohide=1,Հարցազրույց Վահագն Ալեքսանյանի հետ,22:10,"27 Փտր, 2025"
https://www.1tv.am/hy/video/Հարցազրույց-Սերգեյ-Մինասյանի-հետ/231366,https://www.youtube.com/embed/oKH47mw0Zpw?autoplay=1&autohide=1,Հարցազրույց Սերգեյ Մինասյանի հետ,22:10,"26 Փտր, 2025"
https://www.1tv.am/hy/video/Հարցազրույց-Խոսրով-Հարությունյանի-հետ/231350,https://www.youtube.com/embed/iA6jfsTpWkc?autoplay=1&autohide=1,Հարցազրույց Խոսրով Հարությունյանի հետ,22:10,"25 Փտր, 2025"
https://www.1tv.am/hy/video/Հարցազրույց-Վլադիմիր-Վարդանյանի-հետ/231337,https://www.youtube.com/embed/fDJUutoThxo?autoplay=1&autohide=1,Հարցազրույց Վլադիմիր Վարդանյանի հետ,22:10,"24 Փտր, 2025"
https://www.1tv.am/hy/video/Հարցազրույց-Հայկ-Կոնջորյանի-հետ/231263,https://www.youtube.com/embed/KubiymERfVA?autoplay=1&autohide=1,Հարցազրույց Հայկ Կոնջորյանի հետ,22:10,"20 Փտր, 2025"
https://www.1tv.am/hy/video/Հարցազրույց-Տարոն-Չախոյանի-հետ/231225,https://www.youtube.com/embed/g6BXBertBbg?si=D4rdLo9ti5KLCDb9?autoplay=1&autohide=1,Հարցազրույց Տարոն Չախոյանի հետ,22:10,"18 Փտր, 2025"
https://www.1tv.am/hy/video/Հարցազրույց-Արման-Բաբաջանյանի-հետ/231205,https://www.youtube.com/embed/-ocRwHq4qqM?autoplay=1&autohide=1,Հարցազրույց Արման Բաբաջանյանի հետ,22:10,"17 Փտր, 2025"
https://www.1tv.am/hy/video/Հարցազրույց-Հայկ-Սուքիասյանի-հետ/231158,https://www.youtube.com/embed/azYrbMmjW9Y?autoplay=1&autohide=1,Հարցազրույց Հայկ Սուքիասյանի հետ,22:10,"14 Փտր, 2025"
https://www.1tv.am/hy/video/Հարցազրույց-Սերգեյ-Գոլուբի-և-Հայկուհի-Գեոկչյանի-հետ/231117,https://www.youtube.com/embed/mFd1WNIQXg0?autoplay=1&autohide=1,Հարցազրույց Սերգեյ Գոլուբի և Հայկուհի Գեոկչյանի հետ,22:10,"13 Փտր, 2025"
https://www.1tv.am/hy/video/Հարցազրույց-Արման-Եղոյանի-հետ/231094,https://www.youtube.com/embed/sO-HjfA2B3M?autoplay=1&autohide=1,Հարցազրույց Արման Եղոյանի հետ,22:10,"12 Փտր, 2025"
https://www.1tv.am/hy/video/Հարցազրույց-Վիգեն-Չըթըրյանի-հետ/231050,https://www.youtube.com/embed/wMpMHwlRaIw?autoplay=1&autohide=1,Հարցազրույց Վիգեն Չըթըրյանի հետ,22:10,"10 Փտր, 2025"
https://www.1tv.am/hy/video/Հարցազրույց-Հայկ-Կոնջորյանի-հետ/231033,https://www.youtube.com/embed/rCEb9pU7Rko?autoplay=1&autohide=1,Հարցազրույց Հայկ Կոնջորյանի հետ,22:10,"07 Փտր, 2025"
https://www.1tv.am/hy/video/Հարցազրույց-Բաբկեն-Թունյանի-հետ/230991,https://www.youtube.com/embed/9QovpP63kGY?autoplay=1&autohide=1,Հարցազրույց Բաբկեն Թունյանի հետ,22:10,"06 Փտր, 2025"
https://www.1tv.am/hy/video/Հարցազրույց-Գառնիկ-Դանիելյանի-հետ/230986,https://www.youtube.com/embed/2beBtQAXlbo?autoplay=1&autohide=1,Հարցազրույց Գառնիկ Դանիելյանի հետ,22:10,"05 Փտր, 2025"
https://www.1tv.am/hy/video/Հարցազրույց-Միքայել-Զոլյանի-հետ/230942,https://www.youtube.com/embed/CigKPH_vhLo?autoplay=1&autohide=1,Հարցազրույց Միքայել Զոլյանի հետ,22:10,"03 Փտր, 2025"
https://www.1tv.am/hy/video/Հարցազրույց-Գարո-Փայլանի-հետ/230894,https://www.youtube.com/embed/0FKCAATFOJc?autoplay=1&autohide=1,Հարցազրույց Գարո Փայլանի հետ,22:10,"31 Հնվ, 2025"
https://www.1tv.am/hy/video/Հարցազրույց-Տիգրան-Ավինյանի-հետ/230853,https://www.youtube.com/embed/VmE3cOfaLxk?autoplay=1&autohide=1,Հարցազրույց Տիգրան Ավինյանի հետ,22:10,"29 Հնվ, 2025"
https://www.1tv.am/hy/video/Հարցազրույց-Անդրանիկ-Քոչարյանի-հետ/230822,https://www.youtube.com/embed/2Nk4_8inWsE?autoplay=1&autohide=1,Հարցազրույց Անդրանիկ Քոչարյանի հետ,22:00,"28 Հնվ, 2025"
https://www.1tv.am/hy/video/Հարցազրույց-Գայանե-Աբրահամյանի-հետ/230816,https://www.youtube.com/embed/FXXijvwGagk?autoplay=1&autohide=1,Հարցազրույց Գայանե Աբրահամյանի հետ,22:10,"27 Հնվ, 2025"
https://www.1tv.am/hy/video/Պետրոս-Ղազարյանի-հարցազրույցը-ՀՀ-վարչապետ-Նիկոլ-Փաշինյանի-հետ/230754,https://www.youtube.com/embed/olE-AcwQWfc?autoplay=1&autohide=1,Պետրոս Ղազարյանի հարցազրույցը ՀՀ վարչապետ Նիկոլ Փաշինյանի հետ,21:50,"25 Հնվ, 2025"
https://www.1tv.am/hy/video/Հարցազրույց-Սուրեն-Գրիգորյանի-հետ/230750,https://www.youtube.com/embed/3EZ3YxznGGg?autoplay=1&autohide=1,Հարցազրույց Սուրեն Գրիգորյանի հետ,22:10,"24 Հնվ, 2025"
https://www.1tv.am/hy/video/Հարցազրույց-Արթուր-Հովհաննիսյանի-հետ/230713,https://www.youtube.com/embed/bDchPif3RP4?autoplay=1&autohide=1,Հարցազրույց Արթուր Հովհաննիսյանի հետ,22:10,"23 Հնվ, 2025"
https://www.1tv.am/hy/video/Հարցազրույց-Վահե-Հովհաննիսյանի-հետ/230697,https://www.youtube.com/embed/M5Lse4GEyxE?autoplay=1&autohide=1,Հարցազրույց Վահե Հովհաննիսյանի հետ,22:10,"22 Հնվ, 2025"
https://www.1tv.am/hy/video/Հարցազրույց-Էդուարդ-Հակոբյանի-հետ/230655,https://www.youtube.com/embed/vlZFyYDeDrU?autoplay=1&autohide=1,Հարցազրույց Էդուարդ Հակոբյանի հետ,22:10,"21 Հնվ, 2025"
https://www.1tv.am/hy/video/Հարցազրույց-Լևոն-Բարխուդարյանի-հետ/230642,https://www.youtube.com/embed/N-I33eg13Pc?autoplay=1&autohide=1,Հարցազրույց Լևոն Բարխուդարյանի հետ,22:10,"20 Հնվ, 2025"
https://www.1tv.am/hy/video/Հարցազրույց-Գեորգի-Դերլուգյանի-հետ/230553,https://www.youtube.com/embed/wUryATZPzKY?autoplay=1&autohide=1,Հարցազրույց Գեորգի Դերլուգյանի հետ,22:10,"17 Հնվ, 2025"
https://www.1tv.am/hy/video/Հարցազրույց-Արեգ-Քոչինյանի-հետ/230522,https://www.youtube.com/embed/r4QAYCSbP98?autoplay=1&autohide=1,Հարցազրույց Արեգ Քոչինյանի հետ,22:10,"16 Հնվ, 2025"
https://www.1tv.am/hy/video/Հարցազրույց-Արման-Բաբաջանյանի-հետ/230456,https://www.youtube.com/embed/fH8UILDdcdo?autoplay=1&autohide=1,Հարցազրույց Արման Բաբաջանյանի հետ,22:10,"14 Հնվ, 2025"
https://www.1tv.am/hy/video/Հարցազրույց-Սուրեն-Գրիգորյանի-հետ/230432,https://www.youtube.com/embed/QFAwX1AvYJU?autoplay=1&autohide=1,Հարցազրույց Սուրեն Գրիգորյանի հետ,22:10,"13 Հնվ, 2025"
https://www.1tv.am/hy/video/Հարցազրույց-Տիգրան-Հակոբյանի-հետ/230396,https://www.youtube.com/embed/X2BIon6sok4?autoplay=1&autohide=1,Հարցազրույց Տիգրան Հակոբյանի հետ,22:50,"10 Հնվ, 2025"
https://www.1tv.am/hy/video/Հարցազրույց-Արմեն-Մուրադյանի-հետ/230380,https://www.youtube.com/embed/PQivdPGlwj4?autoplay=1&autohide=1,Հարցազրույց Արմեն Մուրադյանի հետ,21:50,"09 Հնվ, 2025"
https://www.1tv.am/hy/video/Հարցազրույց-Արամ-Սարգսյանի-հետ/230361,https://www.youtube.com/embed/mpPiJlun5eE?autoplay=1&autohide=1,Հարցազրույց Արամ Սարգսյանի հետ,21:50,"08 Հնվ, 2025"
https://www.1tv.am/hy/video/Հարցազրույց-Ստեփան-Գրիգորյանի-հետ/230351,https://www.youtube.com/embed/NjXcxV5sTTw?autoplay=1&autohide=1,Հարցազրույց Ստեփան Գրիգորյանի հետ,21:50,"07 Հնվ, 2025"
https://www.1tv.am/hy/video/Հարցազրույց-Խաչատուր-Սուքիասյանի-հետ/230288,https://www.youtube.com/embed/pXq9TSDdhyU?autoplay=1&autohide=1,Հարցազրույց Խաչատուր Սուքիասյանի հետ,22:10,"27 Դեկ, 2024"
https://www.1tv.am/hy/video/Հարցազրույց-Արփինե-Սարգսյանի-հետ/230219,https://www.youtube.com/embed/8PIsv-uAsR4?autoplay=1&autohide=1,Հարցազրույց Արփինե Սարգսյանի հետ,22:10,"26 Դեկ, 2024"
https://www.1tv.am/hy/video/Հարցազրույց-Տարոն-Չախոյանի-հետ/230206,https://www.youtube.com/embed/7TfNyvzPZWA?autoplay=1&autohide=1,Հարցազրույց Տարոն Չախոյանի հետ,22:10,"25 Դեկ, 2024"
https://www.1tv.am/hy/video/Հարցազրույց-Նարեկ-Մկրտչյանի-հետ/230173,https://www.youtube.com/embed/hqF9xPxwaE8?autoplay=1&autohide=1,Հարցազրույց Նարեկ Մկրտչյանի հետ,22:10,"24 Դեկ, 2024"
https://www.1tv.am/hy/video/Հարցազրույց-Մարտին-Գալստյանի-հետ/230137,https://www.youtube.com/embed/hCvAVvxN1EE?autoplay=1&autohide=1,Հարցազրույց Մարտին Գալստյանի հետ,22:10,"23 Դեկ, 2024"
https://www.1tv.am/hy/video/Հարցազրույց-Լուսինե-Գևորգյանի-հետ/230042,https://www.youtube.com/embed/b9jI1eztRgA?autoplay=1&autohide=1,Հարցազրույց Լուսինե Գևորգյանի հետ,22:10,"20 Դեկ, 2024"
https://www.1tv.am/hy/video/Հարցազրույց-Անահիտ-Մանասյանի-հետ/229965,https://www.youtube.com/embed/ucjRgCU9JCU?autoplay=1&autohide=1,Հարցազրույց Անահիտ Մանասյանի հետ,22:10,"19 Դեկ, 2024"
https://www.1tv.am/hy/video/Հարցազրույց-Գևորգ-Պապոյանի-հետ/229926,https://www.youtube.com/embed/xINTn3NkvbM?si=kM9-QVJfaS4oZ3u2?autoplay=1&autohide=1,Հարցազրույց Գևորգ Պապոյանի հետ,22:10,"18 Դեկ, 2024"
https://www.1tv.am/hy/video/Հարցազրույց-Տիգրան-Ջրբաշյանի-հետ/229896,https://www.youtube.com/embed/dpIm085pYEQ?autoplay=1&autohide=1,Հարցազրույց Տիգրան Ջրբաշյանի հետ,22:10,"17 Դեկ, 2024"
https://www.1tv.am/hy/video/Հարցազրույց-Պետրոս-Մարտիրոսյանի-հետ/229822,https://www.youtube.com/embed/euqOeivpwsE?autoplay=1&autohide=1,Հարցազրույց Պետրոս Մարտիրոսյանի հետ,22:10,"16 Դեկ, 2024"
https://www.1tv.am/hy/video/Հարցազրույց-Ջոն-Ալելոյի-հետ/229739,https://www.youtube.com/embed/7XrUEmCANV8?autoplay=1&autohide=1,Հարցազրույց Ջոն Ալելոյի հետ,22:10,"13 Դեկ, 2024"
https://www.1tv.am/hy/video/Հարցազրույց-Ռուբեն-Ռուբինյանի-հետ/229655,https://www.youtube.com/embed/0b3NJn2zZvM?autoplay=1&autohide=1,Հարցազրույց Ռուբեն Ռուբինյանի հետ,22:10,"12 Դեկ, 2024"
https://www.1tv.am/hy/video/Հարցազրույց-Արամ-Սարգսյանի-հետ/229619,https://www.youtube.com/embed/jSrGnqY-n0Q?autoplay=1&autohide=1,Հարցազրույց Արամ Սարգսյանի հետ,20:30,"11 Դեկ, 2024"
https://www.1tv.am/hy/video/Հարցազրույց-Արա-Գոչունյանի-հետ/229579,https://www.youtube.com/embed/EXWRHTqYNfI?autoplay=1&autohide=1,Հարցազրույց Արա Գոչունյանի հետ,22:10,"10 Դեկ, 2024"
https://www.1tv.am/hy/video/Հարցազրույց-Արաքս-Փաշայանի-հետ/229523,https://www.youtube.com/embed/I7ZsAp58-0s?autoplay=1&autohide=1,Հարցազրույց Արաքս Փաշայանի հետ,20:30,"09 Դեկ, 2024"
https://www.1tv.am/hy/video/Հարցազրույց-Մխիթար-Հայրապետյանի-հետ/229469,https://www.youtube.com/embed/qI4O8gruurc?autoplay=1&autohide=1,Հարցազրույց Մխիթար Հայրապետյանի հետ,22:10,"06 Դեկ, 2024"
https://www.1tv.am/hy/video/Հարցազրույց-Հայկակ-Արշամյանի-հետ/229392,https://www.youtube.com/embed/VNmW-qHcIqU?autoplay=1&autohide=1,Հարցազրույց Հայկակ Արշամյանի հետ,22:10,"05 Դեկ, 2024"
https://www.1tv.am/hy/video/Հարցազրույց-Վահե-Հովհաննիսյանի-հետ/229358,https://www.youtube.com/embed/q2CaNQc5Z0o?autoplay=1&autohide=1,Հարցազրույց Վահե Հովհաննիսյանի հետ,22:10,"04 Դեկ, 2024"
https://www.1tv.am/hy/video/Հարցազրույց-Տիգրան-Ավինյանի-հետ/229318,https://www.youtube.com/embed/hRxjIrmN0qY?autoplay=1&autohide=1,Հարցազրույց Տիգրան Ավինյանի հետ,22:10,"03 Դեկ, 2024"
https://www.1tv.am/hy/video/Հարցազրույց-Գեղամ-Նազարյանի-հետ/229281,https://www.youtube.com/embed/AJ6u0V0RpQk?autoplay=1&autohide=1,Հարցազրույց Գեղամ Նազարյանի հետ,22:10,"02 Դեկ, 2024"
https://www.1tv.am/hy/video/Հարցազրույց-Արմինե-Մարգարյանի-հետ/228997,https://www.youtube.com/embed/rW_c8P4O2KI?si=F8KjukDyJPDENI5d?autoplay=1&autohide=1,Հարցազրույց Արմինե Մարգարյանի հետ,22:10,"21 Նմբ, 2024"
https://www.1tv.am/hy/video/Հարցազրույց-Բաբկեն-Թունյանի-հետ/228871,https://www.youtube.com/embed/Pgb95pBpMeE?autoplay=1&autohide=1,Հարցազրույց Բաբկեն Թունյանի հետ,22:10,"20 Նմբ, 2024"
https://www.1tv.am/hy/video/Հարցազրույց-Լեոնիդ-Ներսիսյանի-հետ/228835,https://www.youtube.com/embed/9ANZMW7_sE8?autoplay=1&autohide=1,Հարցազրույց Լեոնիդ Ներսիսյանի հետ,22:10,"19 Նմբ, 2024"
https://www.1tv.am/hy/video/Հարցազրույց-Վահագն-Ալեքսանյանի-հետ/228801,https://www.youtube.com/embed/SqDFUZxVtvM?autoplay=1&autohide=1,Հարցազրույց Վահագն Ալեքսանյանի հետ,22:10,"18 Նմբ, 2024"
https://www.1tv.am/hy/video/Հարցազրույց-Արմեն-Քթոյանի-հետ/228696,https://www.youtube.com/embed/6BV4LPvlcpg?autoplay=1&autohide=1,Հարցազրույց Արմեն Քթոյանի հետ,22:10,"15 Նմբ, 2024"
https://www.1tv.am/hy/video/Հարցազրույց-Գեղամ-Գևորգյանի-հետ/228647,https://www.youtube.com/embed/XkJKjJAE998?autoplay=1&autohide=1,Հարցազրույց Գեղամ Գևորգյանի հետ,22:10,"14 Նմբ, 2024"
https://www.1tv.am/hy/video/Հարցազրույց-Սուրեն-Գրիգորյանի-հետ/228612,https://www.youtube.com/embed/HPyFJSQQTe0?autoplay=1&autohide=1,Հարցազրույց Սուրեն Գրիգորյանի հետ,22:10,"13 Նմբ, 2024"
https://www.1tv.am/hy/video/Հարցազրույց-Թաթուլ-Հակոբյանի-հետ/228583,https://www.youtube.com/embed/kfs6q9ic0fc?autoplay=1&autohide=1,Հարցազրույց Թաթուլ Հակոբյանի հետ,22:10,"12 Նմբ, 2024"
https://www.1tv.am/hy/video/Հարցազրույց-Արեգ-Քոչինյանի-հետ/228534,https://www.youtube.com/embed/4GA3qOLST18?autoplay=1&autohide=1,Հարցազրույց Արեգ Քոչինյանի հետ,22:10,"11 Նմբ, 2024"
https://www.1tv.am/hy/video/Հարցազրույց-Արմեն-Ղազարյանի-հետ/228477,https://www.youtube.com/embed/7Q5KahHABqo?autoplay=1&autohide=1,Հարցազրույց Արմեն Ղազարյանի հետ,22:10,"08 Նմբ, 2024"
https://www.1tv.am/hy/video/Հարցազրույց-Արմեն-Մելիքբեկյանի-հետ/228377,https://www.youtube.com/embed/Wz_uQc0uyD4?autoplay=1&autohide=1,Հարցազրույց Արմեն Մելիքբեկյանի հետ,22:10,"07 Նմբ, 2024"
https://www.1tv.am/hy/video/Հարցազրույց-Ալի-Բեման-Էղբալիզարչի-հետ/228333,https://www.youtube.com/embed/13e-2EwUjOk?autoplay=1&autohide=1,Հարցազրույց Ալի Բեման Էղբալիզարչի հետ,22:10,"05 Նմբ, 2024"
https://www.1tv.am/hy/video/Հարցազրույց-Վահագն-Ալեքսանյանի-հետ/228306,https://www.youtube.com/embed/0y5Ji_cPPIo?autoplay=1&autohide=1,Հարցազրույց Վահագն Ալեքսանյանի հետ,22:10,"04 Նմբ, 2024"
https://www.1tv.am/hy/video/Հարցազրույց-Ջոնի-Մելիքյանի-հետ/228134,https://www.youtube.com/embed/Rcn5vsoSvjU?autoplay=1&autohide=1,Հարցազրույց Ջոնի Մելիքյանի հետ,22:10,"31 Հոկ, 2024"
https://www.1tv.am/hy/video/Հարցազրույց-Խոսրով-Հարությունյանի-հետ/228090,https://www.youtube.com/embed/yIyHl-HNKaQ?autoplay=1&autohide=1,Հարցազրույց Խոսրով Հարությունյանի հետ,22:10,"30 Հոկ, 2024"
https://www.1tv.am/hy/video/Հարցազրույց-Հակոբ-Արշակյանի-հետ/228069,https://www.youtube.com/embed/AwqNmTjLtEw?autoplay=1&autohide=1,Հարցազրույց Հակոբ Արշակյանի հետ,22:10,"29 Հոկ, 2024"
https://www.1tv.am/hy/video/Հարցազրույց-Վիգեն-Հովսեփյանի-հետ/228009,https://www.youtube.com/embed/H7qur88RWJo?autoplay=1&autohide=1,Հարցազրույց Վիգեն Հովսեփյանի հետ,22:10,"28 Հոկ, 2024"
https://www.1tv.am/hy/video/Հարցազրույց-Անահիտ-Ավանեսյանի-հետ/227925,https://www.youtube.com/embed/Edf7mRxYoGQ?autoplay=1&autohide=1,Հարցազրույց Անահիտ Ավանեսյանի հետ,22:10,"25 Հոկ, 2024"
https://www.1tv.am/hy/video/Հարցազրույց-Արման-Եղոյանի-հետ/227846,https://www.youtube.com/embed/zdYECJPAFZU?autoplay=1&autohide=1,Հարցազրույց Արման Եղոյանի հետ,22:10,"24 Հոկ, 2024"
https://www.1tv.am/hy/video/Հարցազրույց-Արծվիկ-Մինասյանի-հետ/227815,https://www.youtube.com/embed/yAkH9T3QUNE?autoplay=1&autohide=1,Հարցազրույց Արծվիկ Մինասյանի հետ,22:10,"23 Հոկ, 2024"
https://www.1tv.am/hy/video/Հարցազրույց-Վլադիմիր-Վարդանյանի-հետ/227780,https://www.youtube.com/embed/HG-HFDY-DHs?autoplay=1&autohide=1,Հարցազրույց Վլադիմիր Վարդանյանի հետ,22:10,"22 Հոկ, 2024"
https://www.1tv.am/hy/video/Հարցազրույց-Վարդան-Ոսկանյանի-հետ/227757,https://www.youtube.com/embed/X-8gzIEBCbM?autoplay=1&autohide=1,Հարցազրույց Վարդան Ոսկանյանի հետ,22:10,"21 Հոկ, 2024"
https://www.1tv.am/hy/video/Հարցազրույց-Արման-Բաբաջանյանի-հետ/227660,https://www.youtube.com/embed/iSJ1q0QVj0k?autoplay=1&autohide=1,Հարցազրույց Արման Բաբաջանյանի հետ,22:10,"18 Հոկ, 2024"
https://www.1tv.am/hy/video/Հարցազրույց-Կարեն-Բեքարյանի-հետ/227569,https://www.youtube.com/embed/hLmrk_G72Gc?autoplay=1&autohide=1,Հարցազրույց Կարեն Բեքարյանի հետ,22:10,"17 Հոկ, 2024"
https://www.1tv.am/hy/video/Հարցազրույց-Անդրանիկ-Քոչարյանի-հետ/227532,https://www.youtube.com/embed/AsoDpmDIxo4?autoplay=1&autohide=1,Հարցազրույց Անդրանիկ Քոչարյանի հետ,22:10,"16 Հոկ, 2024"
https://www.1tv.am/hy/video/Հարցազրույց-Արման-Սահակյանի-հետ/227510,https://www.youtube.com/embed/XLZrYXkF3ro?autoplay=1&autohide=1,Հարցազրույց Արման Սահակյանի հետ,22:10,"15 Հոկ, 2024"
https://www.1tv.am/hy/video/Հարցազրույց-Տարոն-Չախոյանի-հետ/227458,https://www.youtube.com/embed/Vs6NoZjUisc?autoplay=1&autohide=1,Հարցազրույց Տարոն Չախոյանի հետ,22:10,"14 Հոկ, 2024"
https://www.1tv.am/hy/video/Հարցազրույց-Արգիշտի-Քյարամյանի-հետ/227400,https://www.youtube.com/embed/eV9G4rg4YU0?autoplay=1&autohide=1,Հարցազրույց Արգիշտի Քյարամյանի հետ,22:10,"11 Հոկ, 2024"
https://www.1tv.am/hy/video/Հարցազրույց-Ստյոպա-Սաֆարյանի-հետ/227342,https://www.youtube.com/embed/DH2LESGJaVo?autoplay=1&autohide=1,Հարցազրույց Ստյոպա Սաֆարյանի հետ,22:10,"10 Հոկ, 2024"
https://www.1tv.am/hy/video/Հարցազրույց-Արամ-Սարգսյանի-հետ/227315,https://www.youtube.com/embed/jkmQRjsLKCU?autoplay=1&autohide=1,Հարցազրույց Արամ Սարգսյանի հետ,22:10,"09 Հոկ, 2024"
https://www.1tv.am/hy/video/Հարցազրույց-Վահե-Գրիգորյանի-հետ/227282,https://www.youtube.com/embed/zRwftjDiMrI?autoplay=1&autohide=1,Հարցազրույց Վահե Գրիգորյանի հետ,22:10,"08 Հոկ, 2024"
https://www.1tv.am/hy/video/Հարցազրույց-Սոնա-Ղազարյանի-հետ/227228,https://www.youtube.com/embed/xAgiRDst-CY?autoplay=1&autohide=1,Հարցազրույց Սոնա Ղազարյանի հետ,22:10,"07 Հոկ, 2024"
https://www.1tv.am/hy/video/Հարցազրույց-Լիլիթ-Դալլաքյանի-հետ/227138,https://www.youtube.com/embed/m4TtZNNyQBA?autoplay=1&autohide=1,Հարցազրույց Լիլիթ Դալլաքյանի հետ,20:30,"04 Հոկ, 2024"
https://www.1tv.am/hy/video/Հարցազրույց-Կարեն-Հարությունյանի-հետ/227071,https://www.youtube.com/embed/Yr_pK0f8UQk?autoplay=1&autohide=1,Հարցազրույց Կարեն Հարությունյանի հետ,22:10,"03 Հոկ, 2024"
https://www.1tv.am/hy/video/Հարցազրույց-Վահագն-Ալեքսանյանի-հետ/227036,https://www.youtube.com/embed/73f0SVOfh48?autoplay=1&autohide=1,Հարցազրույց Վահագն Ալեքսանյանի հետ,22:10,"02 Հոկ, 2024"
https://www.1tv.am/hy/video/Հարցազրույց-Հայկ-Քոչարյանի-հետ/227014,https://www.youtube.com/embed/BJ0Q4SL0U7g?autoplay=1&autohide=1,Հարցազրույց Հայկ Քոչարյանի հետ,22:10,"01 Հոկ, 2024"
https://www.1tv.am/hy/video/Հարցազրույց-Ռուի-Մոտայի-և-Աննա-Օհանյանի-հետ/226952,https://www.youtube.com/embed/SFPbopNNKs4?autoplay=1&autohide=1,Հարցազրույց Ռուի Մոտայի և Աննա Օհանյանի հետ,22:10,"30 Սեպ, 2024"
https://www.1tv.am/hy/video/Հարցազրույց-Արմեն-Խաչատրյանի-հետ/226756,https://www.youtube.com/embed/3rRtFC-ihc4?autoplay=1&autohide=1,Հարցազրույց Արմեն Խաչատրյանի հետ,23:50,"20 Սեպ, 2024"
https://www.1tv.am/hy/video/Հարցազրույց-Վահան-Ավագյանի-հետ/226736,https://www.youtube.com/embed/w1mAKVM-zjE?autoplay=1&autohide=1,Հարցազրույց Վահան Ավագյանի հետ,22:10,"19 Սեպ, 2024"
https://www.1tv.am/hy/video/Հարցազրույց-Մխիթար-Հայրապետյանի-հետ/226695,https://www.youtube.com/embed/1TugC4jX4W0?autoplay=1&autohide=1,Հարցազրույց Մխիթար Հայրապետյանի հետ,22:10,"18 Սեպ, 2024"
https://www.1tv.am/hy/video/Հարցազրույց-Գարո-Փայլանի-հետ/226668,https://www.youtube.com/embed/o5TYqG2LBa8?autoplay=1&autohide=1,Հարցազրույց Գարո Փայլանի հետ,22:10,"17 Սեպ, 2024"
https://www.1tv.am/hy/video/Հարցազրույց-Արման-Բաբաջանյանի-հետ/226654,https://www.youtube.com/embed/hksmN7TbAeA?autoplay=1&autohide=1,Հարցազրույց Արման Բաբաջանյանի հետ,22:10,"16 Սեպ, 2024"
https://www.1tv.am/hy/video/Պետրոս-Ղազարյանի-հարցազրույցը-Արթուր-Հովհաննիսյանի-հետ/226596,https://www.youtube.com/embed/2fylx1KlbJU?autoplay=1&autohide=1,Պետրոս Ղազարյանի հարցազրույցը Արթուր Հովհաննիսյանի հետ,22:10,"12 Սեպ, 2024"
https://www.1tv.am/hy/video/Պետրոս-Ղազարյանի-հարցազրույցը-Անդրանիկ-Սեդոյանի-հետ/226582,https://www.youtube.com/embed/9rRDU75C2Wg?autoplay=1&autohide=1,Պետրոս Ղազարյանի հարցազրույցը Անդրանիկ Սեդոյանի հետ,22:10,"11 Սեպ, 2024"
https://www.1tv.am/hy/video/Պետրոս-Ղազարյանի-հարցազրույցը-Զարեհ-Սինանյանի-հետ/226566,https://www.youtube.com/embed/POLRZC0umeM?autoplay=1&autohide=1,Պետրոս Ղազարյանի հարցազրույցը Զարեհ Սինանյանի հետ,22:10,"10 Սեպ, 2024"
https://www.1tv.am/hy/video/Պետրոս-Ղազարյանի-հարցազրույցը-Հայկ-Կոնջորյանի-հետ/226536,https://www.youtube.com/embed/RGwBAdNzSqw?autoplay=1&autohide=1,Պետրոս Ղազարյանի հարցազրույցը Հայկ Կոնջորյանի հետ,22:10,"09 Սեպ, 2024"
https://www.1tv.am/hy/video/Պետրոս-Ղազարյանի-հարցազրույցը-Սարգիս-Խանդանյանի-հետ/226479,https://www.youtube.com/embed/IqpgdSKpSLE?autoplay=1&autohide=1,Պետրոս Ղազարյանի հարցազրույցը Սարգիս Խանդանյանի հետ,22:10,"06 Սեպ, 2024"
https://www.1tv.am/hy/video/Պետրոս-Ղազարյանի-հարցազրույցը-Անդրանիկ-Քոչարյանի-հետ/226456,https://www.youtube.com/embed/AM2Hm3SHdfI?autoplay=1&autohide=1,Պետրոս Ղազարյանի հարցազրույցը Անդրանիկ Քոչարյանի հետ,22:10,"05 Սեպ, 2024"
https://www.1tv.am/hy/video/Պետրոս-Ղազարյանի-հարցազրույցը-Հրանուշ-Խառատյանի-հետ/226443,https://www.youtube.com/embed/GqyHLaXJXkE?autoplay=1&autohide=1,Պետրոս Ղազարյանի հարցազրույցը Հրանուշ Խառատյանի հետ,22:10,"04 Սեպ, 2024"
https://www.1tv.am/hy/video/Պետրոս-Ղազարյանի-հարցազրույցը-Սուրեն-Պետրոսյանի-հետ/226438,https://www.youtube.com/embed/ywyeZIlCGKY?autoplay=1&autohide=1,Պետրոս Ղազարյանի հարցազրույցը Սուրեն Պետրոսյանի հետ,22:10,"03 Սեպ, 2024"
https://www.1tv.am/hy/video/Պետրոս-Ղազարյանի-հարցազրույցը-Ստեփան-Գրիգորյանի-հետ/226417,https://www.youtube.com/embed/Rv_5uLtCNXM?autoplay=1&autohide=1,Պետրոս Ղազարյանի հարցազրույցը Ստեփան Գրիգորյանի հետ,22:10,"02 Սեպ, 2024"
https://www.1tv.am/hy/video/Պետրոս-Ղազարյանի-հարցազրույցը-ԱԺ-«Ամառային-դպրոց»-3-րդ-ծրագրի-մասնակիցների-հետ/226379,https://www.youtube.com/embed/5cz1Hed3888?autoplay=1&autohide=1,Պետրոս Ղազարյանի հարցազրույցը ԱԺ «Ամառային դպրոց» 3-րդ ծրագրի մասնակիցների հետ,22:00,"30 Օգս, 2024"
https://www.1tv.am/hy/video/Պետրոս-Ղազարյանի-հարցազրույցը-Արեգ-Քոչինյանի-հետ/226362,https://www.youtube.com/embed/mnjFcR-vK4Y?autoplay=1&autohide=1,Պետրոս Ղազարյանի հարցազրույցը Արեգ Քոչինյանի հետ,00:15,"30 Օգս, 2024"
https://www.1tv.am/hy/video/Պետրոս-Ղազարյանի-հարցազրույցը-Դավիթ-Խաժակյանի-հետ/226359,https://www.youtube.com/embed/i861aEpiytc?autoplay=1&autohide=1,Պետրոս Ղազարյանի հարցազրույցը Դավիթ Խաժակյանի հետ,22:00,"28 Օգս, 2024"
https://www.1tv.am/hy/video/Պետրոս-Ղազարյանի-հարցազրույցը-Սոսի-Թաթիկյանի-հետ/226354,https://www.youtube.com/embed/MZ5FU62k6o4?autoplay=1&autohide=1,Պետրոս Ղազարյանի հարցազրույցը Սոսի Թաթիկյանի հետ,22:00,"27 Օգս, 2024"
https://www.1tv.am/hy/video/Պետրոս-Ղազարյանի-հարցազրույցը-Թաթուլ-Հակոբյանի-հետ/226327,https://www.youtube.com/embed/SfwDLzyn240?si=cvw_k9CV7sm8DgSt?autoplay=1&autohide=1,Պետրոս Ղազարյանի հարցազրույցը Թաթուլ Հակոբյանի հետ,22:00,"26 Օգս, 2024"
https://www.1tv.am/hy/video/Պետրոս-Ղազարյանի-հարցազրույցը-Գարեգին-Բաղրամյանի-հետ/226305,https://www.youtube.com/embed/pfN07Yi2d0A?autoplay=1&autohide=1,Պետրոս Ղազարյանի հարցազրույցը Գարեգին Բաղրամյանի հետ,22:10,"23 Օգս, 2024"
https://www.1tv.am/hy/video/Պետրոս-Ղազարյանի-հարցազրույցը-Գրիգորի-Բալասանյանի-հետ/226293,https://www.youtube.com/embed/KJxhyyVsgV0?autoplay=1&autohide=1,Պետրոս Ղազարյանի հարցազրույցը Գրիգորի Բալասանյանի հետ,22:50,"22 Օգս, 2024"
https://www.1tv.am/hy/video/Պետրոս-Ղազարյանի-հարցազրույցը-Արամ-Սարգսյանի-հետ/226278,https://www.youtube.com/embed/Lc8kSZE_MKg?autoplay=1&autohide=1,Պետրոս Ղազարյանի հարցազրույցը Արամ Սարգսյանի հետ,22:10,"21 Օգս, 2024"
https://www.1tv.am/hy/video/Պետրոս-Ղազարյանի-հարցազրույցը-Գևորգ-Պապոյանի-հետ/226261,https://www.youtube.com/embed/8oB-V8s-wEw?autoplay=1&autohide=1,Պետրոս Ղազարյանի հարցազրույցը Գևորգ Պապոյանի հետ,22:50,"20 Օգս, 2024"
https://www.1tv.am/hy/video/Պետրոս-Ղազարյանի-հարցազրույցը-Լիլիթ-Դալլաքյանի-հետ/226240,https://www.youtube.com/embed/1ORu2pUTzt4?autoplay=1&autohide=1,Պետրոս Ղազարյանի հարցազրույցը Լիլիթ Դալլաքյանի հետ,22:10,"19 Օգս, 2024"
https://www.1tv.am/hy/video/Պետրոս-Ղազարյանի-հարցազրույցը-Արա-Խզմալյանի-հետ/226046,https://www.youtube.com/embed/jQhNqVkIiw4?autoplay=1&autohide=1,Պետրոս Ղազարյանի հարցազրույցը Արա Խզմալյանի հետ,20:30,"29 Հլս, 2024"
https://www.1tv.am/hy/video/Պետրոս-Ղազարյանի-հարցազրույցը-Հոկսեն-Միրզոյանի-և-Իսրայել-Միլիտոսյանի-հետ/225996,https://www.youtube.com/embed/PY4JORSyBIM?autoplay=1&autohide=1,Պետրոս Ղազարյանի հարցազրույցը Հոկսեն Միրզոյանի և Իսրայել Միլիտոսյանի հետ,20:30,"26 Հլս, 2024"
https://www.1tv.am/hy/video/Պետրոս-Ղազարյանի-հարցազրույցը-Ստեփան-Գրիգորյանի-հետ/225965,https://www.youtube.com/embed/QH-Hm7Rd5MA?autoplay=1&autohide=1,Պետրոս Ղազարյանի հարցազրույցը Ստեփան Գրիգորյանի հետ,23:05,"25 Հլս, 2024"
https://www.1tv.am/hy/video/Պետրոս-Ղազարյանի-հարցազրույցը-Սուրեն-Սուրենյանցի-հետ/225947,https://www.youtube.com/embed/uEOI6mLS2T8?autoplay=1&autohide=1,Պետրոս Ղազարյանի հարցազրույցը Սուրեն Սուրենյանցի հետ,22:10,"24 Հլս, 2024"
https://www.1tv.am/hy/video/Պետրոս-Ղազարյանի-հարցազրույցը-Վահագն-Ալեքսանյանի-հետ/225920,https://www.youtube.com/embed/zZJCm9NacrQ?autoplay=1&autohide=1,Պետրոս Ղազարյանի հարցազրույցը Վահագն Ալեքսանյանի հետ,22:10,"23 Հլս, 2024"
https://www.1tv.am/hy/video/Պետրոս-Ղազարյանի-հարցազրույցը-Արման-Բաբաջանյանի-հետ/225905,https://www.youtube.com/embed/fiqeoaFDnc8?autoplay=1&autohide=1,Պետրոս Ղազարյանի հարցազրույցը Արման Բաբաջանյանի հետ,22:10,"22 Հլս, 2024"
https://www.1tv.am/hy/video/Պետրոս-Ղազարյանի-հարցազրույցը-Կարեն-Գիլոյանի-Մալխաս-Ամոյանի-և-Արսեն-Հարությունյանի-հետ/225864,https://www.youtube.com/embed/WICVXHk2C0g?autoplay=1&autohide=1,"Պետրոս Ղազարյանի հարցազրույցը Կարեն Գիլոյանի, Մալխաս Ամոյանի և Արսեն Հարությունյանի հետ",22:10,"19 Հլս, 2024"
https://www.1tv.am/hy/video/Պետրոս-Ղազարյանի-հարցազրույցը-Դանիել-Իոաննիսյանի-հետ/225842,https://www.youtube.com/embed/IQIcWF0BgsA?autoplay=1&autohide=1,Պետրոս Ղազարյանի հարցազրույցը Դանիել Իոաննիսյանի հետ,23:50,"18 Հլս, 2024"
https://www.1tv.am/hy/video/Պետրոս-Ղազարյանի-հարցազրույցը-Կարեն-Անդրեասյանի-հետ/225807,https://www.youtube.com/embed/UNhjmxJvy7o?autoplay=1&autohide=1,Պետրոս Ղազարյանի հարցազրույցը Կարեն Անդրեասյանի հետ,22:10,"17 Հլս, 2024"
https://www.1tv.am/hy/video/Պետրոս-Ղազարյանի-հարցազրույցը-Նարեկ-Մկրտչյանի-հետ/225772,https://www.youtube.com/embed/ow3kyZ03GEQ?autoplay=1&autohide=1,Պետրոս Ղազարյանի հարցազրույցը Նարեկ Մկրտչյանի հետ,23:10,"16 Հլս, 2024"
https://www.1tv.am/hy/video/Պետրոս-Ղազարյանի-հարցազրույցը-Լիլիթ-Դալլաքյանի-հետ/225742,https://www.youtube.com/embed/Q2jyhCsf8D8?autoplay=1&autohide=1,Պետրոս Ղազարյանի հարցազրույցը  Լիլիթ Դալլաքյանի հետ,22:10,"15 Հլս, 2024"
https://www.1tv.am/hy/video/Պետրոս-Ղազարյանի-հարցազրույցը-Հրաչյա-Արզումանյանի-հետ/225707,https://www.youtube.com/embed/woyucxM5Khg?autoplay=1&autohide=1,Պետրոս Ղազարյանի հարցազրույցը Հրաչյա Արզումանյանի հետ,22:10,"12 Հլս, 2024"
https://www.1tv.am/hy/video/Պետրոս-Ղազարյանի-հարցազրույցը-Խորեն-Հովհաննիսյանի-հետ/225678,https://www.youtube.com/embed/jz_YuxNR8Rw?autoplay=1&autohide=1,Պետրոս Ղազարյանի հարցազրույցը Խորեն Հովհաննիսյանի հետ,23:10,"11 Հլս, 2024"
https://www.1tv.am/hy/video/Պետրոս-Ղազարյանի-հարցազրույցը-Սամանթա-Փաուերի-հետ/225669,https://www.youtube.com/embed/4N7f1dxZgHY?autoplay=1&autohide=1,Պետրոս Ղազարյանի հարցազրույցը Սամանթա Փաուերի հետ,22:10,"10 Հլս, 2024"
https://www.1tv.am/hy/video/Պետրոս-Ղազարյանի-հարցազրույցը-Արեն-Մկրտչյանի-հետ/225640,https://www.youtube.com/embed/8V1P4oBxihg?autoplay=1&autohide=1,Պետրոս Ղազարյանի հարցազրույցը Արեն Մկրտչյանի հետ,22:10,"09 Հլս, 2024"
https://www.1tv.am/hy/video/Պետրոս-Ղազարյանի-հարցազրույցը-Աննա-Գևորգյանի-հետ/225626,https://www.youtube.com/embed/KvNvPA-S3X8?autoplay=1&autohide=1,Պետրոս Ղազարյանի հարցազրույցը Աննա Գևորգյանի հետ,22:10,"08 Հլս, 2024"
https://www.1tv.am/hy/video/Պետրոս-Ղազարյանի-հարցազրույցը-Արթուր-Սաքունցի-հետ/225550,https://www.youtube.com/embed/2SSpuvfl3Zk?autoplay=1&autohide=1,Պետրոս Ղազարյանի հարցազրույցը Արթուր Սաքունցի հետ,22:10,"05 Հլս, 2024"
https://www.1tv.am/hy/video/Պետրոս-Ղազարյանի-հարցազրույցը-Գայանե-Աբրահամյանի-հետ/225543,https://www.youtube.com/embed/1VXlYnVEpGA?autoplay=1&autohide=1,Պետրոս Ղազարյանի հարցազրույցը Գայանե Աբրահամյանի հետ,22:10,"04 Հլս, 2024"
https://www.1tv.am/hy/video/Պետրոս-Ղազարյանի-հարցազրույցը-Ռուբեն-Հախվերդյանի-հետ/225479,https://www.youtube.com/embed/aUdl7-LMoA0?autoplay=1&autohide=1,Պետրոս Ղազարյանի հարցազրույցը Ռուբեն Հախվերդյանի հետ,22:10,"03 Հլս, 2024"
https://www.1tv.am/hy/video/Պետրոս-Ղազարյանի-հարցազրույցը-Ալեքսանդր-Սիրունյանի-հետ/225354,https://www.youtube.com/embed/mJRwTKPUvA4?autoplay=1&autohide=1,Պետրոս Ղազարյանի հարցազրույցը Ալեքսանդր Սիրունյանի հետ,22:10,"28 Հնս, 2024"
https://www.1tv.am/hy/video/Պետրոս-Ղազարյանի-հարցազրույցը-Արծվիկ-Մինասյանի-հետ/225330,https://www.youtube.com/embed/tj8WbqcpUR8?autoplay=1&autohide=1,Պետրոս Ղազարյանի հարցազրույցը Արծվիկ Մինասյանի հետ,22:10,"27 Հնս, 2024"
https://www.1tv.am/hy/video/Պետրոս-Ղազարյանի-հարցազրույցը-Արման-Եղոյանի-հետ/225067,https://www.youtube.com/embed/mG3eCgDjx9Q?autoplay=1&autohide=1,Պետրոս Ղազարյանի հարցազրույցը Արման Եղոյանի հետ,22:10,"26 Հնս, 2024"
https://www.1tv.am/hy/video/Պետրոս-Ղազարյանի-հարցազրույցը-Դմիտրի-Տրենինի-հետ/225045,https://www.youtube.com/embed/SpeYjelh0RA?autoplay=1&autohide=1,Պետրոս Ղազարյանի հարցազրույցը Դմիտրի Տրենինի հետ,22:10,"17 Հնս, 2024"
https://www.1tv.am/hy/video/Պետրոս-Ղազարյանի-հարցազրույցը/224956,https://www.youtube.com/embed/b4WiPcrPAsk?autoplay=1&autohide=1,Պետրոս Ղազարյանի հարցազրույցը Արա Ֆիդանյանի հետ,21:00,"14 Հնս, 2024"
https://www.1tv.am/hy/video/Պետրոս-Ղազարյանի-հարցազրույցը/224911,https://www.youtube.com/embed/tRESYuOqBR4?autoplay=1&autohide=1,Պետրոս Ղազարյանի հարցազրույցը Ռուբեն Ռուբինյանի հետ,22:10,"13 Հնս, 2024"
https://www.1tv.am/hy/video/Պետրոս-Ղազարյանի-հարցազրույցը-ՀՀ-Ազգային-ժողովի-նախագահ-Ալեն-Սիմոնյանի-հետ/224888,https://www.youtube.com/embed/J7DrnQOjazg?autoplay=1&autohide=1,Պետրոս Ղազարյանի հարցազրույցը ՀՀ Ազգային ժողովի նախագահ Ալեն Սիմոնյանի հետ,21:30,"12 Հնս, 2024"
https://www.1tv.am/hy/video/Հարցազրույց-Վահագն-Ալեքսանյանի-հետ/224871,https://www.youtube.com/embed/_ChFJvpOdm8?autoplay=1&autohide=1,Հարցազրույց Վահագն Ալեքսանյանի հետ,21:30,"11 Հնս, 2024"
https://www.1tv.am/hy/video/Հարցազրույց-Վահագն-Ալեքսանյանի-հետ/224840,https://www.youtube.com/embed/_ChFJvpOdm8?autoplay=1&autohide=1,Հարցազրույց Վահագն Ալեքսանյանի հետ,21:30,"10 Հնս, 2024"
https://www.1tv.am/hy/video/Հարցազրույց-Խոսրով-Հարությունյանի-հետ/224792,https://www.youtube.com/embed/YVFw5ZWOmpo?autoplay=1&autohide=1,Հարցազրույց Խոսրով Հարությունյանի հետ,21:20,"07 Հնս, 2024"
https://www.1tv.am/hy/video/Հարցազրույց-Արսեն-Թորոսյանի-հետ/224750,https://www.youtube.com/embed/8pQh2vwhmaY?autoplay=1&autohide=1,Հարցազրույց Արսեն Թորոսյանի հետ,21:45,"06 Հնս, 2024"
https://www.1tv.am/hy/video/Հարցազրույց-Գոռ-Ծառուկյանի-հետ/224711,https://www.youtube.com/embed/tomsORzyUpA?autoplay=1&autohide=1,Հարցազրույց Գոռ Ծառուկյանի հետ,21:45,"05 Հնս, 2024"
https://www.1tv.am/hy/video/Հարցազրույց-Աննա-Գևորգյանի-հետ/224653,https://www.youtube.com/embed/iuBafPV_Sqc?autoplay=1&autohide=1,Հարցազրույց Աննա Գևորգյանի հետ,21:30,"04 Հնս, 2024"
https://www.1tv.am/hy/video/Լուրեր-Գլխավոր-թողարկում/224654,https://www.youtube.com/embed/-1OLdIPm6XQ?autoplay=1&autohide=1,Լուրեր. Գլխավոր թողարկում,21:00,"04 Հնս, 2024"
https://www.1tv.am/hy/video/Հարցազրույց-Համբիկ-Սարաֆյանի-հետ/224634,https://www.youtube.com/embed/YIYYSrtk7yw?autoplay=1&autohide=1,Հարցազրույց Համբիկ Սարաֆյանի հետ,21:45,"03 Հնս, 2024"
https://www.1tv.am/hy/video/Պետրոս-Ղազարյանի-հարցազրույցները-աղետի-գոտուց/224524,https://www.youtube.com/embed/PjgYWo1B1wA?autoplay=1&autohide=1,Պետրոս Ղազարյանի հարցազրույցները աղետի գոտուց,21:30,"31 Մայ, 2024"
https://www.1tv.am/hy/video/Պետրոս-Ղազարյանի-հարցազրույցները-աղետի-գոտուց/224465,https://www.youtube.com/embed/RiA6AveQ2V8?autoplay=1&autohide=1,Պետրոս Ղազարյանի հարցազրույցները աղետի գոտուց,21:45,"30 Մայ, 2024"
https://www.1tv.am/hy/video/Հարցազրույց-Լևոն-Շիրինյանի-հետ/224414,https://www.youtube.com/embed/BySOXc11yJ8?autoplay=1&autohide=1,Հարցազրույց Լևոն Շիրինյանի հետ,21:45,"28 Մայ, 2024"
https://www.1tv.am/hy/video/Հարցազրույց-Արթուր-Խաչիկյանի-հետ/224421,https://www.youtube.com/embed/ezRrhOhf8tI?autoplay=1&autohide=1,Հարցազրույց Արթուր Խաչիկյանի հետ,21:35,"27 Մայ, 2024"
https://www.1tv.am/hy/video/Հարցազրույց-Տիգրան-Խզմալյանի-հետ/224344,https://www.youtube.com/embed/Q-P3wVewXQo?autoplay=1&autohide=1,Հարցազրույց Տիգրան Խզմալյանի հետ,21:45,"24 Մայ, 2024"
https://www.1tv.am/hy/video/Հարցազրույց-Տիգրան-Խաչատրյանի-հետ/224299,https://www.youtube.com/embed/33J04DjiSPg?autoplay=1&autohide=1,Հարցազրույց Տիգրան Խաչատրյանի հետ,21:45,"23 Մայ, 2024"
https://www.1tv.am/hy/video/Հարցազրույց-Սուրեն-Պետրոսյանի-հետ/224274,https://www.youtube.com/embed/AXTsrWmCfmA?autoplay=1&autohide=1,Հարցազրույց Սուրեն Պետրոսյանի հետ,21:45,"22 Մայ, 2024"
https://www.1tv.am/hy/video/Հարցազրույց-Արտակ-Փիլոյանի-հետ/224218,https://www.youtube.com/embed/JHWXB8z1O9Q?autoplay=1&autohide=1,Հարցազրույց Արտակ Փիլոյանի հետ,21:45,"21 Մայ, 2024"
https://www.1tv.am/hy/video/Հարցազրույց-Գնել-Սանոսյանի-հետ/224203,https://www.youtube.com/embed/zJYXRaV6yhI?autoplay=1&autohide=1,Հարցազրույց Գնել Սանոսյանի հետ,21:45,"20 Մայ, 2024"
https://www.1tv.am/hy/video/Հարցազրույց-Վահե-Հովհաննիսյանի-հետ/224134,https://www.youtube.com/embed/wnT6yYujL9Y?autoplay=1&autohide=1,Հարցազրույց Վահե Հովհաննիսյանի հետ,21:45,"17 Մայ, 2024"
https://www.1tv.am/hy/video/Հարցազրույց-Արմեն-Գրիգորյանի-հետ/224059,https://www.youtube.com/embed/Wj3XhKOoG1U?autoplay=1&autohide=1,Հարցազրույց Արմեն Գրիգորյանի հետ,21:45,"16 Մայ, 2024"
https://www.1tv.am/hy/video/Հարցազրույց-Ռուբեն-Բաբայանի-հետ/224020,https://www.youtube.com/embed/Cg_cJCwkDss?autoplay=1&autohide=1,Հարցազրույց Ռուբեն Բաբայանի հետ,21:45,"15 Մայ, 2024"
https://www.1tv.am/hy/video/Հարցազրույց-Արամ-Սարգսյանի-հետ/223998,https://www.youtube.com/embed/ABR_1WqlTZU?autoplay=1&autohide=1,Հարցազրույց Արամ Սարգսյանի հետ,21:55,"14 Մայ, 2024"
https://www.1tv.am/hy/video/Հարցազրույց-Անահիտ-Մանասյանի-հետ/223987,https://www.youtube.com/embed/ddHRkugTi_A?autoplay=1&autohide=1,Հարցազրույց Անահիտ Մանասյանի հետ,21:50,"13 Մայ, 2024"
https://www.1tv.am/hy/video/Հարցազրույց-Վահագն-Ալեքսանյանի-հետ/223890,https://www.youtube.com/embed/VHtRBfjRNdc?autoplay=1&autohide=1,Հարցազրույց Վահագն Ալեքսանյանի հետ,21:30,"10 Մայ, 2024"
https://www.1tv.am/hy/video/Հարցազրույց-Արեգ-Քոչինյանի-հետ/223894,https://www.youtube.com/embed/wUfX0_JIIk4?autoplay=1&autohide=1,Հարցազրույց Արեգ Քոչինյանի հետ,21:30,"10 Մայ, 2024"
https://www.1tv.am/hy/video/Հարցազրույց-Վահագն-Ալեքսանյանի-հետ/223824,https://www.youtube.com/embed/VHtRBfjRNdc?autoplay=1&autohide=1,Հարցազրույց Վահագն Ալեքսանյանի հետ,22:30,"09 Մայ, 2024"
https://www.1tv.am/hy/video/Հարցազրույց-Արեգ-Քոչինյանի-հետ/223822,https://www.youtube.com/embed/wUfX0_JIIk4?autoplay=1&autohide=1,Հարցազրույց Արեգ Քոչինյանի հետ,21:45,"09 Մայ, 2024"
https://www.1tv.am/hy/video/Հարցազրույց-Արման-Բաբաջանյանի-հետ/223832,https://www.youtube.com/embed/PTw7dc0tZSQ?autoplay=1&autohide=1,Հարցազրույց Արման Բաբաջանյանի հետ,21:45,"08 Մայ, 2024"
https://www.1tv.am/hy/video/Հարցազրույց-Հարություն-Մկրտչյանի-հետ/223779,https://www.youtube.com/embed/lzZ0vsymG3A?autoplay=1&autohide=1,Հարցազրույց Հարություն Մկրտչյանի հետ,21:45,"07 Մայ, 2024"
https://www.1tv.am/hy/video/Հարցազրույց-Արծվիկ-Մինասյանի-հետ/223760,https://www.youtube.com/embed/J48udh1ZKC8?autoplay=1&autohide=1,Հարցազրույց Արծվիկ Մինասյանի հետ,21:45,"06 Մայ, 2024"
https://www.1tv.am/hy/video/Հարցազրույց-Արամ-Սարգսյանի-հետ/223581,https://www.youtube.com/embed/dUJbecsnzoY?autoplay=1&autohide=1,Հարցազրույց Արամ Սարգսյանի հետ,21:35,"03 Մայ, 2024"
https://www.1tv.am/hy/video/Հարցազրույց-Աննա-Վարդապետյանի-հետ/223540,https://www.youtube.com/embed/BwWkIfsGsXc?autoplay=1&autohide=1,Հարցազրույց Աննա Վարդապետյանի հետ,21:45,"02 Մայ, 2024"
https://www.1tv.am/hy/video/Հարցազրույց-Նիկոլ-Փաշինյանի-հետ/223491,https://www.youtube.com/embed/VSndRdSAf-Q?autoplay=1&autohide=1,Հարցազրույց Նիկոլ Փաշինյանի հետ,21:45,"01 Մայ, 2024"
https://www.1tv.am/hy/video/Հարցազրույց-Ռուբեն-Ռուբինյանի-հետ/223502,https://www.youtube.com/embed/cKzlY63XC2s?autoplay=1&autohide=1,Հարցազրույց Ռուբեն Ռուբինյանի հետ,21:45,"30 Ապր, 2024"
https://www.1tv.am/hy/video/Հարցազրույց-Արման-Եղոյանի-հետ/223457,https://www.youtube.com/embed/zNaOOchKiQc?autoplay=1&autohide=1,Հարցազրույց Արման Եղոյանի հետ,21:55,"29 Ապր, 2024"
https://www.1tv.am/hy/video/Հարցազրույց-Սուրեն-Սուրենյանցի-հետ/223364,https://www.youtube.com/embed/CzwKQlSgnrc?autoplay=1&autohide=1,Հարցազրույց Սուրեն Սուրենյանցի հետ,21:50,"25 Ապր, 2024"
https://www.1tv.am/hy/video/Հարցազրույց-Անդրանիկ-Քոչարյանի-հետ/223303,https://www.youtube.com/embed/LbiqCbP9wR8?autoplay=1&autohide=1,Հարցազրույց Անդրանիկ Քոչարյանի հետ,21:30,"24 Ապր, 2024"
https://www.1tv.am/hy/video/Հարցազրույց-Թաթուլ-Հակոբյանի-հետ/223289,https://www.youtube.com/embed/g5fL1qfk0Rg?autoplay=1&autohide=1,Հարցազրույց Թաթուլ Հակոբյանի հետ,21:15,"23 Ապր, 2024"
https://www.1tv.am/hy/video/Հարցազրույց-Արայիկ-Հարությունյանի-հետ/223176,https://www.youtube.com/embed/pO0eEFZYLNg?autoplay=1&autohide=1,Հարցազրույց Արայիկ Հարությունյանի հետ,21:30,"19 Ապր, 2024"
https://www.1tv.am/hy/video/Հարցազրույց-Հրաչյա-Արզումանյանի-հետ/223124,https://www.youtube.com/embed/4scZc98sheA?autoplay=1&autohide=1,Հարցազրույց Հրաչյա Արզումանյանի հետ,21:45,"18 Ապր, 2024"
https://www.1tv.am/hy/video/Հարցազրույց-Բաբկեն-Թունյանի-հետ/223087,https://www.youtube.com/embed/YOWlvu2TvLU?autoplay=1&autohide=1,Հարցազրույց Բաբկեն Թունյանի հետ,21:30,"17 Ապր, 2024"
https://www.1tv.am/hy/video/Հարցազրույց-Մխիթար-Հայրապետյանի-հետ/223067,https://www.youtube.com/embed/zoEZ5s9hjZ4?autoplay=1&autohide=1,Հարցազրույց Մխիթար Հայրապետյանի հետ,21:30,"16 Ապր, 2024"
https://www.1tv.am/hy/video/Հարցազրույց-Ռուբեն-Սաֆրաստյանի-հետ/223029,https://www.youtube.com/embed/DcEvYFdFs4g?autoplay=1&autohide=1,Հարցազրույց Ռուբեն Սաֆրաստյանի հետ,20:45,"15 Ապր, 2024"
https://www.1tv.am/hy/video/Հարցազրույց-Զարուհի-Բաթոյանի-հետ/222967,https://www.youtube.com/embed/m-oRsklF2Yg?autoplay=1&autohide=1,Հարցազրույց Զարուհի Բաթոյանի հետ,21:45,"12 Ապր, 2024"
https://www.1tv.am/hy/video/Հարցազրույց-Արա-Գոչունյանի-հետ/222915,https://www.youtube.com/embed/Yhdzn3Vc0Lk?autoplay=1&autohide=1,Հարցազրույց Արա Գոչունյանի հետ,21:45,"11 Ապր, 2024"
https://www.1tv.am/hy/video/Հարցազրույց-Տարոն-Չախոյանի-հետ/222871,https://www.youtube.com/embed/mJJ6irUeLXk?autoplay=1&autohide=1,Հարցազրույց Տարոն Չախոյանի հետ,21:45,"10 Ապր, 2024"
https://www.1tv.am/hy/video/Հարցազրույց-Վարդան-Մկրտչյանի-հետ/222816,https://www.youtube.com/embed/v3Cyeua8sYM?autoplay=1&autohide=1,Հարցազրույց Վարդան Մկրտչյանի հետ,21:40,"09 Ապր, 2024"
https://www.1tv.am/hy/video/Հարցազրույց-Արարատ-Միրզոյանի-հետ/222694,https://www.youtube.com/embed/B2anFCRgyOk?autoplay=1&autohide=1,Հարցազրույց Արարատ Միրզոյանի հետ,21:35,"05 Ապր, 2024"
https://www.1tv.am/hy/video/Հարցազրույց-Արմեն-Գրիգորյանի-հետ/222651,https://www.youtube.com/embed/3gRiNNNrmLA?autoplay=1&autohide=1,Հարցազրույց Արմեն Գրիգորյանի հետ,21:55,"04 Ապր, 2024"
https://www.1tv.am/hy/video/Հարցազրույց-Վլադիմիր-Վարդանյանի-հետ/222588,https://www.youtube.com/embed/4LdTueHwxV8?autoplay=1&autohide=1,Հարցազրույց Վլադիմիր Վարդանյանի հետ,21:30,"02 Ապր, 2024"
https://www.1tv.am/hy/video/Հարցազրույց-Գեղամ-Մանուկյանի-հետ/222557,https://www.youtube.com/embed/z6Zi8ZGkiH4?autoplay=1&autohide=1,Հարցազրույց Գեղամ Մանուկյանի հետ,21:40,"01 Ապր, 2024"
https://www.1tv.am/hy/video/Հարցազրույց-Ազատ-Արշակյանի-հետ/222435,https://www.youtube.com/embed/rUGYF9BmfkE?autoplay=1&autohide=1,Հարցազրույց Ազատ Արշակյանի հետ,21:30,"30 Մար, 2024"
https://www.1tv.am/hy/video/Հարցազրույց-Ալեն-Սիմոնյանի-հետ/222397,https://www.youtube.com/embed/Uf66PtHwM7Y?autoplay=1&autohide=1,Հարցազրույց Ալեն Սիմոնյանի հետ,22:00,"28 Մար, 2024"
https://www.1tv.am/hy/video/Հարցազրույց-Անդրանիկ-Քոչարյանի-հետ/222362,https://www.youtube.com/embed/YH1TULmGVH8?autoplay=1&autohide=1,Հարցազրույց Անդրանիկ Քոչարյանի հետ,21:45,"27 Մար, 2024"
https://www.1tv.am/hy/video/Հարցազրույց-Գուրգեն-Սիմոնյանի-հետ/222306,https://www.youtube.com/embed/_6waVTkb3Y0?autoplay=1&autohide=1,Հարցազրույց Գուրգեն Սիմոնյանի հետ,21:45,"26 Մար, 2024"
https://www.1tv.am/hy/video/Հարցազրույց-Վահագն-Ալեքսանյանի-հետ/222284,https://www.youtube.com/embed/knYMgdQonuo?autoplay=1&autohide=1,Հարցազրույց Վահագն Ալեքսանյանի հետ,21:45,"25 Մար, 2024"
https://www.1tv.am/hy/video/Հարցազրույց-Արեգ-Քոչինյանի-հետ/222072,https://www.youtube.com/embed/j5kKjGLMT7E?autoplay=1&autohide=1,Հարցազրույց Արեգ Քոչինյանի հետ,21:45,"18 Մար, 2024"
https://www.1tv.am/hy/video/Հարցազրույց-Արփինե-Սարգսյանի-հետ/221685,https://www.youtube.com/embed/USlxnOrSSgA?autoplay=1&autohide=1,Հարցազրույց Արփինե Սարգսյանի հետ,21:45,"06 Մար, 2024"
https://www.1tv.am/hy/video/Հարցազրույց-Ստեֆան-Շուտցի-և-Թոբիաս-Քայելի-հետ/221666,https://www.youtube.com/embed/JQ1ZjsXTvdY?autoplay=1&autohide=1,Հարցազրույց Ստեֆան Շուտցի և Թոբիաս Քայելի հետ,21:30,"05 Մար, 2024"
https://www.1tv.am/hy/video/Հարցազրույց-Հայկ-Կոնջորյանի-հետ/221649,https://www.youtube.com/embed/skJkro5bJzY?autoplay=1&autohide=1,Հարցազրույց Հայկ Կոնջորյանի հետ,21:30,"04 Մար, 2024"
https://www.1tv.am/hy/video/Հարցազրույց-Վասիլիս-Մարագոսի-հետ/221595,https://www.youtube.com/embed/qMmTobosmcM?autoplay=1&autohide=1,Հարցազրույց Վասիլիս Մարագոսի հետ,21:30,"02 Մար, 2024"
https://www.1tv.am/hy/video/Հարցազրույց-Արմեն-Գրիգորյանի-հետ/221594,https://www.youtube.com/embed/ZkdH5aF3DAk?autoplay=1&autohide=1,Հարցազրույց Արմեն Գրիգորյանի հետ,21:45,"01 Մար, 2024"
https://www.1tv.am/hy/video/Հարցազրույց-Վասիլիս-Մարագոսի-հետ/221566,https://www.youtube.com/embed/qMmTobosmcM?autoplay=1&autohide=1,Հարցազրույց Վասիլիս Մարագոսի հետ,21:35,"29 Փտր, 2024"
https://www.1tv.am/hy/video/Հարցազրույց-Անահիտ-Մանասյանի-հետ/221540,https://www.youtube.com/embed/7XrO8ccWArs?autoplay=1&autohide=1,Հարցազրույց Անահիտ Մանասյանի հետ,21:30,"28 Փտր, 2024"
https://www.1tv.am/hy/video/Հարցազրույց-Տիգրան-Խաչատրյանի-հետ/221529,https://www.youtube.com/embed/xVjZdguzkys?autoplay=1&autohide=1,Հարցազրույց Տիգրան Խաչատրյանի հետ,21:30,"27 Փտր, 2024"
https://www.1tv.am/hy/video/Հարցազրույց-Արսեն-Թորոսյանի-հետ/221502,https://www.youtube.com/embed/zflfomFFofg?autoplay=1&autohide=1,Հարցազրույց Արսեն Թորոսյանի հետ,21:45,"26 Փտր, 2024"
https://www.1tv.am/hy/video/Հարցազրույց-Դմիտրի-Սուսլովի-հետ/221449,https://www.youtube.com/embed/IdoYd42QTRE?autoplay=1&autohide=1,Հարցազրույց Դմիտրի Սուսլովի հետ,21:35,"23 Փտր, 2024"
https://www.1tv.am/hy/video/Հարցազրույց-Վախթանգ-Աբրահամյանի-հետ/221418,https://www.youtube.com/embed/ha_NJLG8If8?autoplay=1&autohide=1,Հարցազրույց Վախթանգ Աբրահամյանի հետ,21:30,"22 Փտր, 2024"
https://www.1tv.am/hy/video/Հարցազրույց-Հակոբ-Արշակյանի-հետ/221387,https://www.youtube.com/embed/oVOy3eDlPhY?autoplay=1&autohide=1,Հարցազրույց Հակոբ Արշակյանի հետ,21:35,"20 Փտր, 2024"
https://www.1tv.am/hy/video/Հարցազրույց-Հայկ-Խալաթյանի-հետ/221366,https://www.youtube.com/embed/afuEHCoJA2E?autoplay=1&autohide=1,Հարցազրույց Հայկ Խալաթյանի հետ,21:30,"19 Փտր, 2024"
https://www.1tv.am/hy/video/Հարցազրույց-Անդրանիկ-Քոչարյանի-հետ/221304,https://www.youtube.com/embed/hHUesUcWV0k?autoplay=1&autohide=1,Հարցազրույց Անդրանիկ Քոչարյանի հետ,20:00,"16 Փտր, 2024"
https://www.1tv.am/hy/video/Հարցազրույց-Հակոբ-Մովսեսի-հետ/221283,https://www.youtube.com/embed/zRUD0321XcY?autoplay=1&autohide=1,Հարցազրույց Հակոբ Մովսեսի հետ,21:30,"15 Փտր, 2024"
https://www.1tv.am/hy/video/Հարցազրույց-Միքայել-Զոլյանի-հետ/221261,https://www.youtube.com/embed/maAEfEWP-SA?autoplay=1&autohide=1,Հարցազրույց Միքայել Զոլյանի հետ,21:30,"14 Փտր, 2024"
https://www.1tv.am/hy/video/Հարցազրույց-Եղիշե-Կիրակոսյանի-հետ/221174,https://www.youtube.com/embed/xwTX22wR-_k?autoplay=1&autohide=1,Հարցազրույց Եղիշե Կիրակոսյանի հետ,21:30,"13 Փտր, 2024"
https://www.1tv.am/hy/video/Հարցազրույց-Վահե-Հովհաննիսյանի-հետ/221065,https://www.youtube.com/embed/18G5YE9X97E?autoplay=1&autohide=1,Հարցազրույց Վահե Հովհաննիսյանի հետ,21:30,"09 Փտր, 2024"
https://www.1tv.am/hy/video/Հարցազրույց-Արմեն-Մուրադյանի-հետ/221043,https://www.youtube.com/embed/A0KZPUWXN6E?autoplay=1&autohide=1,Հարցազրույց Արմեն Մուրադյանի հետ,21:15,"08 Փտր, 2024"
https://www.1tv.am/hy/video/Հարցազրույց-Մանուկ-Սուքիասյանի-հետ/221013,https://www.youtube.com/embed/DnkfW5rPmso?autoplay=1&autohide=1,Հարցազրույց Մանուկ Սուքիասյանի հետ,21:30,"07 Փտր, 2024"
https://www.1tv.am/hy/video/Հարցազրույց-Սուրեն-Գրիգորյանի-հետ/221003,https://www.youtube.com/embed/_3ywX35xoSA?autoplay=1&autohide=1,Հարցազրույց Սուրեն Գրիգորյանի հետ,21:30,"06 Փտր, 2024"
https://www.1tv.am/hy/video/Հարցազրույց-Դավիթ-Յանի-հետ/220978,https://www.youtube.com/embed/ObpKg0Je0oA?autoplay=1&autohide=1,Հարցազրույց Դավիթ Յանի հետ,21:30,"05 Փտր, 2024"
https://www.1tv.am/hy/video/Հարցազրույց-Սուրեն-Պապիկյանի-հետ/220922,https://www.youtube.com/embed/Mmw85-iNCoA?autoplay=1&autohide=1,Հարցազրույց Սուրեն Պապիկյանի հետ,21:30,"02 Փտր, 2024"
https://www.1tv.am/hy/video/Հարցազրույց-Վահան-Քերոբյանի-հետ/220867,https://www.youtube.com/embed/NcCIN8m6fvg?autoplay=1&autohide=1,Հարցազրույց Վահան Քերոբյանի հետ,21:25,"01 Փտր, 2024"
https://www.1tv.am/hy/video/Հարցազրույց-Վարուժան-Հոկտանյանի-հետ/220838,https://www.youtube.com/embed/TuxxTyBtUWs?autoplay=1&autohide=1,Հարցազրույց Վարուժան Հոկտանյանի հետ,21:45,"31 Հնվ, 2024"
https://www.1tv.am/hy/video/Հարցազրույց-Ռուբեն-Ռուբինյանի-հետ/220831,https://www.youtube.com/embed/a57sd54vr0A?autoplay=1&autohide=1,Հարցազրույց Ռուբեն Ռուբինյանի հետ,21:45,"30 Հնվ, 2024"
https://www.1tv.am/hy/video/Հարցազրույց-Վահան-Կոստանյանի-հետ/220802,https://www.youtube.com/embed/JxfANOY5LoA?autoplay=1&autohide=1,Հարցազրույց Վահան Կոստանյանի հետ,21:45,"29 Հնվ, 2024"
https://www.1tv.am/hy/video/Հարցազրույց-Հրաչյա-Արզումանյանի-հետ/220750,https://www.youtube.com/embed/9jlqL7YE0UM?autoplay=1&autohide=1,Հարցազրույց Հրաչյա Արզումանյանի հետ,21:45,"26 Հնվ, 2024"
https://www.1tv.am/hy/video/Հարցազրույց-Հայկ-Կոնջորյանի-հետ/220719,https://www.youtube.com/embed/BqPziQlqhPU?autoplay=1&autohide=1,Հարցազրույց Հայկ Կոնջորյանի հետ,21:45,"25 Հնվ, 2024"
https://www.1tv.am/hy/video/Հարցազրույց-Մարիա-Կարապետյանի-հետ/220701,https://www.youtube.com/embed/bsMmhBZigBo?autoplay=1&autohide=1,Հարցազրույց Մարիա Կարապետյանի հետ,21:45,"24 Հնվ, 2024"
https://www.1tv.am/hy/video/Հարցազրույց-Արեգ-Քոչինյանի-հետ/220670,https://www.youtube.com/embed/Wxt-S9oFsBQ?autoplay=1&autohide=1,Հարցազրույց Արեգ Քոչինյանի հետ,21:45,"23 Հնվ, 2024"
https://www.1tv.am/hy/video/Հարցազրույց-Դանիել-Իոաննիսյանի-հետ/220597,https://www.youtube.com/embed/tA8bPijI4J4?autoplay=1&autohide=1,Հարցազրույց Դանիել Իոաննիսյանի հետ,21:30,"22 Հնվ, 2024"
https://www.1tv.am/hy/video/Հարցազրույց-Լեոնիդ-Ներսիսյանի-հետ/220536,https://www.youtube.com/embed/I8VqgxeF-hw?autoplay=1&autohide=1,Հարցազրույց Լեոնիդ Ներսիսյանի հետ,21:45,"19 Հնվ, 2024"
https://www.1tv.am/hy/video/Հարցազրույց-Վարդան-Վարդանյանի-հետ/220474,https://www.youtube.com/embed/EJ7UX4QWHDs?autoplay=1&autohide=1,Հարցազրույց Վարդան Վարդանյանի հետ,21:30,"18 Հնվ, 2024"
https://www.1tv.am/hy/video/Հարցազրույց-Ռուբեն-Բաբայանի-հետ/220421,https://www.youtube.com/embed/zvo1FNR5_AA?autoplay=1&autohide=1,Հարցազրույց Ռուբեն Բաբայանի հետ,21:45,"16 Հնվ, 2024"
https://www.1tv.am/hy/video/Հարցազրույց-Արեն-Սարգսյանի-հետ/220381,https://www.youtube.com/embed/s4I0qcOBUS8?autoplay=1&autohide=1,Հարցազրույց Արեն Սարգսյանի հետ,21:30,"15 Հնվ, 2024"
https://www.1tv.am/hy/video/Հարցազրույց-Կարեն-Անդրեասյանի-հետ/220301,https://www.youtube.com/embed/I_VU1jyBasg?autoplay=1&autohide=1,Հարցազրույց Կարեն Անդրեասյանի հետ,21:30,"12 Հնվ, 2024"
https://www.1tv.am/hy/video/Հարցազրույց-Անդրանիկ-Քոչարյանի-հետ/220287,https://www.youtube.com/embed/98varhYvxlw?autoplay=1&autohide=1,Հարցազրույց Անդրանիկ Քոչարյանի հետ,21:55,"11 Հնվ, 2024"
https://www.1tv.am/hy/video/Հարցազրույց-Յակոբ-Ճռնազեանի-հետ/220251,https://www.youtube.com/embed/YiOMg56o6Ig?autoplay=1&autohide=1,Հարցազրույց Յակոբ Ճռնազեանի հետ,21:50,"10 Հնվ, 2024"
https://www.1tv.am/hy/video/Հարցազրույց-Արթուր-Խաչատրյանի-հետ/220230,https://www.youtube.com/embed/ORZvPF0qBjQ?autoplay=1&autohide=1,Հարցազրույց Արթուր Խաչատրյանի հետ,22:05,"09 Հնվ, 2024"
https://www.1tv.am/hy/video/Հարցազրույց-Արմեն-Գրիգորյանի-հետ/220209,https://www.youtube.com/embed/uhhBEBOVhZo?autoplay=1&autohide=1,Հարցազրույց Արմեն Գրիգորյանի հետ,21:30,"08 Հնվ, 2024"
https://www.1tv.am/hy/video/Հարցազրույց-Տիգրան-Ավինյանի-հետ/220045,https://www.youtube.com/embed/Lzq16UlC-PQ?autoplay=1&autohide=1,Հարցազրույց Տիգրան Ավինյանի հետ,21:30,"31 Դեկ, 2023"
https://www.1tv.am/hy/video/Հարցազրույց-Սերգեյ-Կոպիրկինի-հետ/219978,https://www.youtube.com/embed/50w6GE7-oes?autoplay=1&autohide=1,Հարցազրույց Սերգեյ Կոպիրկինի հետ,21:30,"28 Դեկ, 2023"
https://www.1tv.am/hy/video/Հարցազրույց-Մարտին-Գալստյանի-հետ/219918,https://www.youtube.com/embed/AEeUTBCmcrI?autoplay=1&autohide=1,Հարցազրույց Մարտին Գալստյանի հետ,21:30,"27 Դեկ, 2023"
https://www.1tv.am/hy/video/Հարցազրույց-Ռուստամ-Բադասյանի-հետ/219881,https://www.youtube.com/embed/ZdM0nemBEiY?autoplay=1&autohide=1,Հարցազրույց Ռուստամ Բադասյանի հետ,21:25,"26 Դեկ, 2023"
https://www.1tv.am/hy/video/Հարցազրույց-Արման-Նշանյանի-հետ/219801,https://www.youtube.com/embed/DIgP08P8cY0?autoplay=1&autohide=1,Հարցազրույց Արման Նշանյանի հետ,21:45,"25 Դեկ, 2023"
https://www.1tv.am/hy/video/Հարցազրույց-Արմեն-Մելիքբեկյանի-հետ/219711,https://www.youtube.com/embed/RBnXfCLqrOQ?autoplay=1&autohide=1,Հարցազրույց Արմեն Մելիքբեկյանի հետ,22:15,"22 Դեկ, 2023"
https://www.1tv.am/hy/video/Հարցազրույց-Արմեն-Մելիքբեկյանի-հետ/219703,https://www.youtube.com/embed/RBnXfCLqrOQ?autoplay=1&autohide=1,Հարցազրույց Արմեն Մելիքբեկյանի հետ,22:00,"22 Դեկ, 2023"
https://www.1tv.am/hy/video/Հարցազրույց-Սեյրան-Օհանյանի-հետ/219662,https://www.youtube.com/embed/qsReZgrtsOQ?autoplay=1&autohide=1,Հարցազրույց Սեյրան Օհանյանի հետ,21:45,"21 Դեկ, 2023"
https://www.1tv.am/hy/video/Հարցազրույց-Աննա-Վարդապետյանի-հետ/219588,https://www.youtube.com/embed/uEfEVbN1KdM?autoplay=1&autohide=1,Հարցազրույց Աննա Վարդապետյանի հետ,21:30,"20 Դեկ, 2023"
https://www.1tv.am/hy/video/Հարցազրույց-Նիկոլ-Փաշինյանի-հետ/219539,https://www.youtube.com/embed/7pfh0imwyLA?autoplay=1&autohide=1,Հարցազրույց Նիկոլ Փաշինյանի հետ,21:30,"19 Դեկ, 2023"
https://www.1tv.am/hy/video/Հարցազրույց-Վահան-Քերոբյանի-հետ/219457,https://www.youtube.com/embed/jQvcuT2W8MM?autoplay=1&autohide=1,Հարցազրույց Վահան Քերոբյանի հետ,21:30,"18 Դեկ, 2023"
https://www.1tv.am/hy/video/Հարցազրույց-Արամ-Սարգսյանի-հետ/219364,https://www.youtube.com/embed/4nYUPGzzjM0?autoplay=1&autohide=1,Հարցազրույց Արամ Սարգսյանի հետ,21:50,"15 Դեկ, 2023"
https://www.1tv.am/hy/video/Հարցազրույց-Արման-Բաբաջանյանի-հետ/219303,https://www.youtube.com/embed/rdF62b_I0So?autoplay=1&autohide=1,Հարցազրույց Արման Բաբաջանյանի հետ,21:30,"14 Դեկ, 2023"
https://www.1tv.am/hy/video/Հարցազրույց-էդմոն-Մարուքյանի-հետ/219275,https://www.youtube.com/embed/aWEaWTGOOT8?autoplay=1&autohide=1,Հարցազրույց էդմոն Մարուքյանի հետ,21:30,"13 Դեկ, 2023"
https://www.1tv.am/hy/video/Հարցազրույց-Հայկ-Սարգսյանի-հետ/219207,https://www.youtube.com/embed/mMWd5IloN7I?autoplay=1&autohide=1,Հարցազրույց Հայկ Սարգսյանի հետ,21:30,"12 Դեկ, 2023"
https://www.1tv.am/hy/video/Հարցազրույց-Վահագն-Ալեքսանյանի-հետ/219164,https://www.youtube.com/embed/FsZSUgQG9Wg?autoplay=1&autohide=1,Հարցազրույց Վահագն Ալեքսանյանի հետ,21:30,"11 Դեկ, 2023"
https://www.1tv.am/hy/video/Հարցազրույց-Արմեն-Գրիգորյանի-հետ/219068,https://www.youtube.com/embed/NC6cFo4P65U?autoplay=1&autohide=1,Հարցազրույց Արմեն Գրիգորյանի հետ,21:45,"09 Դեկ, 2023"
https://www.1tv.am/hy/video/Հարցազրույց-Սարգիս-Խանդանյանի-հետ/219078,https://www.youtube.com/embed/9UcAW12JG50?autoplay=1&autohide=1,Հարցազրույց Սարգիս Խանդանյանի հետ,21:45,"08 Դեկ, 2023"
https://www.1tv.am/hy/video/Հարցազրույց-Մկրտիչ-Արզումանյանի-հետ/219023,https://www.youtube.com/embed/2Y3rnGQ-D1s?autoplay=1&autohide=1,Հարցազրույց Մկրտիչ Արզումանյանի հետ,21:30,"07 Դեկ, 2023"
https://www.1tv.am/hy/video/Հարցազրույց-Էմրե-Դիների-հետ/218944,https://www.youtube.com/embed/QQcFBDZRfOM?autoplay=1&autohide=1,Հարցազրույց Էմրե Դիների հետ,21:30,"06 Դեկ, 2023"
https://www.1tv.am/hy/video/Հարցազրույց-Դավիթ-Բաղդասարյանի-հետ/218911,https://www.youtube.com/embed/IxPLe8BE4H8?autoplay=1&autohide=1,Հարցազրույց Դավիթ Բաղդասարյանի հետ,21:30,"05 Դեկ, 2023"
https://www.1tv.am/hy/video/Հարցազրույց-Սեզար-Իդալգոյի-հետ/218856,https://www.youtube.com/embed/bN-dauH2I9Y?autoplay=1&autohide=1,Հարցազրույց Սեզար Իդալգոյի հետ,21:30,"04 Դեկ, 2023"
https://www.1tv.am/hy/video/Հարցազրույց-Սուրեն-Գրիգորյանի-հետ/218752,https://www.youtube.com/embed/rqYJiDnVll4?autoplay=1&autohide=1,Հարցազրույց Սուրեն Գրիգորյանի հետ,21:30,"01 Դեկ, 2023"
https://www.1tv.am/hy/video/Հարցազրույց-Գրիգոր-Մինասյանի-հետ/218724,https://www.youtube.com/embed/pKQlTU6mGjQ?autoplay=1&autohide=1,Հարցազրույց Գրիգոր Մինասյանի հետ,21:15,"30 Նմբ, 2023"
https://www.1tv.am/hy/video/Հարցազրույց-Գրիգոր-Մինասյանի-հետ/218641,https://www.youtube.com/embed/pKQlTU6mGjQ?autoplay=1&autohide=1,Հարցազրույց Գրիգոր Մինասյանի հետ,21:30,"29 Նմբ, 2023"
https://www.1tv.am/hy/video/Հարցազրույց-Գևորգ-Պապոյանի-հետ/218592,https://www.youtube.com/embed/icgXA-q6eVc?autoplay=1&autohide=1,Հարցազրույց Գևորգ Պապոյանի հետ,21:30,"28 Նմբ, 2023"
https://www.1tv.am/hy/video/Հարցազրույց-Անահիտ-Ավանեսյանի-հետ/218563,https://www.youtube.com/embed/2krxOPVLTwg?autoplay=1&autohide=1,Հարցազրույց Անահիտ Ավանեսյանի հետ,21:30,"27 Նմբ, 2023"
https://www.1tv.am/hy/video/Հարցազրույց-Մարիամ-Ավագյանի-հետ/218468,https://www.youtube.com/embed/csk1ldoqD_g?autoplay=1&autohide=1,Հարցազրույց Մարիամ Ավագյանի հետ,21:50,"25 Նմբ, 2023"
https://www.1tv.am/hy/video/Հարցազրույց-Հայկակ-Արշամյանի-հետ/218457,https://www.youtube.com/embed/Zu9sHlHs8yk?autoplay=1&autohide=1,Հարցազրույց Հայկակ Արշամյանի հետ,21:45,"23 Նմբ, 2023"
https://www.1tv.am/hy/video/Հարցազրույց-Մխիթար-Հայրապետյանի-հետ/218360,https://www.youtube.com/embed/jFbN0jx2_Dg?autoplay=1&autohide=1,Հարցազրույց Մխիթար Հայրապետյանի հետ,21:45,"22 Նմբ, 2023"
https://www.1tv.am/hy/video/Հարցազրույց-Լեո-Հուսակոսի-հետ/218309,https://www.youtube.com/embed/38v0lwnHpHw?autoplay=1&autohide=1,Հարցազրույց Լեո Հուսակոսի հետ,21:35,"21 Նմբ, 2023"
https://www.1tv.am/hy/video/Հարցազրույց-Գեղամ-Գևորգյանի-հետ/218275,https://www.youtube.com/embed/Bj3kujos6M0?autoplay=1&autohide=1,Հարցազրույց Գեղամ Գևորգյանի հետ,21:30,"20 Նմբ, 2023"
https://www.1tv.am/hy/video/Հարցազրույց-Էդմոն-Մարուքյանի-հետ/218189,https://www.youtube.com/embed/Q2HeFhKn_eY?autoplay=1&autohide=1,Հարցազրույց Էդմոն Մարուքյանի հետ,21:30,"17 Նմբ, 2023"
https://www.1tv.am/hy/video/Հարցազրույց-Հայկ-Սարգսյանի-հետ/218137,https://www.youtube.com/embed/B90ilwcT-9Y?autoplay=1&autohide=1,Հարցազրույց Հայկ Սարգսյանի հետ,21:30,"16 Նմբ, 2023"
https://www.1tv.am/hy/video/Հարցազրույց-Վիլեն-Գաբրիելյանի-հետ/218057,https://www.youtube.com/embed/TGIAS0dXa3I?autoplay=1&autohide=1,Հարցազրույց Վիլեն Գաբրիելյանի հետ,22:00,"15 Նմբ, 2023"
https://www.1tv.am/hy/video/Հարցազրույց-Արմեն-Գրիգորյանի-հետ/218040,https://www.youtube.com/embed/g8M1mBgb2Ng?autoplay=1&autohide=1,Հարցազրույց Արմեն Գրիգորյանի հետ,21:30,"14 Նմբ, 2023"
https://www.1tv.am/hy/video/Հարցազրույց-Սարգիս-Խանդանյանի-հետ/217990,https://www.youtube.com/embed/ffT4agEAaNM?autoplay=1&autohide=1,Հարցազրույց Սարգիս Խանդանյանի հետ,21:50,"13 Նմբ, 2023"
https://www.1tv.am/hy/video/Հարցազրույց-Խոսրով-Հարությունյանի-հետ/217955,https://www.youtube.com/embed/744pWiOtt1U?autoplay=1&autohide=1,Հարցազրույց Խոսրով Հարությունյանի հետ,21:30,"10 Նմբ, 2023"
https://www.1tv.am/hy/video/Հարցազրույց-Ծովինար-Վարդանյանի-հետ/217852,https://www.youtube.com/embed/iosXlyLIPGE?autoplay=1&autohide=1,Հարցազրույց Ծովինար Վարդանյանի հետ,21:30,"09 Նմբ, 2023"
https://www.1tv.am/hy/video/Հարցազրույց-Յակոբ-Ճռնազեանի-հետ/217799,https://www.youtube.com/embed/Z-aMdYjmVC8?autoplay=1&autohide=1,Հարցազրույց Յակոբ Ճռնազեանի հետ,22:00,"08 Նմբ, 2023"
https://www.1tv.am/hy/video/Հարցազրույց-Անդրանիկ-Քոչարյանի-հետ/217743,https://www.youtube.com/embed/mIBcvpip_RU?autoplay=1&autohide=1,Հարցազրույց Անդրանիկ Քոչարյանի հետ,21:45,"07 Նմբ, 2023"
https://www.1tv.am/hy/video/Հարցազրույց-Գեղամ-Նազարյանի-հետ/217724,https://www.youtube.com/embed/j_YeMAWqUrk?autoplay=1&autohide=1,Հարցազրույց Գեղամ Նազարյանի հետ,22:30,"06 Նմբ, 2023"
https://www.1tv.am/hy/video/Հարցազրույց-Բաբկեն-Թունյանի-հետ/217659,https://www.youtube.com/embed/IJpxOiWRq30?autoplay=1&autohide=1,Հարցազրույց Բաբկեն Թունյանի հետ,21:30,"03 Նմբ, 2023"
https://www.1tv.am/hy/video/Հարցազրույց-Գնել-Սանոսյանի-հետ/217574,https://www.youtube.com/embed/PQoTzVhXdoQ?autoplay=1&autohide=1,Հարցազրույց Գնել Սանոսյանի հետ,21:30,"01 Նմբ, 2023"
https://www.1tv.am/hy/video/Հարցազրույց-Արամ-Սարգսյանի-հետ/217442,https://www.youtube.com/embed/r8hIS2jSfnk?autoplay=1&autohide=1,Հարցազրույց Արամ Սարգսյանի հետ,21:30,"27 Հոկ, 2023"
https://www.1tv.am/hy/video/Հարցազրույց-Արուսյակ-Ջուլհակյանի-հետ/217362,https://www.youtube.com/embed/Z5ClJw5L9Zk?autoplay=1&autohide=1,Հարցազրույց Արուսյակ Ջուլհակյանի հետ,21:30,"26 Հոկ, 2023"
https://www.1tv.am/hy/video/Հարցազրույց-Արծվիկ-Մինասյանի-հետ/217175,https://www.youtube.com/embed/xYMEpYij5NA?autoplay=1&autohide=1,Հարցազրույց Արծվիկ Մինասյանի հետ,21:30,"20 Հոկ, 2023"
https://www.1tv.am/hy/video/Հարցազրույց-Գեորգի-Դերլուգյանի-հետ/217191,https://www.youtube.com/embed/zlnIACkGoZ8?autoplay=1&autohide=1,Հարցազրույց Գեորգի Դերլուգյանի հետ,21:30,"20 Հոկ, 2023"
https://www.1tv.am/hy/video/Հարցազրույց-Սմբատ-Հովհաննիսյանի-հետ/217123,https://www.youtube.com/embed/nV4Az4j2FiE?autoplay=1&autohide=1,Հարցազրույց Սմբատ Հովհաննիսյանի հետ,20:45,"19 Հոկ, 2023"
https://www.1tv.am/hy/video/Հարցազրույց-Էդմոն-Մարուքյանի-հետ/217050,https://www.youtube.com/embed/D9Au17PkRTU?autoplay=1&autohide=1,Հարցազրույց Էդմոն Մարուքյանի հետ,21:45,"17 Հոկ, 2023"
https://www.1tv.am/hy/video/Հարցազրույց-Տիգրան-Ավինյանի-հետ/217016,https://www.youtube.com/embed/KAYCYM_l_BI?autoplay=1&autohide=1,Հարցազրույց Տիգրան Ավինյանի հետ,21:45,"16 Հոկ, 2023"
https://www.1tv.am/hy/video/Հարցազրույց-Արտյոմ-Չերնամորյանի-հետ/216947,https://www.youtube.com/embed/KbmC4J2kmgY?autoplay=1&autohide=1,Հարցազրույց Արտյոմ Չերնամորյանի հետ,21:30,"14 Հոկ, 2023"
https://www.1tv.am/hy/video/Հարցազրույց-Արման-Բաբաջանյանի-հետ/216940,https://www.youtube.com/embed/Ewc3TishBQc?autoplay=1&autohide=1,Հարցազրույց Արման Բաբաջանյանի հետ,22:00,"13 Հոկ, 2023"
https://www.1tv.am/hy/video/Հարցազրույց-Արտյոմ-Չերնամորյանի-հետ/216831,https://www.youtube.com/embed/KbmC4J2kmgY?autoplay=1&autohide=1,Հարցազրույց Արտյոմ Չերնամորյանի հետ,22:00,"12 Հոկ, 2023"
https://www.1tv.am/hy/video/Հարցազրույց-Հայկ-Խանումյանի-հետ/216792,https://www.youtube.com/embed/Qbidt0h61nE?autoplay=1&autohide=1,Հարցազրույց Հայկ Խանումյանի հետ,22:00,"11 Հոկ, 2023"
https://www.1tv.am/hy/video/Հարցազրույց-Նիկոլ-Փաշինյանի-հետ/216743,https://www.youtube.com/embed/zpP_OWDmc2o?autoplay=1&autohide=1,Հարցազրույց Նիկոլ Փաշինյանի հետ,22:00,"10 Հոկ, 2023"
https://www.1tv.am/hy/video/Հարցազրույց-Կարո-Փայլանի-հետ/216682,https://www.youtube.com/embed/RQaxvWBcKtI?autoplay=1&autohide=1,Հարցազրույց Կարո Փայլանի հետ,22:05,"09 Հոկ, 2023"
https://www.1tv.am/hy/video/Հարցազրույց-Եղիշե-Կիրակոսյանի-հետ/216501,https://www.youtube.com/embed/KNwfH5i4w4Q?autoplay=1&autohide=1,Հարցազրույց Եղիշե Կիրակոսյանի հետ,21:45,"02 Հոկ, 2023"
https://www.1tv.am/hy/video/Հարցազրույց-Վլադիմիր-Վարդանյանի-հետ/216465,https://www.youtube.com/embed/ipLdUia8fjQ?autoplay=1&autohide=1,Հարցազրույց Վլադիմիր Վարդանյանի հետ,21:45,"29 Սեպ, 2023"
https://www.1tv.am/hy/video/Հարցազրույց-Տիգրան-Խաչատրյանի-հետ/216431,https://www.youtube.com/embed/UBuWbGA3wE0?autoplay=1&autohide=1,Հարցազրույց Տիգրան Խաչատրյանի հետ,21:30,"28 Սեպ, 2023"
https://www.1tv.am/hy/video/Հարցազրույց-Հակոբ-Արշակյանի-հետ/216424,https://www.youtube.com/embed/VV92ToWFB1w?autoplay=1&autohide=1,Հարցազրույց Հակոբ Արշակյանի հետ,21:45,"27 Սեպ, 2023"
https://www.1tv.am/hy/video/Հարցազրույց-Սամվել-Բաբայանի-հետ/216417,https://www.youtube.com/embed/Pf2r6gW7i7g?autoplay=1&autohide=1,Հարցազրույց Սամվել Բաբայանի հետ,21:45,"26 Սեպ, 2023"
https://www.1tv.am/hy/video/Հարցազրույց-Տիգրան-Հակոբյանի-հետ/216389,https://www.youtube.com/embed/aq1ywehldVo?autoplay=1&autohide=1,Հարցազրույց Տիգրան Հակոբյանի հետ,22:15,"25 Սեպ, 2023"
https://www.1tv.am/hy/video/Հարցազրույց-Նարեկ-Մկրտչյանի-հետ/216381,https://www.youtube.com/embed/zfK9SF3be-M?autoplay=1&autohide=1,Հարցազրույց Նարեկ Մկրտչյանի հետ,21:30,"25 Սեպ, 2023"
https://www.1tv.am/hy/video/Հարցազրույց-Ռուբեն-Ռուբինյանի-հետ/216405,https://www.youtube.com/embed/1EhMECBu8sU?autoplay=1&autohide=1,Հարցազրույց Ռուբեն Ռուբինյանի հետ,18:25,"25 Սեպ, 2023"
https://www.1tv.am/hy/video/Հարցազրույց-Ալեն-Սիմոնյանի-հետ/216319,https://www.youtube.com/embed/xH_nsLaV9Ow?autoplay=1&autohide=1,Հարցազրույց Ալեն Սիմոնյանի հետ,14:50,"24 Սեպ, 2023"
https://www.1tv.am/hy/video/Հարցազրույց-Շիլա-Փայլանի-հետ/216346,https://www.youtube.com/embed/UJLPptWYBKk?autoplay=1&autohide=1,Հարցազրույց Շիլա Փայլանի հետ,19:30,"23 Սեպ, 2023"
https://www.1tv.am/hy/video/Հարցազրույց-Արթուր-Հովհաննիսյանի-հետ/216352,https://www.youtube.com/embed/-d5LPVoOOJQ?autoplay=1&autohide=1,Հարցազրույց Արթուր Հովհաննիսյանի հետ,21:45,"22 Սեպ, 2023"
https://www.1tv.am/hy/video/Հարցազրույց-Լուսինե-Հակոբյանի-հետ/216356,https://www.youtube.com/embed/GKfeXE788Bk?autoplay=1&autohide=1,Հարցազրույց Լուսինե Հակոբյանի հետ,20:30,"22 Սեպ, 2023"
https://www.1tv.am/hy/video/Հարցազրույց-Հրանուշ-Խառատյանի-հետ/216360,https://www.youtube.com/embed/7bEgsO00uVM?autoplay=1&autohide=1,Հարցազրույց Հրանուշ Խառատյանի հետ,14:30,"22 Սեպ, 2023"
https://www.1tv.am/hy/video/Հարցազրույց-Հայկ-Սուքիասյանի-հետ/216290,https://www.youtube.com/embed/0q_1ePeiMzs?autoplay=1&autohide=1,Հարցազրույց Հայկ Սուքիասյանի հետ,12:50,"21 Սեպ, 2023"
https://www.1tv.am/hy/video/Հարցազրույց-Նժդեհ-Հովսեփյանի-հետ/216278,https://www.youtube.com/embed/o5BvtWFOj-8?autoplay=1&autohide=1,Հարցազրույց Նժդեհ Հովսեփյանի հետ,11:50,"21 Սեպ, 2023"
https://www.1tv.am/hy/video/Հարցազրույց-Արտակ-Զեյնալյանի-հետ/216276,https://www.youtube.com/embed/xmXh5L04Ucg?autoplay=1&autohide=1,Հարցազրույց Արտակ Զեյնալյանի հետ,11:45,"21 Սեպ, 2023"
https://www.1tv.am/hy/video/Հարցազրույց-Գուրգեն-Արսենյանի-հետ/216270,https://www.youtube.com/embed/zhu9Xa0HrJc?autoplay=1&autohide=1,Հարցազրույց Գուրգեն Արսենյանի հետ,11:40,"21 Սեպ, 2023"
https://www.1tv.am/hy/video/Հարցազրույց-Արմեն-Գրիգորյանի-հետ/216265,https://www.youtube.com/embed/YpQ-SU_RhRQ?autoplay=1&autohide=1,Հարցազրույց Արմեն Գրիգորյանի հետ,11:30,"21 Սեպ, 2023"
https://www.1tv.am/hy/video/Հարցազրույց-Թաթուլ-Հակոբյանի-հետ/216314,https://www.youtube.com/embed/kT1HV7SQHE4?autoplay=1&autohide=1,Հարցազրույց Թաթուլ Հակոբյանի հետ,19:00,"20 Սեպ, 2023"
https://www.1tv.am/hy/video/Հարցազրույց-Գևորգ-Պապոյանի-հետ/216306,https://www.youtube.com/embed/V0h2WuMGk5k?autoplay=1&autohide=1,Հարցազրույց Գևորգ Պապոյանի հետ,14:55,"20 Սեպ, 2023"
https://www.1tv.am/hy/video/Հարցազրույց-Անդրանիկ-Քոչարյանի-հետ/216303,https://www.youtube.com/embed/5lvMdcxZWlI?autoplay=1&autohide=1,Հարցազրույց Անդրանիկ Քոչարյանի հետ,13:55,"20 Սեպ, 2023"
https://www.1tv.am/hy/video/Հարցազրույց-Ռուբեն-Մեհրաբյանի-և-Սամվել-Մարտիրոսյանի-հետ/216262,https://www.youtube.com/embed/oaiOd6zAUXw?autoplay=1&autohide=1,Հարցազրույց Ռուբեն Մեհրաբյանի և Սամվել Մարտիրոսյանի հետ,12:00,"20 Սեպ, 2023"
https://www.1tv.am/hy/video/Հարցազրույց-Արեգ-Քոչինյանի-և-Հրաչյա-Արզումանյանի-հետ/216259,https://www.youtube.com/embed/Wo8A5eWWKPQ?autoplay=1&autohide=1,Հարցազրույց Արեգ Քոչինյանի և Հրաչյա Արզումանյանի հետ,11:45,"20 Սեպ, 2023"
https://www.1tv.am/hy/video/Հարցազրույց-Հայկ-Մանասյանի-և-Գայանե-Աբրահամյանի-հետ/216250,https://www.youtube.com/embed/_IJPoj1zSSU?autoplay=1&autohide=1,Հարցազրույց Հայկ Մանասյանի և Գայանե Աբրահամյանի հետ,11:00,"20 Սեպ, 2023"
https://www.1tv.am/hy/video/Հարցազրույց-Հայկ-Կոնջորյանի-հետ/216245,https://www.youtube.com/embed/4726Etg2d4w?autoplay=1&autohide=1,Հարցազրույց Հայկ Կոնջորյանի հետ,10:30,"20 Սեպ, 2023"
https://www.1tv.am/hy/video/Հարցազրույց-Հակոբ-Բադալյանի-և-Ստյոպա-Սաֆարյան-հետ/216241,https://www.youtube.com/embed/QQwnUWYmfBc?autoplay=1&autohide=1,Հարցազրույց Հակոբ Բադալյանի և Ստյոպա Սաֆարյան հետ,20:30,"19 Սեպ, 2023"
https://www.1tv.am/hy/video/Հարցազրույց-Արամ-Սարգսյանի-հետ/216243,https://www.youtube.com/embed/1Q6mE3x3eQY?autoplay=1&autohide=1,Հարցազրույց Արամ Սարգսյանի հետ,20:20,"19 Սեպ, 2023"
https://www.1tv.am/hy/video/Հարցազրույց-Արթուր-Խաչիկյանի-հետ/216235,https://www.youtube.com/embed/3W0I74yf1Do?autoplay=1&autohide=1,Հարցազրույց Արթուր Խաչիկյանի հետ,20:00,"19 Սեպ, 2023"
https://www.1tv.am/hy/video/Հարցազրույց-Արմեն-Գրիգորյանի-հետ/216225,https://www.youtube.com/embed/zEZUT4Xq8GE?autoplay=1&autohide=1,Հարցազրույց Արմեն Գրիգորյանի հետ,19:15,"19 Սեպ, 2023"
https://www.1tv.am/hy/video/Հարցազրույց-Ստեփան-Դանիելյանի-հետ/216231,https://www.youtube.com/embed/_oikBKh7yr8?autoplay=1&autohide=1,Հարցազրույց Ստեփան Դանիելյանի հետ,19:00,"19 Սեպ, 2023"
https://www.1tv.am/hy/video/Հարցազրույց-Էդմոն-Մարուքյանի-հետ/216223,https://www.youtube.com/embed/P2kjwnScroo?autoplay=1&autohide=1,Հարցազրույց Էդմոն Մարուքյանի հետ,18:00,"19 Սեպ, 2023"
https://www.1tv.am/hy/video/Հարցազրույց-Արեգ-Քոչինյանի-հետ/216206,https://www.youtube.com/embed/aOikxYTmNaU?autoplay=1&autohide=1,Հարցազրույց Արեգ Քոչինյանի հետ,21:30,"18 Սեպ, 2023"
https://www.1tv.am/hy/video/Հարցազրույց-Տիգրան-Ավինյանի-հետ/216143,https://www.youtube.com/embed/zJNNhucOIv8?autoplay=1&autohide=1,Հարցազրույց Տիգրան Ավինյանի հետ,21:45,"15 Սեպ, 2023"
https://www.1tv.am/hy/video/Հարցազրույց-Երվանդ-Թարվերդյանի-հետ/216118,https://www.youtube.com/embed/SEEH44Vyns8?autoplay=1&autohide=1,Հարցազրույց Երվանդ Թարվերդյանի հետ,21:45,"13 Սեպ, 2023"
https://www.1tv.am/hy/video/Հարցազրույց-Նիկոլ-Փաշինյանի-հետ/216095,https://www.youtube.com/embed/aPMdJfoJA3Y?autoplay=1&autohide=1,Հարցազրույց Նիկոլ Փաշինյանի հետ,21:50,"11 Սեպ, 2023"
https://www.1tv.am/hy/video/Հարցազրույց-Անդրանիկ-Թևանյանի-հետ/216043,https://www.youtube.com/embed/L3JC4G6hywk?autoplay=1&autohide=1,Հարցազրույց Անդրանիկ Թևանյանի հետ,22:00,"08 Սեպ, 2023"
https://www.1tv.am/hy/video/Հարցազրույց-Դավիթ-Խաժակյանի-հետ/216025,https://www.youtube.com/embed/QPrAsWmEqh4?autoplay=1&autohide=1,Հարցազրույց Դավիթ Խաժակյանի հետ,21:45,"07 Սեպ, 2023"
https://www.1tv.am/hy/video/Հարցազրույց-Վիկտոր-Մնացականյանի-հետ/216015,https://www.youtube.com/embed/32xRdlmbZp0?autoplay=1&autohide=1,Հարցազրույց Վիկտոր Մնացականյանի հետ,21:50,"06 Սեպ, 2023"
https://www.1tv.am/hy/video/Հարցազրույց-Ռուբեն-Ռուբինյանի-հետ/216004,https://www.youtube.com/embed/X-Cb7ORhdXg?autoplay=1&autohide=1,Հարցազրույց Ռուբեն Ռուբինյանի հետ,21:45,"05 Սեպ, 2023"
https://www.1tv.am/hy/video/Հարցազրույց-Ռուբեն-Ռուբինյանի-հետ/215989,https://www.youtube.com/embed/X-Cb7ORhdXg?autoplay=1&autohide=1,Հարցազրույց Ռուբեն Ռուբինյանի հետ,21:50,"04 Սեպ, 2023"
https://www.1tv.am/hy/video/Հարցազրույց-Ալեն-Սիմոնյանի-հետ/215981,https://www.youtube.com/embed/tOX9_rq0Ad4?autoplay=1&autohide=1,Հարցազրույց Ալեն Սիմոնյանի հետ,22:00,"02 Սեպ, 2023"
https://www.1tv.am/hy/video/Հարցազրույց-Ժաննա-Անդրեասյանի-հետ/215897,https://www.youtube.com/embed/pqhnfPm_CA4?autoplay=1&autohide=1,Հարցազրույց Ժաննա Անդրեասյանի հետ,21:45,"31 Օգս, 2023"
https://www.1tv.am/hy/video/Հարցազրույց-Տիգրան-Խզմալյանի-հետ/215891,https://www.youtube.com/embed/PHuC3JshkUI?autoplay=1&autohide=1,Հարցազրույց Տիգրան Խզմալյանի հետ,21:45,"30 Օգս, 2023"
https://www.1tv.am/hy/video/Հարցազրույց-Նորիկ-Նորիկյանի-հետ/215859,https://www.youtube.com/embed/K3dnzq9Kqbw?autoplay=1&autohide=1,Հարցազրույց Նորիկ Նորիկյանի հետ,22:00,"29 Օգս, 2023"
https://www.1tv.am/hy/video/Հարցազրույց-Վահան-Ավագյանի-հետ/215836,https://www.youtube.com/embed/WtoxoJZIEVI?autoplay=1&autohide=1,Հարցազրույց Վահան Ավագյանի հետ,21:30,"28 Օգս, 2023"
https://www.1tv.am/hy/video/Հարցազրույց-Արտակ-Զեյնալյանի-հետ/215811,https://www.youtube.com/embed/KBTmaUtB9ho?autoplay=1&autohide=1,Հարցազրույց Արտակ Զեյնալյանի հետ,21:50,"25 Օգս, 2023"
https://www.1tv.am/hy/video/Հարցազրույց-Արման-Ղուկասյանի-հետ/215790,https://www.youtube.com/embed/zYqqVh9Bn-Q?autoplay=1&autohide=1,Հարցազրույց Արման Ղուկասյանի հետ,21:30,"24 Օգս, 2023"
https://www.1tv.am/hy/video/Հարցազրույց-Նատալյա-Արզաքանցյանի-հետ/215768,https://www.youtube.com/embed/EiLZwptHOMY?autoplay=1&autohide=1,Հարցազրույց Նատալյա Արզաքանցյանի հետ,21:30,"23 Օգս, 2023"
https://www.1tv.am/hy/video/Հարցազրույց-Արման-Բաբաջանյանի-հետ/215763,https://www.youtube.com/embed/oQF3-awXn4g?autoplay=1&autohide=1,Հարցազրույց Արման Բաբաջանյանի հետ,21:45,"22 Օգս, 2023"
https://www.1tv.am/hy/video/Հարցազրույց-Վահագն-Հովակիմյանի-հետ/215753,https://www.youtube.com/embed/OT6dXkO8a3s?autoplay=1&autohide=1,Հարցազրույց Վահագն Հովակիմյանի հետ,21:30,"21 Օգս, 2023"
https://www.1tv.am/hy/video/Հարցազրույց-Երվանդ-Թարվերդյանի-հետ/215372,https://www.youtube.com/embed/pJrmLt9mWrk?autoplay=1&autohide=1,Հարցազրույց Երվանդ Թարվերդյանի հետ,21:45,"28 Հլս, 2023"
https://www.1tv.am/hy/video/Հարցազրույց-Արեգ-Քոչինյանի-հետ/215323,https://www.youtube.com/embed/F-_d4nHuBtc?autoplay=1&autohide=1,Հարցազրույց Արեգ Քոչինյանի հետ,21:45,"26 Հլս, 2023"
https://www.1tv.am/hy/video/Հարցազրույց-Արեգ-Քոչինյանի-հետ/215312,https://www.youtube.com/embed/F-_d4nHuBtc?autoplay=1&autohide=1,Հարցազրույց Արեգ Քոչինյանի հետ,21:45,"25 Հլս, 2023"
https://www.1tv.am/hy/video/Հարցազրույց-Վահան-Քերոբյանի-հետ/215289,https://www.youtube.com/embed/tgNJLVNRIE0?autoplay=1&autohide=1,Հարցազրույց Վահան Քերոբյանի հետ,21:45,"24 Հլս, 2023"
https://www.1tv.am/hy/video/Հարցազրույց-Գուրգեն-Ներսիսյանի-հետ/215130,https://www.youtube.com/embed/c_Op0X6U8kI?autoplay=1&autohide=1,Հարցազրույց Գուրգեն Ներսիսյանի հետ,21:40,"20 Հլս, 2023"
https://www.1tv.am/hy/video/Հարցազրույց-Լիլիթ-Գալստյանի-հետ/215113,https://www.youtube.com/embed/Y7lmC7iW8Vo?autoplay=1&autohide=1,Հարցազրույց Լիլիթ Գալստյանի հետ,22:00,"19 Հլս, 2023"
https://www.1tv.am/hy/video/Հարցազրույց-Արա-Խզմալյանի-հետ/215077,https://www.youtube.com/embed/sXtC3tiqHDs?autoplay=1&autohide=1,Հարցազրույց Արա Խզմալյանի հետ,21:45,"18 Հլս, 2023"
https://www.1tv.am/hy/video/Հարցազրույց-Արթուր-Հովհաննիսյանի-հետ/215036,https://www.youtube.com/embed/kWT9lN7FPSU?autoplay=1&autohide=1,Հարցազրույց Արթուր Հովհաննիսյանի հետ,22:05,"17 Հլս, 2023"
https://www.1tv.am/hy/video/Հարցազրույց-Հայկ-Մամիջանյանի-հետ/214987,https://www.youtube.com/embed/gN67D28SQHA?autoplay=1&autohide=1,Հարցազրույց Հայկ Մամիջանյանի հետ,21:50,"14 Հլս, 2023"
https://www.1tv.am/hy/video/Հարցազրույց-Վահագն-Ալեքսանյանի-հետ/214932,https://www.youtube.com/embed/hBYLeYuF1UY?autoplay=1&autohide=1,Հարցազրույց Վահագն Ալեքսանյանի հետ,21:55,"12 Հլս, 2023"
https://www.1tv.am/hy/video/Հարցազրույց-Արամ-Սարգսյանի-հետ/214902,https://www.youtube.com/embed/pd5ruDYi9fg?autoplay=1&autohide=1,Հարցազրույց Արամ Սարգսյանի հետ,21:45,"11 Հլս, 2023"
https://www.1tv.am/hy/video/Հարցազրույց-Կարեն-Ավետիսյանի-հետ/214857,https://www.youtube.com/embed/SAEs1YeveyQ?autoplay=1&autohide=1,Հարցազրույց Կարեն Ավետիսյանի հետ,21:45,"10 Հլս, 2023"
https://www.1tv.am/hy/video/Հարցազրույց-Լուսինե-Հակոբյանի-հետ/214805,https://www.youtube.com/embed/ZDpyyHhTG4w?autoplay=1&autohide=1,Հարցազրույց Լուսինե Հակոբյանի հետ,21:50,"07 Հլս, 2023"
https://www.1tv.am/hy/video/Հարցազրույց-Գևորգ-Պապոյանի-հետ/214732,https://www.youtube.com/embed/uIt1lV3ULNE?autoplay=1&autohide=1,Հարցազրույց Գևորգ Պապոյանի հետ,21:45,"06 Հլս, 2023"
https://www.1tv.am/hy/video/Հարցազրույց-Գուրգեն-Ներսիսյանի-հետ/214678,https://www.youtube.com/embed/XYSraudme14?autoplay=1&autohide=1,Հարցազրույց Գուրգեն Ներսիսյանի հետ,22:00,"05 Հլս, 2023"
https://www.1tv.am/hy/video/Հարցազրույց-Արամ-Օրբելյանի-հետ/214688,https://www.youtube.com/embed/r39pWaO31I4?autoplay=1&autohide=1,Հարցազրույց Արամ Օրբելյանի հետ,22:00,"04 Հլս, 2023"
https://www.1tv.am/hy/video/Հարցազրույց-Քրիստինա-Քվինի-հետ/214617,https://www.youtube.com/embed/zMg8VDPACj0?autoplay=1&autohide=1,Հարցազրույց Քրիստինա Քվինի հետ,22:00,"03 Հլս, 2023"
https://www.1tv.am/hy/video/Հարցազրույց-Ռուբեն-Ռուբինյանի-հետ/214552,https://www.youtube.com/embed/_WJU_imUYcI?autoplay=1&autohide=1,Հարցազրույց Ռուբեն Ռուբինյանի հետ,22:00,"30 Հնս, 2023"
https://www.1tv.am/hy/video/Հարցազրույց-Վահե-Հովհաննիսյանի-հետ/214486,https://www.youtube.com/embed/Da7bjgu7MXA?autoplay=1&autohide=1,Հարցազրույց Վահե Հովհաննիսյանի հետ,22:00,"29 Հնս, 2023"
https://www.1tv.am/hy/video/Հարցազրույց-Վահան-Քերոբյանի-հետ/214443,https://www.youtube.com/embed/a-4vGFQo4d4?autoplay=1&autohide=1,Հարցազրույց Վահան Քերոբյանի հետ,21:45,"28 Հնս, 2023"
https://www.1tv.am/hy/video/Հարցազրույց-Արծրուն-Հովհաննիսյանի-հետ/214412,https://www.youtube.com/embed/SZzTpNAKZBo?autoplay=1&autohide=1,Հարցազրույց Արծրուն Հովհաննիսյանի հետ,21:55,"27 Հնս, 2023"
https://www.1tv.am/hy/video/Հարցազրույց-Արուսյակ-Ջուլհակյանի-հետ/214352,https://www.youtube.com/embed/04Tl5_yzL68?autoplay=1&autohide=1,Հարցազրույց Արուսյակ Ջուլհակյանի հետ,21:45,"26 Հնս, 2023"
https://www.1tv.am/hy/video/Հարցազրույց-Ստեփան-Գրիգորյանի-հետ/214291,https://www.youtube.com/embed/LFUiksbJXKU?autoplay=1&autohide=1,Հարցազրույց Ստեփան Գրիգորյանի հետ,21:15,"23 Հնս, 2023"
https://www.1tv.am/hy/video/Հարցազրույց-Հայկ-Եսայանի-հետ/214191,https://www.youtube.com/embed/c3voA2pJiDM?autoplay=1&autohide=1,Հարցազրույց Հայկ Եսայանի հետ,21:30,"22 Հնս, 2023"
https://www.1tv.am/hy/video/Հարցազրույց-Անդրանիկ-Քոչարյանի-հետ/214152,https://www.youtube.com/embed/sAJeOcnAdXs?autoplay=1&autohide=1,Հարցազրույց Անդրանիկ Քոչարյանի հետ,21:45,"21 Հնս, 2023"
https://www.1tv.am/hy/video/Հարցազրույց-Քրիստինե-Վարդանյանի-հետ/214106,https://www.youtube.com/embed/ipOKQfOvydg?autoplay=1&autohide=1,Հարցազրույց Քրիստինե Վարդանյանի հետ,21:30,"20 Հնս, 2023"
https://www.1tv.am/hy/video/Հարցազրույց-Գրիգոր-Մինասյանի-հետ/214054,https://www.youtube.com/embed/IcIQY0i-rAo?autoplay=1&autohide=1,Հարցազրույց Գրիգոր Մինասյանի հետ,21:35,"19 Հնս, 2023"
https://www.1tv.am/hy/video/Հարցազրույց-Վահագն-Ալեքսանյանի-հետ/213967,https://www.youtube.com/embed/alPc71Dr0JU?autoplay=1&autohide=1,Հարցազրույց Վահագն Ալեքսանյանի հետ,21:35,"16 Հնս, 2023"
https://www.1tv.am/hy/video/Հարցազրույց-Վահան-Կոստանյանի-հետ/213903,https://www.youtube.com/embed/CbzV0WtUKd8?autoplay=1&autohide=1,Հարցազրույց Վահան Կոստանյանի հետ,21:30,"15 Հնս, 2023"
https://www.1tv.am/hy/video/Հարցազրույց-Օլեսյա-Վարդանյանի-հետ/213470,https://www.youtube.com/embed/FaUYIBAGeVo?autoplay=1&autohide=1,Հարցազրույց Օլեսյա Վարդանյանի հետ,21:30,"07 Հնս, 2023"
https://www.1tv.am/hy/video/Հարցազրույց-Օլեսյա-Վարդանյանի-հետ/213437,https://www.youtube.com/embed/FaUYIBAGeVo?autoplay=1&autohide=1,Հարցազրույց Օլեսյա Վարդանյանի հետ,21:30,"06 Հնս, 2023"
https://www.1tv.am/hy/video/Հարցազրույց-Վիգեն-Խաչատրյանի-հետ/213390,https://www.youtube.com/embed/YYXKTnsHTCA?autoplay=1&autohide=1,Հարցազրույց Վիգեն Խաչատրյանի հետ,21:45,"05 Հնս, 2023"
https://www.1tv.am/hy/video/Հարցազրույց-Էբրահիմ-Մոթաղիի-հետ/213342,https://www.youtube.com/embed/EoJGl61qwfk?autoplay=1&autohide=1,Հարցազրույց Էբրահիմ Մոթաղիի հետ,21:30,"02 Հնս, 2023"
https://www.1tv.am/hy/video/Հարցազրույց-գերաշնորհ-Տեր-Բագրատ-եպիսկոպոս-Գալստանյանի-հետ/213217,https://www.youtube.com/embed/6AYsj8zvxos?autoplay=1&autohide=1,Հարցազրույց գերաշնորհ Տեր Բագրատ եպիսկոպոս Գալստանյանի հետ,21:45,"01 Հնս, 2023"
https://www.1tv.am/hy/video/Հարցազրույց-Գեորգի-Դերլուգյանի-հետ/213129,https://www.youtube.com/embed/zRJDZQ7vnFM?autoplay=1&autohide=1,Հարցազրույց Գեորգի Դերլուգյանի հետ,21:35,"31 Մայ, 2023"
https://www.1tv.am/hy/video/Հարցազրույց-Կարո-Փայլանի-հետ/213081,https://www.youtube.com/embed/bVoHFM-fl60?autoplay=1&autohide=1,Հարցազրույց Կարո Փայլանի հետ,21:45,"30 Մայ, 2023"
https://www.1tv.am/hy/video/Հարցազրույց-Տիմոֆեյ-Բորդաչևի-հետ/213033,https://www.youtube.com/embed/qpd361yV3RY?autoplay=1&autohide=1,Հարցազրույց Տիմոֆեյ Բորդաչևի հետ,21:55,"29 Մայ, 2023"
https://www.1tv.am/hy/video/Հարցազրույց-Տիգրան-Հակոբյանի-հետ/212920,https://www.youtube.com/embed/BjcQx-Jnces?autoplay=1&autohide=1,Հարցազրույց Տիգրան Հակոբյանի հետ,21:40,"26 Մայ, 2023"
https://www.1tv.am/hy/video/Հարցազրույց-Հայկ-Կոնջորյանի-հետ/212862,https://www.youtube.com/embed/yU3RErUHEl0?autoplay=1&autohide=1,Հարցազրույց Հայկ Կոնջորյանի հետ,21:55,"25 Մայ, 2023"
https://www.1tv.am/hy/video/Հարցազրույց-Անահիտ-Մանասյանի-հետ/212789,https://www.youtube.com/embed/ItAJlNDjlys?autoplay=1&autohide=1,Հարցազրույց Անահիտ Մանասյանի հետ,21:20,"24 Մայ, 2023"
https://www.1tv.am/hy/video/Հարցազրույց-Արթուր-Խաչիկյանի-հետ/212710,https://www.youtube.com/embed/XtZEnEwP_L8?autoplay=1&autohide=1,Հարցազրույց Արթուր Խաչիկյանի հետ,21:45,"23 Մայ, 2023"
https://www.1tv.am/hy/video/Հարցազրույց-Տարոն-Չախոյանի-հետ/212661,https://www.youtube.com/embed/YMngDqblBI0?autoplay=1&autohide=1,Հարցազրույց Տարոն Չախոյանի հետ,22:15,"22 Մայ, 2023"
https://www.1tv.am/hy/video/Հարցազրույց-Վահան-Քերոբյանի-հետ/212555,https://www.youtube.com/embed/Pc4Rr-xLKR4?autoplay=1&autohide=1,Հարցազրույց Վահան Քերոբյանի հետ,21:35,"19 Մայ, 2023"
https://www.1tv.am/hy/video/Հարցազրույց-Ռուբեն-Բաբայանի-հետ/212458,https://www.youtube.com/embed/7qbmiVbamRU?autoplay=1&autohide=1,Հարցազրույց Ռուբեն Բաբայանի հետ,21:50,"18 Մայ, 2023"
https://www.1tv.am/hy/video/Հարցազրույց-Վահագն-Հովակիմյանի-հետ/212444,https://www.youtube.com/embed/Zho7kNdjpkE?autoplay=1&autohide=1,Հարցազրույց Վահագն Հովակիմյանի հետ,21:45,"17 Մայ, 2023"
https://www.1tv.am/hy/video/Հարցազրույց-Անուշ-Հովհաննիսյանի-հետ/212351,https://www.youtube.com/embed/ixb7j2VR4uw?autoplay=1&autohide=1,Հարցազրույց Անուշ Հովհաննիսյանի հետ,21:55,"16 Մայ, 2023"
https://www.1tv.am/hy/video/Հարցազրույց-Սոսի-Թաթիկյանի-հետ/212295,https://www.youtube.com/embed/JG2addUsNvw?autoplay=1&autohide=1,Հարցազրույց Սոսի Թաթիկյանի հետ,21:55,"15 Մայ, 2023"
https://www.1tv.am/hy/video/Հարցազրույց-Արա-Գոչունյանի-հետ/212248,https://www.youtube.com/embed/vxa6qAF7HG4?autoplay=1&autohide=1,Հարցազրույց Արա Գոչունյանի հետ,21:55,"12 Մայ, 2023"
https://www.1tv.am/hy/video/Հարցազրույց-Ժիրայր-Լիպարիտյանի-հետ/212098,https://www.youtube.com/embed/UmDfjsc4aA4?autoplay=1&autohide=1,Հարցազրույց Ժիրայր Լիպարիտյանի հետ,21:40,"11 Մայ, 2023"
https://www.1tv.am/hy/video/Հարցազրույց-Գևորգ-Պապոյանի-հետ/212039,https://www.youtube.com/embed/GJS4DHFoyv8?autoplay=1&autohide=1,Հարցազրույց Գևորգ Պապոյանի հետ,21:45,"10 Մայ, 2023"
https://www.1tv.am/hy/video/Հարցազրույց-Արամ-Սարգսյանի-հետ/211992,https://www.youtube.com/embed/waSwbx2hqDg?autoplay=1&autohide=1,Հարցազրույց Արամ Սարգսյանի հետ,21:30,"09 Մայ, 2023"
https://www.1tv.am/hy/video/Հարցազրույց-Արեգ-Քոչինյանի-հետ/211999,https://www.youtube.com/embed/REVO2T4m2vo?autoplay=1&autohide=1,Հարցազրույց Արեգ Քոչինյանի հետ,21:40,"08 Մայ, 2023"
https://www.1tv.am/hy/video/Հարցազրույց-Աննա-Վարդապետյանի-հետ/211899,https://www.youtube.com/embed/SSfUipTGTIk?autoplay=1&autohide=1,Հարցազրույց Աննա Վարդապետյանի հետ,21:15,"05 Մայ, 2023"
https://www.1tv.am/hy/video/Հարցազրույց-Արմեն-Նուրբեկյանի-հետ/211822,https://www.youtube.com/embed/QZ-bflbvIUY?autoplay=1&autohide=1,Հարցազրույց Արմեն Նուրբեկյանի հետ,21:50,"04 Մայ, 2023"
https://www.1tv.am/hy/video/Հարցազրույց-Գեղամ-Նազարյանի-հետ/211770,https://www.youtube.com/embed/i7_Q5WZu01M?autoplay=1&autohide=1,Հարցազրույց Գեղամ Նազարյանի հետ,21:50,"03 Մայ, 2023"
https://www.1tv.am/hy/video/Հարցազրույց-Հակոբ-Բադալյանի-հետ/211715,https://www.youtube.com/embed/XEtdpv1Dfkk?autoplay=1&autohide=1,Հարցազրույց Հակոբ Բադալյանի հետ,21:30,"02 Մայ, 2023"
https://www.1tv.am/hy/video/Հարցազրույց-Սոնա-Ղազարյանի-հետ/211546,https://www.youtube.com/embed/QqQxyS9WNMc?autoplay=1&autohide=1,Հարցազրույց Սոնա Ղազարյանի հետ,22:00,"01 Մայ, 2023"
https://www.1tv.am/hy/video/Հարցազրույց-Տիգրան-Պետրոսյանի-հետ/211544,https://www.youtube.com/embed/dchrIjSESfc?autoplay=1&autohide=1,Հարցազրույց Տիգրան Պետրոսյանի հետ,20:00,"30 Ապր, 2023"
https://www.1tv.am/hy/video/Հարցազրույց-Գայանե-Աբրահամյանի-հետ/211452,https://www.youtube.com/embed/EoX4apbEzQo?autoplay=1&autohide=1,Հարցազրույց Գայանե Աբրահամյանի հետ,21:50,"27 Ապր, 2023"
https://www.1tv.am/hy/video/Հարցազրույց-Արմեն-Գրիգորյանի-հետ/211392,https://www.youtube.com/embed/3ywMbxuJw6w?autoplay=1&autohide=1,Հարցազրույց Արմեն Գրիգորյանի հետ,21:30,"26 Ապր, 2023"
https://www.1tv.am/hy/video/Հարցազրույց-Սերգեյ-Ղազարյանի-հետ/211344,https://www.youtube.com/embed/WduglhYQ8U4?autoplay=1&autohide=1,Հարցազրույց Սերգեյ Ղազարյանի հետ,21:50,"25 Ապր, 2023"
https://www.1tv.am/hy/video/Հարցազրույց-Սիբիլի-հետ/211286,https://www.youtube.com/embed/0FnVpwLTufg?autoplay=1&autohide=1,Հարցազրույց Սիբիլի հետ,21:50,"23 Ապր, 2023"
https://www.1tv.am/hy/video/Հարցազրույց-Արթուր-Երոյանի-հետ/211279,https://www.youtube.com/embed/WoIiFWAALL4?autoplay=1&autohide=1,Հարցազրույց Արթուր Երոյանի հետ,20:30,"22 Ապր, 2023"
https://www.1tv.am/hy/video/Հարցազրույց-Սամվել-Բաբայանի-հետ/211176,https://www.youtube.com/embed/r8-2OU83sjQ?autoplay=1&autohide=1,Հարցազրույց Սամվել Բաբայանի հետ,22:00,"19 Ապր, 2023"
https://www.1tv.am/hy/video/Հարցազրույց-Ռուստամ-Բադասյանի-հետ/211126,https://www.youtube.com/embed/2omd1PTLsaU?autoplay=1&autohide=1,Հարցազրույց Ռուստամ Բադասյանի հետ,21:30,"18 Ապր, 2023"
https://www.1tv.am/hy/video/Հարցազրույց-Տիգրան-Ավինյանի-հետ/211092,https://www.youtube.com/embed/5dhF_UQR3CM?autoplay=1&autohide=1,Հարցազրույց Տիգրան Ավինյանի հետ,21:00,"17 Ապր, 2023"
https://www.1tv.am/hy/video/Հարցազրույց-Ռոբերտ-Ղուկասյանի-հետ/211044,https://www.youtube.com/embed/NTWhrzSnNPU?autoplay=1&autohide=1,Հարցազրույց Ռոբերտ Ղուկասյանի հետ,21:30,"14 Ապր, 2023"
https://www.1tv.am/hy/video/Հարցազրույց-Արայիկ-Հարությունյանի-հետ/210917,https://www.youtube.com/embed/DcBqMhPQO5o?autoplay=1&autohide=1,Հարցազրույց Արայիկ Հարությունյանի հետ,21:30,"13 Ապր, 2023"
https://www.1tv.am/hy/video/Հարցազրույց-Անդրանիկ-Քոչարյանի-հետ/210859,https://www.youtube.com/embed/GDHeDuN6d6U?autoplay=1&autohide=1,Հարցազրույց Անդրանիկ Քոչարյանի հետ,21:30,"12 Ապր, 2023"
https://www.1tv.am/hy/video/Հարցազրույց-Սերգեյ-Մարկեդոնովի-հետ/210682,https://www.youtube.com/embed/tLysCyHcBSY?autoplay=1&autohide=1,Հարցազրույց Սերգեյ Մարկեդոնովի հետ,22:10,"07 Ապր, 2023"
https://www.1tv.am/hy/video/Հարցազրույց-Արծրուն-Հովհաննիսյանի-հետ/210624,https://www.youtube.com/embed/oixfLG9urTs?autoplay=1&autohide=1,Հարցազրույց Արծրուն Հովհաննիսյանի հետ,22:10,"06 Ապր, 2023"
https://www.1tv.am/hy/video/Հարցազրույց-Գուրգեն-Ներսիսյանի-հետ/210579,https://www.youtube.com/embed/-ECQevRBnBw?autoplay=1&autohide=1,Հարցազրույց Գուրգեն Ներսիսյանի հետ,22:10,"05 Ապր, 2023"
https://www.1tv.am/hy/video/Հարցազրույց-Անդրանիկ-Քոչարյանի-հետ/210533,https://www.youtube.com/embed/usgivjkvzds?autoplay=1&autohide=1,Հարցազրույց Անդրանիկ Քոչարյանի հետ,22:10,"04 Ապր, 2023"
https://www.1tv.am/hy/video/Հարցազրույց-Վլադիմիր-Վարդանյանի-հետ/210469,https://www.youtube.com/embed/DRQjTzvLHKM?autoplay=1&autohide=1,Հարցազրույց Վլադիմիր Վարդանյանի հետ,22:10,"03 Ապր, 2023"
https://www.1tv.am/hy/video/Հարցազրույց-Անահիտ-Մանասյանի-հետ/210325,https://www.youtube.com/embed/hS0IVMrU_bE?autoplay=1&autohide=1,Հարցազրույց Անահիտ Մանասյանի հետ,21:30,"30 Մար, 2023"
https://www.1tv.am/hy/video/Հարցազրույց-Էդգար-Ղազարյանի-հետ/210253,https://www.youtube.com/embed/tlhy_v6tBZQ?autoplay=1&autohide=1,Հարցազրույց Էդգար Ղազարյանի հետ,21:25,"29 Մար, 2023"
https://www.1tv.am/hy/video/Հարցազրույց-Թաթուլ-Հակոբյանի-հետ/210203,https://www.youtube.com/embed/NncuFJJlZhk?autoplay=1&autohide=1,Հարցազրույց Թաթուլ Հակոբյանի հետ,21:50,"28 Մար, 2023"
https://www.1tv.am/hy/video/Հարցազրույց-Դավիթ-Սանասարյանի-հետ/210164,https://www.youtube.com/embed/j_bd5FRQDv8?autoplay=1&autohide=1,Հարցազրույց Դավիթ Սանասարյանի հետ,21:30,"27 Մար, 2023"
https://www.1tv.am/hy/video/Հարցազրույց-Արմեն-Մելիքբեկյանի-հետ/210115,https://www.youtube.com/embed/C-cxtmt6ZJE?autoplay=1&autohide=1,Հարցազրույց Արմեն Մելիքբեկյանի հետ,21:30,"24 Մար, 2023"
https://www.1tv.am/hy/video/Հարցազրույց-Գեղամ-Նազարյանի-հետ/210050,https://www.youtube.com/embed/tnXx61vbUyk?autoplay=1&autohide=1,Հարցազրույց Գեղամ Նազարյանի հետ,21:20,"23 Մար, 2023"
https://www.1tv.am/hy/video/Հարցազրույց-Հայկ-Կոնջորյանի-հետ/209912,https://www.youtube.com/embed/_foTMwQU59g?autoplay=1&autohide=1,Հարցազրույց Հայկ Կոնջորյանի հետ,22:25,"22 Մար, 2023"
https://www.1tv.am/hy/video/Հարցազրույց-Արմեն-Ղազարյանի-հետ/209871,https://www.youtube.com/embed/XocuETdzBc8?autoplay=1&autohide=1,Հարցազրույց Արմեն Ղազարյանի հետ,22:00,"21 Մար, 2023"
https://www.1tv.am/hy/video/Հարցազրույց-Հրանուշ-Խառատյանի-հետ/209853,https://www.youtube.com/embed/IrIiL99BodU?autoplay=1&autohide=1,Հարցազրույց Հրանուշ Խառատյանի հետ,21:30,"20 Մար, 2023"
https://www.1tv.am/hy/video/Հարցազրույց-Տիգրան-Գրիգորյանի-հետ/209783,https://www.youtube.com/embed/FWhJffrfrPc?autoplay=1&autohide=1,Հարցազրույց Տիգրան Գրիգորյանի հետ,21:45,"17 Մար, 2023"
https://www.1tv.am/hy/video/Հարցազրույց-Վահագն-Ալեքսանյանի-հետ/209767,https://www.youtube.com/embed/i2fUXEFD0ns?autoplay=1&autohide=1,Հարցազրույց Վահագն Ալեքսանյանի հետ,21:30,"16 Մար, 2023"
https://www.1tv.am/hy/video/Հարցազրույց-Էդմոն-Մարուքյանի-հետ/209646,https://www.youtube.com/embed/zoiy09Wmp5w?autoplay=1&autohide=1,Հարցազրույց Էդմոն Մարուքյանի հետ,20:15,"14 Մար, 2023"
https://www.1tv.am/hy/video/Հարցազրույց-Գեղամ-Մանուկյանի-հետ/209638,https://www.youtube.com/embed/yBzvAwy-G6U?autoplay=1&autohide=1,Հարցազրույց Գեղամ Մանուկյանի հետ,21:20,"13 Մար, 2023"
https://www.1tv.am/hy/video/Հարցազրույց-Անդրանիկ-Շիրինյանի-հետ/209614,https://www.youtube.com/embed/FpGAl0pCbfg?autoplay=1&autohide=1,Հարցազրույց Անդրանիկ Շիրինյանի հետ,21:30,"10 Մար, 2023"
https://www.1tv.am/hy/video/Հարցազրույց-Տարոն-Չախոյանի-հետ/209582,https://www.youtube.com/embed/BpA_4QssU48?autoplay=1&autohide=1,Հարցազրույց Տարոն Չախոյանի հետ,21:15,"09 Մար, 2023"
https://www.1tv.am/hy/video/Հարցազրույց-Լևոն-Զուրաբյանի-հետ/209575,https://www.youtube.com/embed/eYbSicjJUZw?autoplay=1&autohide=1,Հարցազրույց Լևոն Զուրաբյանի հետ,21:30,"08 Մար, 2023"
https://www.1tv.am/hy/video/Հարցազրույց-Անահիտ-Ավանեսյանի-հետ/209566,https://www.youtube.com/embed/f2PCNhaw7yM?autoplay=1&autohide=1,Հարցազրույց Անահիտ Ավանեսյանի հետ,21:15,"08 Մար, 2023"
https://www.1tv.am/hy/video/Հարցազրույց-Գուրգեն-Ներսիսյանի-հետ/209559,https://www.youtube.com/embed/dCEdHEd8Jyo?autoplay=1&autohide=1,Հարցազրույց Գուրգեն Ներսիսյանի հետ,21:15,"06 Մար, 2023"
https://www.1tv.am/hy/video/Հանրային-քննարկում-Հայաստան-Ադրբեջան-բանակցություններ-փոխլրացնող-թե՞-հակադրվող-ձևաչափեր/209519,https://www.youtube.com/embed/fu5_IKgp970?autoplay=1&autohide=1,"Հանրային քննարկում. Հայաստան-Ադրբեջան բանակցություններ. փոխլրացնող, թե՞ հակադրվող ձևաչափեր",22:00,"05 Մար, 2023"
https://www.1tv.am/hy/video/Հարցազրույց-Էդուարդո-Վիլյեգաս-Մեխիասի-հետ/209520,https://www.youtube.com/embed/65R-Ds0g-ek?autoplay=1&autohide=1,Հարցազրույց Էդուարդո Վիլյեգաս Մեխիասի հետ,21:30,"03 Մար, 2023"
https://www.1tv.am/hy/video/Հարցազրույց-Սերգեյ-Ղազարյանի-հետ/209464,https://www.youtube.com/embed/7dNltYHJMbM?autoplay=1&autohide=1,Հարցազրույց Սերգեյ Ղազարյանի հետ,21:45,"02 Մար, 2023"
https://www.1tv.am/hy/video/Հարցազրույց-Հայկակ-Արշամյանի-հետ/209353,https://www.youtube.com/embed/BIDMDoypCTI?autoplay=1&autohide=1,Հարցազրույց Հայկակ Արշամյանի հետ,21:35,"01 Մար, 2023"
https://www.1tv.am/hy/video/Հարցազրույց-Վահան-Քերոբյանի-հետ/209330,https://www.youtube.com/embed/b7MQ3ce6Hgw?autoplay=1&autohide=1,Հարցազրույց Վահան Քերոբյանի հետ,21:15,"28 Փտր, 2023"
https://www.1tv.am/hy/video/Հարցազրույց-Սամվել-Բաբայանի-հետ/209304,https://www.youtube.com/embed/I48lpHIWEL0?autoplay=1&autohide=1,Հարցազրույց Սամվել Բաբայանի հետ,21:45,"27 Փտր, 2023"
https://www.1tv.am/hy/video/Հարցազրույց-Եղիշե-Կիրակոսյանի-հետ/209270,https://www.youtube.com/embed/iO4hDQHgSgk?autoplay=1&autohide=1,Հարցազրույց Եղիշե Կիրակոսյանի հետ,20:30,"24 Փտր, 2023"
https://www.1tv.am/hy/video/Հարցազրույց-Հայկ-Ալոյանի-հետ/209187,https://www.youtube.com/embed/i1hXb6RUWUM?autoplay=1&autohide=1,Հարցազրույց Հայկ Ալոյանի հետ,21:15,"22 Փտր, 2023"
https://www.1tv.am/hy/video/Հարցազրույց-Հայկ-Կոնջորյանի-հետ/209180,https://www.youtube.com/embed/Lzq-NHRAEtA?autoplay=1&autohide=1,Հարցազրույց Հայկ Կոնջորյանի հետ,21:15,"21 Փտր, 2023"
https://www.1tv.am/hy/video/Հարցազրույց-Սոսի-Թաթիկյանի-հետ/209143,https://www.youtube.com/embed/td0-fdPLAHY?autoplay=1&autohide=1,Հարցազրույց Սոսի Թաթիկյանի հետ,21:15,"20 Փտր, 2023"
https://www.1tv.am/hy/video/Հարցազրույց-Սասուն-Միքայելյանի-հետ/209090,https://www.youtube.com/embed/sn9I2ayrvpw?autoplay=1&autohide=1,Հարցազրույց Սասուն Միքայելյանի հետ,21:40,"17 Փտր, 2023"
https://www.1tv.am/hy/video/Հարցազրույց-Հայկուհի-Հարությունյանի-հետ/209044,https://www.youtube.com/embed/mt_UVRmdX-M?autoplay=1&autohide=1,Հարցազրույց Հայկուհի Հարությունյանի հետ,21:30,"16 Փտր, 2023"
https://www.1tv.am/hy/video/Հարցազրույց-Ռուբեն-Սաֆրաստյանի-հետ/209019,https://www.youtube.com/embed/j18MOfxfKRc?autoplay=1&autohide=1,Հարցազրույց Ռուբեն Սաֆրաստյանի հետ,21:30,"15 Փտր, 2023"
https://www.1tv.am/hy/video/Հարցազրույց-Արման-Բաբաջանյանի-հետ/208992,https://www.youtube.com/embed/XAOd3iTNPgw?autoplay=1&autohide=1,Հարցազրույց Արման Բաբաջանյանի հետ,21:30,"14 Փտր, 2023"
https://www.1tv.am/hy/video/Հարցազրույց-Արմինե-Մարգարյանի-հետ/208979,https://www.youtube.com/embed/ZdUEDeIdiGo?autoplay=1&autohide=1,Հարցազրույց Արմինե Մարգարյանի հետ,21:40,"13 Փտր, 2023"
https://www.1tv.am/hy/video/Հարցազրույց-Հակոբ-Բադալյանի-հետ/208930,https://www.youtube.com/embed/WC8IfntE9Us?autoplay=1&autohide=1,Հարցազրույց Հակոբ Բադալյանի հետ,21:50,"10 Փտր, 2023"
https://www.1tv.am/hy/video/Հարցազրույց-Սարգիս-Խանդանյանի-հետ/208848,https://www.youtube.com/embed/7fFRHEihcqw?autoplay=1&autohide=1,Հարցազրույց Սարգիս Խանդանյանի հետ,21:15,"09 Փտր, 2023"
https://www.1tv.am/hy/video/Հարցազրույց-Գեղամ-Գևորգյանի-հետ/208836,https://www.youtube.com/embed/waSQet48nhw?autoplay=1&autohide=1,Հարցազրույց Գեղամ Գևորգյանի հետ,21:45,"08 Փտր, 2023"
https://www.1tv.am/hy/video/Հարցազրույց-Վահագն-Ալեքսանյանի-հետ/208815,https://www.youtube.com/embed/p5LLUdkURcg?autoplay=1&autohide=1,Հարցազրույց Վահագն Ալեքսանյանի հետ,21:35,"07 Փտր, 2023"
https://www.1tv.am/hy/video/Հարցազրույց-Դմիտրի-Սուսլովի-հետ/208749,https://www.youtube.com/embed/VW4iHlPwkS4?autoplay=1&autohide=1,Հարցազրույց Դմիտրի Սուսլովի հետ,21:10,"06 Փտր, 2023"
https://www.1tv.am/hy/video/Հարցազրույց-Արման-Գրիգորյանի-հետ/208690,https://www.youtube.com/embed/5xKX8-VdHQY?autoplay=1&autohide=1,Հարցազրույց Արման Գրիգորյանի հետ,21:30,"03 Փտր, 2023"
https://www.1tv.am/hy/video/Հարցազրույց-Աննա-Գևորգյանի-հետ/208674,https://www.youtube.com/embed/6jFCq4pa6UA?autoplay=1&autohide=1,Հարցազրույց Աննա Գևորգյանի հետ,21:45,"02 Փտր, 2023"
https://www.1tv.am/hy/video/Հարցազրույց-Քրիստինե-Վարդանյանի-հետ/208669,https://www.youtube.com/embed/crPtmLrPKuc?autoplay=1&autohide=1,Հարցազրույց Քրիստինե Վարդանյանի հետ,21:35,"01 Փտր, 2023"
https://www.1tv.am/hy/video/Հարցազրույց-Արամ-Սարգսյանի-հետ/208661,https://www.youtube.com/embed/iIXKUllV4UY?autoplay=1&autohide=1,Հարցազրույց Արամ Սարգսյանի հետ,21:00,"31 Հնվ, 2023"
https://www.1tv.am/hy/video/Հարցազրույց-Թաթուլ-Հակոբյանի-հետ/208646,https://www.youtube.com/embed/Jz7S2GBSa1w?autoplay=1&autohide=1,Հարցազրույց Թաթուլ Հակոբյանի հետ,21:30,"30 Հնվ, 2023"
https://www.1tv.am/hy/video/Հարցազրույց-Ռուբեն-Ռուբինյանի-հետ/208611,https://www.youtube.com/embed/-55QxouOfzU?autoplay=1&autohide=1,Հարցազրույց Ռուբեն Ռուբինյանի հետ,21:15,"27 Հնվ, 2023"
https://www.1tv.am/hy/video/Հարցազրույց-Հայկ-Չոբանյանի-հետ/208548,https://www.youtube.com/embed/aYoQ8R1Q19E?autoplay=1&autohide=1,Հարցազրույց Հայկ Չոբանյանի հետ,21:30,"26 Հնվ, 2023"
https://www.1tv.am/hy/video/Հարցազրույց-Վիգեն-Չետերյանի-հետ/208541,https://www.youtube.com/embed/msig9CSk_1k?autoplay=1&autohide=1,Հարցազրույց Վիգեն Չետերյանի հետ,21:30,"25 Հնվ, 2023"
https://www.1tv.am/hy/video/Հարցազրույց-Տիգրան-Հակոբյանի-հետ/208452,https://www.youtube.com/embed/lNdwbHxqaw4?autoplay=1&autohide=1,Հարցազրույց Տիգրան Հակոբյանի հետ,21:30,"24 Հնվ, 2023"
https://www.1tv.am/hy/video/Հարցազրույց-Անդրանիկ-Քոչարյանի-հետ/208418,https://www.youtube.com/embed/QB7sHdrlj0A?autoplay=1&autohide=1,Հարցազրույց Անդրանիկ Քոչարյանի հետ,21:45,"23 Հնվ, 2023"
https://www.1tv.am/hy/video/Հարցազրույց-Գրիգոր-Էլիզբարյանի-հետ/208327,https://www.youtube.com/embed/IR1i2o-mfK4?autoplay=1&autohide=1,Հարցազրույց Գրիգոր Էլիզբարյանի հետ,21:40,"19 Հնվ, 2023"
https://www.1tv.am/hy/video/Հարցազրույց-Էդմոն-Մարուքյանի-հետ/208324,https://www.youtube.com/embed/6hh4xMO7h0w?autoplay=1&autohide=1,Հարցազրույց Էդմոն Մարուքյանի հետ,21:35,"19 Հնվ, 2023"
https://www.1tv.am/hy/video/Հարցազրույց-Գայանե-Աբրահամյանի-հետ/208315,https://www.youtube.com/embed/ivOTOIPeHYA?autoplay=1&autohide=1,Հարցազրույց Գայանե Աբրահամյանի հետ,21:30,"18 Հնվ, 2023"
https://www.1tv.am/hy/video/Հարցազրույց-Հրանուշ-Խառատյանի-հետ/208309,https://www.youtube.com/embed/eXYpUgY9zAA?autoplay=1&autohide=1,Հարցազրույց Հրանուշ Խառատյանի հետ,21:30,"17 Հնվ, 2023"
https://www.1tv.am/hy/video/Հարցազրույց-Խոսրով-Հարությունյանի-հետ/208285,https://www.youtube.com/embed/L1B5I9CS_QM?autoplay=1&autohide=1,Հարցազրույց Խոսրով Հարությունյանի հետ,21:30,"16 Հնվ, 2023"
https://www.1tv.am/hy/video/Հարցազրույց-Արփինե-Սարգսյանի-հետ/208208,https://www.youtube.com/embed/uuFg_ddgRok?autoplay=1&autohide=1,Հարցազրույց Արփինե Սարգսյանի հետ,21:30,"13 Հնվ, 2023"
https://www.1tv.am/hy/video/Հարցազրույց-Գեղամ-Նազարյանի-հետ/208171,https://www.youtube.com/embed/ujshRnNQTjg?autoplay=1&autohide=1,Հարցազրույց Գեղամ Նազարյանի հետ,21:30,"12 Հնվ, 2023"
https://www.1tv.am/hy/video/Հարցազրույց-Արման-Եղոյանի-հետ/208161,https://www.youtube.com/embed/rJ376sP9Y8A?autoplay=1&autohide=1,Հարցազրույց Արման Եղոյանի հետ,21:30,"11 Հնվ, 2023"
https://www.1tv.am/hy/video/Հարցազրույց-Ստեփան-Գրիգորյանի-հետ/208124,https://www.youtube.com/embed/xrsJxInjihQ?autoplay=1&autohide=1,Հարցազրույց Ստեփան Գրիգորյանի հետ,21:15,"10 Հնվ, 2023"
https://www.1tv.am/hy/video/Հարցազրույց-Վահան-Քերոբյանի-և-Վարդան-Արամյանի-հետ/208033,https://www.youtube.com/embed/7D-zXsOKvSw?autoplay=1&autohide=1,Հարցազրույց Վահան Քերոբյանի և Վարդան Արամյանի հետ,21:30,"09 Հնվ, 2023"
https://www.1tv.am/hy/video/Հարցազրույց-Ռուստամ-Բադասյանի-հետ/207823,https://www.youtube.com/embed/iJvguGH1kXA?autoplay=1&autohide=1,Հարցազրույց Ռուստամ Բադասյանի հետ,22:05,"29 Դեկ, 2022"
https://www.1tv.am/hy/video/Հարցազրույց-Արմեն-Գրիգորյանի-հետ/207705,https://www.youtube.com/embed/CKaKKKXDnFI?autoplay=1&autohide=1,Հարցազրույց Արմեն Գրիգորյանի հետ,21:30,"26 Դեկ, 2022"
https://www.1tv.am/hy/video/Հարցազրույց-Հայկ-Մամիջանյանի-հետ/207639,https://www.youtube.com/embed/ydJ3fpbKyis?autoplay=1&autohide=1,Հարցազրույց Հայկ Մամիջանյանի հետ,20:30,"25 Դեկ, 2022"
https://www.1tv.am/hy/video/Հարցազրույց-Եղիշե-Կիրակոսյանի-հետ/207557,https://www.youtube.com/embed/hv8xKOuV1rU?autoplay=1&autohide=1,Հարցազրույց Եղիշե Կիրակոսյանի հետ,21:45,"22 Դեկ, 2022"
https://www.1tv.am/hy/video/Հարցազրույց-Ներսես-Կոպալյանի-հետ/207520,https://www.youtube.com/embed/CMRqPU9z9lo?autoplay=1&autohide=1,Հարցազրույց Ներսես Կոպալյանի հետ,21:40,"21 Դեկ, 2022"
https://www.1tv.am/hy/video/Հարցազրույց-Արտակ-Բեգլարյանի-հետ/207443,https://www.youtube.com/embed/0o4EvvE-idg?autoplay=1&autohide=1,Հարցազրույց Արտակ Բեգլարյանի հետ,21:30,"20 Դեկ, 2022"
https://www.1tv.am/hy/video/Հարցազրույց-Հայկ-Կոնջորյանի-հետ/207296,https://www.youtube.com/embed/iMzBtwIPO7c?autoplay=1&autohide=1,Հարցազրույց Հայկ Կոնջորյանի հետ,21:35,"19 Դեկ, 2022"
https://www.1tv.am/hy/video/Հարցազրույց-Էդմոն-Մարուքյանի-հետ/207233,https://www.youtube.com/embed/ebF9m7osf3o?autoplay=1&autohide=1,Հարցազրույց Էդմոն Մարուքյանի հետ,21:15,"16 Դեկ, 2022"
https://www.1tv.am/hy/video/Հարցազրույց-Արամ-Սարգսյանի-հետ/207165,https://www.youtube.com/embed/VhsOkY0gEVc?autoplay=1&autohide=1,Հարցազրույց Արամ Սարգսյանի հետ,21:10,"15 Դեկ, 2022"
https://www.1tv.am/hy/video/Հարցազրույց-Զոհրաբ-Մնացականյանի-հետ/207096,https://www.youtube.com/embed/BvZQILICEY0?autoplay=1&autohide=1,Հարցազրույց Զոհրաբ Մնացականյանի հետ,21:30,"14 Դեկ, 2022"
https://www.1tv.am/hy/video/Հարցազրույց-Թաթուլ-Հակոբյանի-հետ/207049,https://www.youtube.com/embed/jK4GmRoYOx8?autoplay=1&autohide=1,Հարցազրույց Թաթուլ Հակոբյանի հետ,21:15,"13 Դեկ, 2022"
https://www.1tv.am/hy/video/Հարցազրույց-Գեղամ-Ստեփանյանի-հետ/207035,https://www.youtube.com/embed/N2lmH6HFS9Q?autoplay=1&autohide=1,Հարցազրույց Գեղամ Ստեփանյանի հետ,21:15,"12 Դեկ, 2022"
https://www.1tv.am/hy/video/Հարցազրույց-Արթուր-Հովհաննիսյանի-հետ/206967,https://www.youtube.com/embed/nBHZA7pLdUk?autoplay=1&autohide=1,Հարցազրույց Արթուր Հովհաննիսյանի հետ,21:20,"09 Դեկ, 2022"
https://www.1tv.am/hy/video/Հարցազրույց-Սուրեն-Պապիկյանի-հետ/206687,https://www.youtube.com/embed/MQC2Y5rVCSw?autoplay=1&autohide=1,Հարցազրույց Սուրեն Պապիկյանի հետ,21:15,"07 Դեկ, 2022"
https://www.1tv.am/hy/video/Հարցազրույց-Արծվիկ-Մինասյանի-հետ/206536,https://www.youtube.com/embed/_Mc5AGuIB3Q?autoplay=1&autohide=1,Հարցազրույց Արծվիկ Մինասյանի հետ,21:15,"02 Դեկ, 2022"
https://www.1tv.am/hy/video/Հարցազրույց-Արփինե-Դավոյանի-հետ/206500,https://www.youtube.com/embed/nQgmw21ZM8I?autoplay=1&autohide=1,Հարցազրույց Արփինե Դավոյանի հետ,21:50,"01 Դեկ, 2022"
https://www.1tv.am/hy/video/Հարցազրույց-Հովհաննես-Մովսիսյանի-հետ/206426,https://www.youtube.com/embed/VnssdqX67cM?autoplay=1&autohide=1,Հարցազրույց Հովհաննես Մովսիսյանի հետ,21:45,"30 Նմբ, 2022"
https://www.1tv.am/hy/video/Հարցազրույց-Հայկ-Ոսկանյանի-հետ/206366,https://www.youtube.com/embed/JIOrnn9LtyE?autoplay=1&autohide=1,Հարցազրույց Հայկ Ոսկանյանի հետ,21:30,"28 Նմբ, 2022"
https://www.1tv.am/hy/video/Հարցազրույց-Էդմոն-Մարուքյանի-հետ/206308,https://www.youtube.com/embed/eOgc0rgjW4s?autoplay=1&autohide=1,Հարցազրույց Էդմոն Մարուքյանի հետ,21:45,"25 Նմբ, 2022"
https://www.1tv.am/hy/video/Հարցազրույց-Անահիտ-Ավանեսյանի-հետ/206265,https://www.youtube.com/embed/sxtj5K3CI0A?autoplay=1&autohide=1,Հարցազրույց Անահիտ Ավանեսյանի հետ,21:15,"23 Նմբ, 2022"
https://www.1tv.am/hy/video/Հարցազրույց-Խորեն-Հովհաննիսյանի-հետ/206261,https://www.youtube.com/embed/2P88vYS9uwY?autoplay=1&autohide=1,Հարցազրույց Խորեն Հովհաննիսյանի հետ,21:15,"22 Նմբ, 2022"
https://www.1tv.am/hy/video/Հարցազրույց-Արման-Պողոսյանի-հետ/206222,https://www.youtube.com/embed/-LgBgHGsouc?autoplay=1&autohide=1,Հարցազրույց Արման Պողոսյանի հետ,21:35,"21 Նմբ, 2022"
https://www.1tv.am/hy/video/Հարցազրույց-Ստեփան-Գրիգորյանի-հետ/206177,https://www.youtube.com/embed/SgbWJ__Vgns?autoplay=1&autohide=1,Հարցազրույց Ստեփան Գրիգորյանի հետ,12:40,"18 Նմբ, 2022"
https://www.1tv.am/hy/video/Հարցազրույց-Արմեն-Խաչատրյանի-հետ/206019,https://www.youtube.com/embed/W8nSkGwKmFc?autoplay=1&autohide=1,Հարցազրույց Արմեն Խաչատրյանի հետ,21:15,"17 Նմբ, 2022"
https://www.1tv.am/hy/video/Հարցազրույց-Տիգրան-Խաչատրյանի-հետ/205955,https://www.youtube.com/embed/DyW1lujSv9s?autoplay=1&autohide=1,Հարցազրույց Տիգրան Խաչատրյանի հետ,21:15,"16 Նմբ, 2022"
https://www.1tv.am/hy/video/Հարցազրույց-Գեղամ-Նազարյանի-հետ/205916,https://www.youtube.com/embed/rDkFA9Hd4RQ?autoplay=1&autohide=1,Հարցազրույց Գեղամ Նազարյանի հետ,21:20,"15 Նմբ, 2022"
https://www.1tv.am/hy/video/Հարցազրույց-Տարոն-Չախոյանի-հետ/205887,https://www.youtube.com/embed/99tNW4zfhoY?autoplay=1&autohide=1,Հարցազրույց Տարոն Չախոյանի հետ,21:15,"14 Նմբ, 2022"
https://www.1tv.am/hy/video/Հարցազրույց-Արմեն-Մելիքբեկյանի-հետ/205726,https://www.youtube.com/embed/fqAPQSYkYNU?autoplay=1&autohide=1,Հարցազրույց Արմեն Մելիքբեկյանի հետ,21:50,"10 Նմբ, 2022"
https://www.1tv.am/hy/video/Հարցազրույց-Արծվիկ-Մինասյանի-հետ/205626,https://www.youtube.com/embed/-LyDtAkAr8g?autoplay=1&autohide=1,Հարցազրույց Արծվիկ Մինասյանի հետ,21:15,"09 Նմբ, 2022"
https://www.1tv.am/hy/video/Հարցազրույց-Միքայել-արքեպիսկոպոս-Աջապահյանի-հետ/205564,https://www.youtube.com/embed/CucX8fDa_yc?autoplay=1&autohide=1,Հարցազրույց Միքայել արքեպիսկոպոս Աջապահյանի հետ,21:15,"07 Նմբ, 2022"
https://www.1tv.am/hy/video/Հարցազրույց-Արման-Բաբաջանյանի-հետ/205476,https://www.youtube.com/embed/VLbg7wXeIJY?autoplay=1&autohide=1,Հարցազրույց Արման Բաբաջանյանի հետ,21:10,"04 Նմբ, 2022"
https://www.1tv.am/hy/video/Հարցազրույց-Գնել-Սանոսյանի-հետ/205454,https://www.youtube.com/embed/CMLZgJpCSEI?autoplay=1&autohide=1,Հարցազրույց Գնել Սանոսյանի հետ,21:15,"03 Նմբ, 2022"
https://www.1tv.am/hy/video/Հարցազրույց-Ֆյոդոր-Վոյտոլովսկիի-հետ/205343,https://www.youtube.com/embed/Gvw1S1sQzOc?autoplay=1&autohide=1,Հարցազրույց Ֆյոդոր Վոյտոլովսկիի հետ,21:50,"02 Նմբ, 2022"
https://www.1tv.am/hy/video/Հարցազրույց-Հայկ-Կոնջորյանի-հետ/205307,https://www.youtube.com/embed/dHOheJhJBQ8?autoplay=1&autohide=1,Հարցազրույց Հայկ Կոնջորյանի հետ,21:15,"01 Նմբ, 2022"
https://www.1tv.am/hy/video/Հարցազրույց-Էդմոն-Մարուքյանի-հետ/205179,https://www.youtube.com/embed/0xvQeSa5Su0?autoplay=1&autohide=1,Հարցազրույց Էդմոն Մարուքյանի հետ,21:30,"28 Հոկ, 2022"
https://www.1tv.am/hy/video/Հարցազրույց-Արամ-Սարգսյանի-հետ/205093,https://www.youtube.com/embed/A5jBC5CK4lQ?autoplay=1&autohide=1,Հարցազրույց Արամ Սարգսյանի հետ,20:15,"27 Հոկ, 2022"
https://www.1tv.am/hy/video/Հարցազրույց-Տիգրան-Հակոբյանի-հետ/204931,https://www.youtube.com/embed/JDkAacWqLY8?autoplay=1&autohide=1,Հարցազրույց Տիգրան Հակոբյանի հետ,21:10,"26 Հոկ, 2022"
https://www.1tv.am/hy/video/Հարցազրույց-Զարեհ-Սինանյանի-հետ/204892,https://www.youtube.com/embed/AUzCKkDW0R4?autoplay=1&autohide=1,Հարցազրույց Զարեհ Սինանյանի հետ,21:10,"25 Հոկ, 2022"
https://www.1tv.am/hy/video/Հարցազրույց-Մխիթար-Հայրապետյանի-հետ/204898,https://www.youtube.com/embed/R__9dIHjIno?autoplay=1&autohide=1,Հարցազրույց Մխիթար Հայրապետյանի հետ,21:10,"24 Հոկ, 2022"
https://www.1tv.am/hy/video/Հարցազրույց-Արմեն-Խարազյանի-հետ/204773,https://www.youtube.com/embed/ah2HvLMGeow?autoplay=1&autohide=1,Հարցազրույց Արմեն Խարազյանի հետ,21:50,"21 Հոկ, 2022"
https://www.1tv.am/hy/video/Հարցազրույց-Արծրուն-Հովհաննիսյանի-հետ/204700,https://www.youtube.com/embed/9b5T2pMSTKs?autoplay=1&autohide=1,Հարցազրույց Արծրուն Հովհաննիսյանի հետ,21:45,"20 Հոկ, 2022"
https://www.1tv.am/hy/video/Հարցազրույց-Էդուարդ-Աղաջանյանի-հետ/204562,https://www.youtube.com/embed/bYHQKUC9WGE?autoplay=1&autohide=1,Հարցազրույց Էդուարդ Աղաջանյանի հետ,21:15,"19 Հոկ, 2022"
https://www.1tv.am/hy/video/Հարցազրույց-Արթուր-Ղազինյանի-հետ/204518,https://www.youtube.com/embed/QVnOB-YcLd8?autoplay=1&autohide=1,Հարցազրույց Արթուր Ղազինյանի հետ,21:15,"18 Հոկ, 2022"
https://www.1tv.am/hy/video/Հարցազրույց-Ֆրենկ-Փալոունի-հետ/204476,https://www.youtube.com/embed/ZWq955at1kE?autoplay=1&autohide=1,Հարցազրույց Ֆրենկ Փալոունի հետ,21:20,"17 Հոկ, 2022"
https://www.1tv.am/hy/video/Հարցազրույց-Տիգրան-Ավինյանի-հետ/204379,https://www.youtube.com/embed/hodr9MSdEfM?autoplay=1&autohide=1,Հարցազրույց Տիգրան Ավինյանի հետ,20:15,"15 Հոկ, 2022"
https://www.1tv.am/hy/video/Հարցազրույց-Դավիթ-Խիթարյանի-հետ/204373,https://www.youtube.com/embed/1_PNbdxBq88?autoplay=1&autohide=1,Հարցազրույց Դավիթ Խիթարյանի հետ,20:15,"14 Հոկ, 2022"
https://www.1tv.am/hy/video/Հարցազրույց-Արմեն-Գրիգորյանի-հետ/204137,https://www.youtube.com/embed/H5UINBb8iAA?autoplay=1&autohide=1,Հարցազրույց Արմեն Գրիգորյանի հետ,21:55,"12 Հոկ, 2022"
https://www.1tv.am/hy/video/Հարցազրույց-Վահան-Քերոբյանի-հետ/204091,https://www.youtube.com/embed/BbnM0B2YTmg?autoplay=1&autohide=1,Հարցազրույց Վահան Քերոբյանի հետ,21:50,"11 Հոկ, 2022"
https://www.1tv.am/hy/video/Հարցազրույց-Ռուստամ-Բադասյանի-հետ/204037,https://www.youtube.com/embed/azlWzDh5-dc?autoplay=1&autohide=1,Հարցազրույց Ռուստամ Բադասյանի հետ,21:35,"10 Հոկ, 2022"
https://www.1tv.am/hy/video/Հարցազրույց-Հայկ-Կոնջորյանի-հետ/203934,https://www.youtube.com/embed/rcGx0c_ZOuo?autoplay=1&autohide=1,Հարցազրույց Հայկ Կոնջորյանի հետ,21:15,"07 Հոկ, 2022"
https://www.1tv.am/hy/video/Հարցազրույց-Արթուր-Խաչատրյանի-հետ/203865,https://www.youtube.com/embed/f2v26aBiVlQ?autoplay=1&autohide=1,Հարցազրույց Արթուր Խաչատրյանի հետ,21:30,"06 Հոկ, 2022"
https://www.1tv.am/hy/video/Հարցազրույց-Դավիթ-Սանասարյանի-հետ/203824,https://www.youtube.com/embed/cboMIP0rhXU?autoplay=1&autohide=1,Հարցազրույց Դավիթ Սանասարյանի հետ,21:15,"05 Հոկ, 2022"
https://www.1tv.am/hy/video/Հարցազրույց-Լևոն-Շիրինյանի-հետ/203772,https://www.youtube.com/embed/AkB_RCr5BP4?autoplay=1&autohide=1,Հարցազրույց Լևոն Շիրինյանի հետ,21:30,"04 Հոկ, 2022"
https://www.1tv.am/hy/video/Հարցազրույց-Արման-Եղոյանի-հետ/203670,https://www.youtube.com/embed/fOVLg5YULiU?autoplay=1&autohide=1,Հարցազրույց Արման Եղոյանի հետ,21:10,"03 Հոկ, 2022"
https://www.1tv.am/hy/video/Հարցազրույց-Ֆան-Յոնգի-հետ/203551,https://www.youtube.com/embed/1zpaPitrUK4?autoplay=1&autohide=1,Հարցազրույց Ֆան Յոնգի հետ,21:30,"30 Սեպ, 2022"
https://www.1tv.am/hy/video/Հարցազրույց-Համբիկ-Սարաֆյանի-հետ/203474,https://www.youtube.com/embed/lW2P56s-89M?autoplay=1&autohide=1,Հարցազրույց Համբիկ Սարաֆյանի հետ,21:35,"29 Սեպ, 2022"
https://www.1tv.am/hy/video/Հարցազրույց-Խոսրով-Հարությունյանի-հետ/203388,https://www.youtube.com/embed/BPKzbNjvvp0?autoplay=1&autohide=1,Հարցազրույց Խոսրով Հարությունյանի հետ,21:45,"28 Սեպ, 2022"
https://www.1tv.am/hy/video/Հարցազրույց-Հովսեփ-Խուրշուդյանի-հետ/203350,https://www.youtube.com/embed/Qkbyjc-rcH0?autoplay=1&autohide=1,Հարցազրույց Հովսեփ Խուրշուդյանի հետ,21:20,"27 Սեպ, 2022"
https://www.1tv.am/hy/video/Հարցազրույց-Լևոն-Տեր-Պետրոսյանի-հետ/203241,https://www.youtube.com/embed/kTeWytVBdVI?autoplay=1&autohide=1,Հարցազրույց Լևոն Տեր-Պետրոսյանի հետ,21:10,"26 Սեպ, 2022"
https://www.1tv.am/hy/video/Հարցազրույց-Դմիտրի-Վոլվաչի-հետ/203055,https://www.youtube.com/embed/Dpv8tBlXnTA?autoplay=1&autohide=1,Հարցազրույց Դմիտրի Վոլվաչի հետ,21:15,"22 Սեպ, 2022"
https://www.1tv.am/hy/video/Հարցազրույց-Արթուր-Հովհաննիսյանի-հետ/202968,https://www.youtube.com/embed/FbixpM1p6Ys?autoplay=1&autohide=1,Հարցազրույց Արթուր Հովհաննիսյանի հետ,21:45,"21 Սեպ, 2022"
https://www.1tv.am/hy/video/Հարցազրույց-Ռուբեն-Ռուբինյանի-հետ/202791,https://www.youtube.com/embed/RF5FMkcVW1c?autoplay=1&autohide=1,Հարցազրույց Ռուբեն Ռուբինյանի հետ,21:20,"19 Սեպ, 2022"
https://www.1tv.am/hy/video/Հարցազրույց-Էդուարդ-Աղաջանյանի-հետ/202795,https://www.youtube.com/embed/vazSpwziDg4?autoplay=1&autohide=1,Հարցազրույց Էդուարդ Աղաջանյանի հետ,20:20,"19 Սեպ, 2022"
https://www.1tv.am/hy/video/Հարցազրույց-Կարին-Տոնոյանի-հետ/202699,https://www.youtube.com/embed/pFgBw9PTEfQ?autoplay=1&autohide=1,Հարցազրույց Կարին Տոնոյանի հետ,20:40,"17 Սեպ, 2022"
https://www.1tv.am/hy/video/Հարցազրույց-Ալեն-Սիմոնյանի-հետ/202692,https://www.youtube.com/embed/VD38TZla1Zk?autoplay=1&autohide=1,Հարցազրույց Ալեն Սիմոնյանի հետ,21:40,"16 Սեպ, 2022"
https://www.1tv.am/hy/video/Հարցազրույց-Վահան-Քերոբյանի-հետ/202681,https://www.youtube.com/embed/Tp7vQJEE2KM?autoplay=1&autohide=1,Հարցազրույց Վահան Քերոբյանի հետ,20:40,"16 Սեպ, 2022"
https://www.1tv.am/hy/video/Հարցազրույց-Տիգրան-Հակոբյանի-հետ/202671,https://www.youtube.com/embed/-hwqCwEDGUw?autoplay=1&autohide=1,Հարցազրույց Տիգրան Հակոբյանի հետ,20:35,"16 Սեպ, 2022"
https://www.1tv.am/hy/video/Հարցազրույց-Արամ-Սարգսյանի-հետ/202665,https://www.youtube.com/embed/j7-GITChV2E?autoplay=1&autohide=1,Հարցազրույց Արամ Սարգսյանի հետ,21:40,"15 Սեպ, 2022"
https://www.1tv.am/hy/video/Հարցազրույց-Գևորգ-Պապոյանի-հետ/202669,https://www.youtube.com/embed/faqXxD-VGjc?autoplay=1&autohide=1,Հարցազրույց Գևորգ Պապոյանի հետ,21:40,"15 Սեպ, 2022"
https://www.1tv.am/hy/video/Հարցազրույց-Հայկ-Կոնջորյանի-հետ/202657,https://www.youtube.com/embed/3eW3KmzpS1Q?autoplay=1&autohide=1,Հարցազրույց Հայկ Կոնջորյանի հետ,21:40,"14 Սեպ, 2022"
https://www.1tv.am/hy/video/Հարցազրույց-Անդրանիկ-Քոչարյանի-հետ/202655,https://www.youtube.com/embed/gAeqX7_XaYg?autoplay=1&autohide=1,Հարցազրույց Անդրանիկ Քոչարյանի հետ,21:40,"14 Սեպ, 2022"
https://www.1tv.am/hy/video/Հարցազրույց-Արմեն-Գրիգորյանի-հետ/202653,https://www.youtube.com/embed/vfz9xgc5Sbo?autoplay=1&autohide=1,Հարցազրույց Արմեն Գրիգորյանի հետ,21:35,"14 Սեպ, 2022"
https://www.1tv.am/hy/video/Հարցազրույց-Վահագն-Ալեքսանյանի-հետ/202647,https://www.youtube.com/embed/4XFM0Ehlwko?autoplay=1&autohide=1,Հարցազրույց Վահագն Ալեքսանյանի հետ,21:30,"14 Սեպ, 2022"
https://www.1tv.am/hy/video/Հարցազրույց-Էդմոն-Մարուքյանի-հետ/202608,https://www.youtube.com/embed/woD9H1RDZcQ?autoplay=1&autohide=1,Հարցազրույց Էդմոն Մարուքյանի հետ,21:35,"13 Սեպ, 2022"
https://www.1tv.am/hy/video/Հարցազրույց-Պետրոս-Ղազարյանի-հետ/202589,https://www.youtube.com/embed/pxf1qOJReHw?autoplay=1&autohide=1,Հարցազրույց Պետրոս Ղազարյանի հետ,23:00,"12 Սեպ, 2022"
https://www.1tv.am/hy/video/Հարցազրույց-Արայիկ-Հարությունյանի-հետ/202574,https://www.youtube.com/embed/yh_2SkO2-Zw?autoplay=1&autohide=1,Հարցազրույց Արայիկ Հարությունյանի հետ,21:55,"12 Սեպ, 2022"
https://www.1tv.am/hy/video/Հարցազրույց-Ստյոպա-Սաֆարյանի-հետ/202454,https://www.youtube.com/embed/9hewoBoX-HQ?autoplay=1&autohide=1,Հարցազրույց Ստյոպա Սաֆարյանի հետ,21:30,"09 Սեպ, 2022"
https://www.1tv.am/hy/video/Հարցազրույց-Արսեն-Թորոսյանի-հետ/202448,https://www.youtube.com/embed/sQAZtDlr8ao?autoplay=1&autohide=1,Հարցազրույց Արսեն Թորոսյանի հետ,21:45,"08 Սեպ, 2022"
https://www.1tv.am/hy/video/Հարցազրույց-Գնել-Սանոսյանի-հետ/202370,https://www.youtube.com/embed/028j8D8CR9I?autoplay=1&autohide=1,Հարցազրույց Գնել Սանոսյանի հետ,21:15,"07 Սեպ, 2022"
https://www.1tv.am/hy/video/Հարցազրույց-Մեսրոպ-Առաքելյանի-հետ/202330,https://www.youtube.com/embed/bR5EfsjAQJw?autoplay=1&autohide=1,Հարցազրույց Մեսրոպ Առաքելյանի հետ,20:40,"06 Սեպ, 2022"
https://www.1tv.am/hy/video/Հարցազրույց-Ռուբեն-Բաբայանի-հետ/202321,https://www.youtube.com/embed/HYX9ksCur-o?autoplay=1&autohide=1,Հարցազրույց Ռուբեն Բաբայանի հետ,21:30,"05 Սեպ, 2022"
https://www.1tv.am/hy/video/Հարցազրույց-Արման-Եղոյանի-հետ/202246,https://www.youtube.com/embed/B_IELJSXtpY?autoplay=1&autohide=1,Հարցազրույց Արման Եղոյանի հետ,21:45,"02 Սեպ, 2022"
https://www.1tv.am/hy/video/Հարցազրույց-Էդմոն-Մարուքյանի-հետ/202214,https://www.youtube.com/embed/yIE8RMVFIDk?autoplay=1&autohide=1,Հարցազրույց Էդմոն Մարուքյանի հետ,21:30,"01 Սեպ, 2022"
https://www.1tv.am/hy/video/Հարցազրույց-Միլենա-Կռոյանի-և-Գեղամ-Հայրապետյանի-հետ/202204,https://www.youtube.com/embed/x_FbzNWpsps?autoplay=1&autohide=1,Հարցազրույց Միլենա Կռոյանի և Գեղամ Հայրապետյանի հետ,21:40,"31 Օգս, 2022"
https://www.1tv.am/hy/video/Հարցազրույց-Վահան-Քերոբյանի-հետ/202176,https://www.youtube.com/embed/pvlcHxg4d1M?autoplay=1&autohide=1,Հարցազրույց Վահան Քերոբյանի հետ,21:45,"30 Օգս, 2022"
https://www.1tv.am/hy/video/Հարցազրույց-Սամվել-Բաբայանի-հետ/202138,https://www.youtube.com/embed/qgtN34Z9SYE?autoplay=1&autohide=1,Հարցազրույց Սամվել Բաբայանի հետ,21:45,"29 Օգս, 2022"
https://www.1tv.am/hy/video/Հարցազրույց-Ալեքսանդր-Մարգարովի-հետ/202104,https://www.youtube.com/embed/1uMiZf-C9kQ?autoplay=1&autohide=1,Հարցազրույց Ալեքսանդր Մարգարովի հետ,20:45,"26 Օգս, 2022"
https://www.1tv.am/hy/video/Հարցազրույց-Սուրեն-Սուրենյանցի-հետ/202057,https://www.youtube.com/embed/WxfVeOmtv68?autoplay=1&autohide=1,Հարցազրույց Սուրեն Սուրենյանցի հետ,21:30,"25 Օգս, 2022"
https://www.1tv.am/hy/video/Հարցազրույց-Արծրուն-Հովհաննիսյանի-հետ/202029,https://www.youtube.com/embed/45cAJx0Su0I?autoplay=1&autohide=1,Հարցազրույց Արծրուն Հովհաննիսյանի հետ,21:40,"24 Օգս, 2022"
https://www.1tv.am/hy/video/Հարցազրույց-Էդգար-Ղազարյանի-հետ/202033,https://www.youtube.com/embed/AWIVXCPuo0k?autoplay=1&autohide=1,Հարցազրույց Էդգար Ղազարյանի հետ,21:40,"24 Օգս, 2022"
https://www.1tv.am/hy/video/Հարցազրույց-Էդմոն-Մարուքյանի-հետ/201994,https://www.youtube.com/embed/RHAqvY2k0m0?autoplay=1&autohide=1,Հարցազրույց Էդմոն Մարուքյանի հետ,21:15,"23 Օգս, 2022"
https://www.1tv.am/hy/video/Հարցազրույց-Ռոմանոս-Պետրոսյանի-հետ/201963,https://www.youtube.com/embed/R42YlhI4Eu4?autoplay=1&autohide=1,Հարցազրույց Ռոմանոս Պետրոսյանի հետ,21:50,"22 Օգս, 2022"
https://www.1tv.am/hy/video/Հարցազրույց-Նորայր-Նորիկյանի-հետ/201932,https://www.youtube.com/embed/l0jyr6CVJcw?autoplay=1&autohide=1,Հարցազրույց Նորայր Նորիկյանի հետ,21:15,"19 Օգս, 2022"
https://www.1tv.am/hy/video/Հարցազրույց-Տիգրան-Ավինյանի-հետ/201930,https://www.youtube.com/embed/XuP9_LtLTj0?autoplay=1&autohide=1,Հարցազրույց Տիգրան Ավինյանի հետ,21:15,"18 Օգս, 2022"
https://www.1tv.am/hy/video/Հարցազրույց-Արմեն-Գասպարյանի-հետ/201918,https://www.youtube.com/embed/Wkl-bfe9jME?autoplay=1&autohide=1,Հարցազրույց Արմեն Գասպարյանի հետ,21:45,"17 Օգս, 2022"
https://www.1tv.am/hy/video/Հարցազրույց-Ռուբեն-Խաչունցի-հետ/201878,https://www.youtube.com/embed/c7PLfwDAQZ8?autoplay=1&autohide=1,Հարցազրույց Ռուբեն Խաչունցի հետ,21:15,"16 Օգս, 2022"
https://www.1tv.am/hy/video/Հարցազրույց-Արմեն-Փամբուխչյանի-հետ/201864,https://www.youtube.com/embed/UXSWJttjLg0?autoplay=1&autohide=1,Հարցազրույց Արմեն Փամբուխչյանի հետ,20:55,"15 Օգս, 2022"
https://www.1tv.am/hy/video/Հարցազրույց-Արմեն-Պետրոսյանի-հետ/201789,https://www.youtube.com/embed/3u9vZcqMk4g?autoplay=1&autohide=1,Հարցազրույց Արմեն Պետրոսյանի հետ,21:15,"12 Օգս, 2022"
https://www.1tv.am/hy/video/Հարցազրույց-Վահան-Քերոբյանի-հետ/201779,https://www.youtube.com/embed/UwLURXR5a5M?autoplay=1&autohide=1,Հարցազրույց Վահան Քերոբյանի հետ,21:50,"11 Օգս, 2022"
https://www.1tv.am/hy/video/Հարցազրույց-Արամ-Անանյանի-հետ/201564,https://www.youtube.com/embed/UybimkkqbMw?autoplay=1&autohide=1,Հարցազրույց Արամ Անանյանի հետ,21:30,"29 Հլս, 2022"
https://www.1tv.am/hy/video/Հարցազրույց-Կարեն-Ղազարյանի-հետ/201495,https://www.youtube.com/embed/otyTAS7hKdg?autoplay=1&autohide=1,Հարցազրույց Կարեն Ղազարյանի հետ,22:00,"28 Հլս, 2022"
https://www.1tv.am/hy/video/Հարցազրույց-Հակոբ-Արշակյանի-հետ/201468,https://www.youtube.com/embed/qQ4sLgEx9_s?autoplay=1&autohide=1,Հարցազրույց Հակոբ Արշակյանի հետ,21:40,"27 Հլս, 2022"
https://www.1tv.am/hy/video/Հարցազրույց-Անի-Ապրահամյանի-հետ/201457,https://www.youtube.com/embed/LSegWOlMdm0?autoplay=1&autohide=1,Հարցազրույց Անի Ապրահամյանի հետ,21:15,"26 Հլս, 2022"
https://www.1tv.am/hy/video/Հարցազրույց-Սամվել-Հայրապետյանի-հետ/201427,https://www.youtube.com/embed/6xpfOg2TpcQ?autoplay=1&autohide=1,Հարցազրույց Սամվել Հայրապետյանի հետ,21:15,"25 Հլս, 2022"
https://www.1tv.am/hy/video/Հարցազրույց-Գագիկ-Սաֆարյանի-հետ/201322,https://www.youtube.com/embed/fCi2kFrgEoQ?autoplay=1&autohide=1,Հարցազրույց Գագիկ Սաֆարյանի հետ,21:50,"21 Հլս, 2022"
https://www.1tv.am/hy/video/Հարցազրույց-Արմեն-Փամբուխչյանի-հետ/201302,https://www.youtube.com/embed/9ZAY92ERb0A?autoplay=1&autohide=1,Հարցազրույց Արմեն Փամբուխչյանի հետ,21:15,"20 Հլս, 2022"
https://www.1tv.am/hy/video/Հարցազրույց-Դավիթ-Խաժակյանի-հետ/201276,https://www.youtube.com/embed/zlwmx208ClE?autoplay=1&autohide=1,Հարցազրույց Դավիթ Խաժակյանի հետ,21:30,"19 Հլս, 2022"
https://www.1tv.am/hy/video/Հարցազրույց-Հայկ-Կոնջորյանի-հետ/201254,https://www.youtube.com/embed/ELdcj0qStMo?autoplay=1&autohide=1,Հարցազրույց Հայկ Կոնջորյանի հետ,21:45,"18 Հլս, 2022"
https://www.1tv.am/hy/video/Հարցազրույց-Արամ-Սարգսյանի-հետ/201215,https://www.youtube.com/embed/0_l5AhzXY_U?autoplay=1&autohide=1,Հարցազրույց Արամ Սարգսյանի հետ,21:30,"15 Հլս, 2022"
https://www.1tv.am/hy/video/Հարցազրույց-Խոսրով-Հարությունյանի-հետ/201148,https://www.youtube.com/embed/qiC-0uFf4uQ?autoplay=1&autohide=1,Հարցազրույց Խոսրով Հարությունյանի հետ,21:15,"14 Հլս, 2022"
https://www.1tv.am/hy/video/Հարցազրույց-Հակոբ-Բադալյանի-հետ/201142,https://www.youtube.com/embed/k56NU1HR5J0?autoplay=1&autohide=1,Հարցազրույց Հակոբ Բադալյանի հետ,21:30,"13 Հլս, 2022"
https://www.1tv.am/hy/video/Հարցազրույց-Թաթուլ-Հակոբյանի-հետ/201116,https://www.youtube.com/embed/uo-olHWcnd4?autoplay=1&autohide=1,Հարցազրույց Թաթուլ Հակոբյանի հետ,21:35,"12 Հլս, 2022"
https://www.1tv.am/hy/video/Հարցազրույց-Արմեն-Գրիգորյանի-հետ/201082,https://www.youtube.com/embed/w-eo8mlpO4Y?autoplay=1&autohide=1,Հարցազրույց Արմեն Գրիգորյանի հետ,21:20,"11 Հլս, 2022"
https://www.1tv.am/hy/video/Հարցազրույց-Էդմոն-Մարուքյանի-հետ/201026,https://www.youtube.com/embed/0YPgfFlcbmc?autoplay=1&autohide=1,Հարցազրույց Էդմոն Մարուքյանի հետ,21:30,"08 Հլս, 2022"
https://www.1tv.am/hy/video/Հարցազրույց-Արսեն-Թորոսյանի-հետ/201015,https://www.youtube.com/embed/1GzoTEwgfYA?autoplay=1&autohide=1,Հարցազրույց Արսեն Թորոսյանի հետ,21:20,"07 Հլս, 2022"
https://www.1tv.am/hy/video/Հարցազրույց-Վահան-Քերոբյանի-հետ/200959,https://www.youtube.com/embed/gohqzlkG8WA?autoplay=1&autohide=1,Հարցազրույց Վահան Քերոբյանի հետ,21:45,"06 Հլս, 2022"
https://www.1tv.am/hy/video/Հարցազրույց-Դավիթ-Հակոբյանի-հետ/200932,https://www.youtube.com/embed/Ugik2ArY5gI?autoplay=1&autohide=1,Հարցազրույց Դավիթ Հակոբյանի հետ,21:30,"05 Հլս, 2022"
https://www.1tv.am/hy/video/Հարցազրույց-Ռուբեն-Ռուբինյանի-հետ/200939,https://www.youtube.com/embed/hnW7NtZmzwo?autoplay=1&autohide=1,Հարցազրույց Ռուբեն Ռուբինյանի հետ,21:15,"04 Հլս, 2022"
https://www.1tv.am/hy/video/Հարցազրույց-Արմեն-Մելիքբեկյանի-հետ/200879,https://www.youtube.com/embed/Qc1V69YO_yY?autoplay=1&autohide=1,Հարցազրույց Արմեն Մելիքբեկյանի հետ,21:45,"01 Հլս, 2022"
https://www.1tv.am/hy/video/Հարցազրույց-Արթուր-Ստեփանյանի-հետ/200718,https://www.youtube.com/embed/UlDRwDTIsd0?autoplay=1&autohide=1,Հարցազրույց Արթուր Ստեփանյանի հետ,21:15,"30 Հնս, 2022"
https://www.1tv.am/hy/video/Հարցազրույց-Վլադիմիր-Սպիվակովի-հետ/200638,https://www.youtube.com/embed/RzoPc3v7u3M?autoplay=1&autohide=1,Հարցազրույց Վլադիմիր Սպիվակովի հետ,22:00,"29 Հնս, 2022"
https://www.1tv.am/hy/video/Հարցազրույց-Հայկակ-Արշամյանի-հետ/200597,https://www.youtube.com/embed/Vjh6-vDFdxA?autoplay=1&autohide=1,Հարցազրույց Հայկակ Արշամյանի հետ,21:15,"28 Հնս, 2022"
https://www.1tv.am/hy/video/Հարցազրույց-Սրբուհի-Գալյանի-հետ/200557,https://www.youtube.com/embed/YS7ZNrt5QIc?autoplay=1&autohide=1,Հարցազրույց Սրբուհի Գալյանի հետ,23:45,"27 Հնս, 2022"
https://www.1tv.am/hy/video/Հարցազրույց-Տիգրան-Հակոբյանի-հետ/200483,https://www.youtube.com/embed/g_Fw7MPlrH0?autoplay=1&autohide=1,Հարցազրույց Տիգրան Հակոբյանի հետ,21:15,"24 Հնս, 2022"
https://www.1tv.am/hy/video/Հարցազրույց-Գագիկ-Ջհանգիրյանի-հետ/200365,https://www.youtube.com/embed/KBnPsA5PXqM?autoplay=1&autohide=1,Հարցազրույց Գագիկ Ջհանգիրյանի հետ,21:50,"23 Հնս, 2022"
https://www.1tv.am/hy/video/Հարցազրույց-Վահագն-Խաչատուրյանի-հետ/200326,https://www.youtube.com/embed/Z169v5YiQy8?autoplay=1&autohide=1,Հարցազրույց Վահագն Խաչատուրյանի հետ,21:45,"22 Հնս, 2022"
https://www.1tv.am/hy/video/Հարցազրույց-Արթուր-Վանեցյանի-հետ/200246,https://www.youtube.com/embed/8U8FCnIofjo?autoplay=1&autohide=1,Հարցազրույց Արթուր Վանեցյանի հետ,21:30,"21 Հնս, 2022"
https://www.1tv.am/hy/video/Հարցազրույց/200208,https://www.youtube.com/embed/qp_rITTiWF8?autoplay=1&autohide=1,Հարցազրույց Արա Խզմալյանի հետ,20:35,"20 Հնս, 2022"
https://www.1tv.am/hy/video/Հարցազրույց-Սերգեյ-Մարկեդոնովի-հետ/200139,https://www.youtube.com/embed/3Q7dLXuaQWw?autoplay=1&autohide=1,Հարցազրույց Սերգեյ Մարկեդոնովի հետ,21:45,"17 Հնս, 2022"
https://www.1tv.am/hy/video/Հարցազրույց-Հայկ-Կոնջորյանի-հետ/200067,https://www.youtube.com/embed/t4NxKmBrJ0A?autoplay=1&autohide=1,Հարցազրույց Հայկ Կոնջորյանի հետ,21:35,"16 Հնս, 2022"
https://www.1tv.am/hy/video/Հարցազրույց-Արտեմ-Փաթափությանի-հետ/200008,https://www.youtube.com/embed/nYo2FYDTEjA?autoplay=1&autohide=1,Հարցազրույց Արտեմ Փաթափությանի հետ,21:55,"15 Հնս, 2022"
https://www.1tv.am/hy/video/Հարցազրույց-Ներսես-Երիցյանի-հետ/199979,https://www.youtube.com/embed/ZRyIH-Cpjsc?autoplay=1&autohide=1,Հարցազրույց Ներսես Երիցյանի հետ,21:15,"14 Հնս, 2022"
https://www.1tv.am/hy/video/Հարցազրույց-Գևորգ-Պապոյանի-հետ/199891,https://www.youtube.com/embed/tnlaiJCBVu0?autoplay=1&autohide=1,Հարցազրույց Գևորգ Պապոյանի հետ,21:15,"13 Հնս, 2022"
https://www.1tv.am/hy/video/Հարցազրույց-Կլեր-Բազի-Մալորիի-հետ/199835,https://www.youtube.com/embed/0QYC3f3qbic?autoplay=1&autohide=1,Հարցազրույց Կլեր Բազի Մալորիի հետ,21:50,"10 Հնս, 2022"
https://www.1tv.am/hy/video/Հարցազրույց-Արման-Բաբաջանյանի-հետ/199698,https://www.youtube.com/embed/TCBMXXNVwf8?autoplay=1&autohide=1,Հարցազրույց Արման Բաբաջանյանի հետ,21:50,"09 Հնս, 2022"
https://www.1tv.am/hy/video/Հարցազրույց-Վահագն-Ալեքսանյանի-հետ/199633,https://www.youtube.com/embed/bBIR7YzaU8M?autoplay=1&autohide=1,Հարցազրույց Վահագն Ալեքսանյանի հետ,21:05,"08 Հնս, 2022"
https://www.1tv.am/hy/video/Հարցազրույց-Հայկ-Եսայանի-հետ/199584,https://www.youtube.com/embed/U2aKdfruRcs?autoplay=1&autohide=1,Հարցազրույց Հայկ Եսայանի հետ,21:45,"07 Հնս, 2022"
https://www.1tv.am/hy/video/Հարցազրույց-Սուրեն-Պապիկյանի-հետ/199540,https://www.youtube.com/embed/M90EHAj4BWM?autoplay=1&autohide=1,Հարցազրույց Սուրեն Պապիկյանի հետ,21:15,"06 Հնս, 2022"
https://www.1tv.am/hy/video/Հարցազրույց-Ռոբերտ-Խաչատրյանի-հետ/199505,https://www.youtube.com/embed/YXl0eBP-k5Q?autoplay=1&autohide=1,Հարցազրույց Ռոբերտ Խաչատրյանի հետ,21:30,"04 Հնս, 2022"
https://www.1tv.am/hy/video/Հարցազրույց-Արմեն-Մարտիրոսյանի-հետ/199286,https://www.youtube.com/embed/eIFAxK3_ID0?autoplay=1&autohide=1,Հարցազրույց Արմեն Մարտիրոսյանի հետ,21:15,"01 Հնս, 2022"
https://www.1tv.am/hy/video/Հարցազրույց-Դավիթ-Սանասարյանի-հետ/199135,https://www.youtube.com/embed/VxXf7WreQV4?autoplay=1&autohide=1,Հարցազրույց Դավիթ Սանասարյանի հետ,21:15,"30 Մայ, 2022"
https://www.1tv.am/hy/video/Հարցազրույց-Գնել-Սանոսյանի-հետ/199059,https://www.youtube.com/embed/yJE4fN5bowk?autoplay=1&autohide=1,Հարցազրույց Գնել Սանոսյանի հետ,21:20,"27 Մայ, 2022"
https://www.1tv.am/hy/video/Հարցազրույց-Արծրուն-Հովհաննիսյանի-հետ/198957,https://www.youtube.com/embed/OiM98LTASBg?autoplay=1&autohide=1,Հարցազրույց Արծրուն Հովհաննիսյանի հետ,21:15,"26 Մայ, 2022"
https://www.1tv.am/hy/video/Հարցազրույց-Էդմոն-Մարուքյանի-հետ/198867,https://www.youtube.com/embed/NsJoaRg-pg8?autoplay=1&autohide=1,Հարցազրույց Էդմոն Մարուքյանի հետ,21:15,"25 Մայ, 2022"
https://www.1tv.am/hy/video/Հարցազրույց-Արայիկ-Հարությունյանի-հետ/198775,https://www.youtube.com/embed/mhoa6jC6H8g?autoplay=1&autohide=1,Հարցազրույց Արայիկ Հարությունյանի հետ,21:15,"24 Մայ, 2022"
https://www.1tv.am/hy/video/Բանավեճ-Բրյուսելյան-հանդիպման-արդյունքները/198728,https://www.youtube.com/embed/TF74FM7EPw0?autoplay=1&autohide=1,Բանավեճ. Բրյուսելյան հանդիպման արդյունքները,21:45,"23 Մայ, 2022"
https://www.1tv.am/hy/video/Հարցազրույց-Արա-Ֆիդանյանի-հետ/198604,https://www.youtube.com/embed/nYf61iS6ljQ?autoplay=1&autohide=1,Հարցազրույց Արա Ֆիդանյանի հետ,21:35,"20 Մայ, 2022"
https://www.1tv.am/hy/video/Բանավեճ-Արցախի-փրկությունը-ոչ-միայն-ներկայիս-այլ-նաև-նախկին-իշխանությունների-պատասխանատվությունն-է/198494,https://www.youtube.com/embed/OHNP0aVW2E8?autoplay=1&autohide=1,"Բանավեճ. Արցախի փրկությունը ոչ միայն ներկայիս, այլ նաև նախկին իշխանությունների պատասխանատվությունն է",20:25,"18 Մայ, 2022"
https://www.1tv.am/hy/video/Հարցազրույց-Սուրեն-Սուրենյանցի-հետ/198433,https://www.youtube.com/embed/L4Jr_fWs_ao?autoplay=1&autohide=1,Հարցազրույց Սուրեն Սուրենյանցի հետ,21:20,"17 Մայ, 2022"
https://www.1tv.am/hy/video/Հարցազրույց-Դավիթ-Փափազյանի-հետ/198374,https://www.youtube.com/embed/ZZlkFQ3krjE?autoplay=1&autohide=1,Հարցազրույց Դավիթ Փափազյանի հետ,20:15,"16 Մայ, 2022"
https://www.1tv.am/hy/video/Հարցազրույց-Էդմոն-Մարուքյանի-հետ/198314,https://www.youtube.com/embed/2JNCQDBHlnk?autoplay=1&autohide=1,Հարցազրույց Էդմոն Մարուքյանի հետ,21:40,"13 Մայ, 2022"
https://www.1tv.am/hy/video/Հարցազրույց-Եղիշե-Կիրակոսյանի-հետ/198210,https://www.youtube.com/embed/Ju_PHl-sRQA?autoplay=1&autohide=1,Հարցազրույց Եղիշե Կիրակոսյանի հետ,21:45,"12 Մայ, 2022"
https://www.1tv.am/hy/video/Հարցազրույց-Նազելի-Բաղդասարյանի-հետ/198140,https://www.youtube.com/embed/9iD6x7hHshU?autoplay=1&autohide=1,Հարցազրույց Նազելի Բաղդասարյանի հետ,21:15,"11 Մայ, 2022"
https://www.1tv.am/hy/video/Հարցազրույց-Անդրանիկ-Քոչարյանի-հետ/198069,https://www.youtube.com/embed/nL3FTGWny8g?autoplay=1&autohide=1,Հարցազրույց Անդրանիկ Քոչարյանի հետ,21:15,"10 Մայ, 2022"
https://www.1tv.am/hy/video/Հարցազրույց-Քրիստիննե-Գրիգորյանի-հետ/197998,https://www.youtube.com/embed/IKt8y5E8b2E?autoplay=1&autohide=1,Հարցազրույց Քրիստիննե Գրիգորյանի հետ,21:15,"09 Մայ, 2022"
https://www.1tv.am/hy/video/Հարցազրույց-Արման-Մուսինյանի-հետ/197991,https://www.youtube.com/embed/QbOfHaRgYI0?autoplay=1&autohide=1,Հարցազրույց Արման Մուսինյանի հետ,20:15,"06 Մայ, 2022"
https://www.1tv.am/hy/video/Հարցազրույց-Խաչատուր-Սուքիասյանի-հետ/197873,https://www.youtube.com/embed/HMXPzYplTsk?autoplay=1&autohide=1,Հարցազրույց Խաչատուր Սուքիասյանի հետ,21:30,"05 Մայ, 2022"
https://www.1tv.am/hy/video/Հարցազրույց-Հակոբ-Արշակյանի-հետ/197814,https://www.youtube.com/embed/VbTcLarG-oM?autoplay=1&autohide=1,Հարցազրույց Հակոբ Արշակյանի հետ,21:30,"04 Մայ, 2022"
https://www.1tv.am/hy/video/Հարցազրույց-Արամ-Սարգսյանի-հետ/197756,https://www.youtube.com/embed/QFvl8J-Kpsc?autoplay=1&autohide=1,Հարցազրույց Արամ Սարգսյանի հետ,21:30,"03 Մայ, 2022"
https://www.1tv.am/hy/video/Բանավեճ-Պայքար-հանուն-իշխանությա՞ն-թե՞-Արցախի/197722,https://www.youtube.com/embed/K7yky-BHF9w?autoplay=1&autohide=1,"Բանավեճ. Պայքար հանուն իշխանությա՞ն, թե՞ Արցախի",21:15,"02 Մայ, 2022"
https://www.1tv.am/hy/video/Հարցազրույց-Մանե-Թանդիլյանի-հետ/197599,https://www.youtube.com/embed/I8WoWSZWQWc?autoplay=1&autohide=1,Հարցազրույց Մանե Թանդիլյանի հետ,22:30,"29 Ապր, 2022"
https://www.1tv.am/hy/video/Հարցազրույց-Արմեն-Մարտիրոսյանի-հետ/197529,https://www.youtube.com/embed/PZgkDUBmGQY?autoplay=1&autohide=1,Հարցազրույց Արմեն Մարտիրոսյանի հետ,21:15,"28 Ապր, 2022"
https://www.1tv.am/hy/video/Հարցազրույց-Նորայր-Նորիկյանի-հետ/197460,https://www.youtube.com/embed/Et98obf1N9c?autoplay=1&autohide=1,Հարցազրույց Նորայր Նորիկյանի հետ,21:15,"27 Ապր, 2022"
https://www.1tv.am/hy/video/Հարցազրույց-Հայկ-Կոնջորյանի-հետ/197385,https://www.youtube.com/embed/AG_IO1YDxMs?autoplay=1&autohide=1,Հարցազրույց Հայկ Կոնջորյանի հետ,21:15,"26 Ապր, 2022"
https://www.1tv.am/hy/video/Հարցազրույց-Արթուր-Խաչատրյանի-հետ/197219,https://www.youtube.com/embed/8MRo3ReuxdM?autoplay=1&autohide=1,Հարցազրույց Արթուր Խաչատրյանի հետ,21:15,"25 Ապր, 2022"
https://www.1tv.am/hy/video/Հարցազրույց-Էդմոն-Մարուքյանի-հետ/197235,https://www.youtube.com/embed/TVcmHF35rNY?autoplay=1&autohide=1,Հարցազրույց Էդմոն Մարուքյանի հետ,20:30,"22 Ապր, 2022"
https://www.1tv.am/hy/video/Հարցազրույց-Արմեն-Գրիգորյանի-հետ/197169,https://www.youtube.com/embed/b0URoS30OLQ?autoplay=1&autohide=1,Հարցազրույց Արմեն Գրիգորյանի հետ,22:00,"21 Ապր, 2022"
https://www.1tv.am/hy/video/Հարցազրույց-Խոսրով-Հարությունյանի-հետ/197038,https://www.youtube.com/embed/g8HMCqOk77U?autoplay=1&autohide=1,Հարցազրույց Խոսրով Հարությունյանի հետ,21:15,"19 Ապր, 2022"
https://www.1tv.am/hy/video/Հարցազրույց-Վահագն-Ալեքսանյանի-հետ/196986,https://www.youtube.com/embed/0-aBMVYhcPU?autoplay=1&autohide=1,Հարցազրույց Վահագն Ալեքսանյանի հետ,21:45,"18 Ապր, 2022"
https://www.1tv.am/hy/video/Հարցազրույց-Գուրգեն-Արսենյանի-հետ/196784,https://www.youtube.com/embed/5gpdR0YwkiM?autoplay=1&autohide=1,Հարցազրույց Գուրգեն Արսենյանի հետ,21:15,"14 Ապր, 2022"
https://www.1tv.am/hy/video/Հարցազրույց-Հայկ-Կոնջորյանի-հետ/196636,https://www.youtube.com/embed/EXopwaBiu3k?autoplay=1&autohide=1,Հարցազրույց Հայկ Կոնջորյանի հետ,21:30,"12 Ապր, 2022"
https://www.1tv.am/hy/video/Հարցազրույց-Լևոն-Զուրաբյանի-հետ/196594,https://www.youtube.com/embed/1dwAXtnycQw?autoplay=1&autohide=1,Հարցազրույց Լևոն Զուրաբյանի հետ,21:30,"11 Ապր, 2022"
https://www.1tv.am/hy/video/Հարցազրույց-Էդուարդ-Աղաջանյանի-հետ/196460,https://www.youtube.com/embed/IM3asu7y-Cc?autoplay=1&autohide=1,Հարցազրույց Էդուարդ Աղաջանյանի հետ,21:15,"08 Ապր, 2022"
https://www.1tv.am/hy/video/Հարցազրույց-Էդմոն-Մարուքյանի-հետ/196359,https://www.youtube.com/embed/whMYzxAsGKM?autoplay=1&autohide=1,Հարցազրույց Էդմոն Մարուքյանի հետ,21:10,"07 Ապր, 2022"
https://www.1tv.am/hy/video/Հարցազրույց-Վահան-Քերոբյանի-հետ/196336,https://www.youtube.com/embed/QzufQOB7xcE?autoplay=1&autohide=1,Հարցազրույց Վահան Քերոբյանի հետ,21:15,"06 Ապր, 2022"
https://www.1tv.am/hy/video/Հարցազրույց-Արսեն-Թորոսյանի-հետ/196244,https://www.youtube.com/embed/kGKJ1nTvsrw?autoplay=1&autohide=1,Հարցազրույց Արսեն Թորոսյանի հետ,20:45,"05 Ապր, 2022"
https://www.1tv.am/hy/video/Հարցազրույց-Մարի-Լու-Փափազյանի-հետ/196077,https://www.youtube.com/embed/QmvYuO2vUfU?autoplay=1&autohide=1,Հարցազրույց Մարի Լու Փափազյանի հետ,20:15,"02 Ապր, 2022"
https://www.1tv.am/hy/video/Հարցազրույց-Արթուր-Հովհաննիսյանի-հետ/195935,https://www.youtube.com/embed/N4ehxsYOWHk?autoplay=1&autohide=1,Հարցազրույց Արթուր Հովհաննիսյանի հետ,21:15,"31 Մար, 2022"
https://www.1tv.am/hy/video/Հարցազրույց-Օլգա-Մարկեսի-հետ/195788,https://www.youtube.com/embed/T614hmbSLq8?autoplay=1&autohide=1,Հարցազրույց Օլգա Մարկեսի հետ,21:30,"29 Մար, 2022"
https://www.1tv.am/hy/video/Հարցազրույց-Արամ-Սարգսյանի-հետ/195726,https://www.youtube.com/embed/Qhsd7QKAf4g?autoplay=1&autohide=1,Հարցազրույց Արամ Սարգսյանի հետ,21:45,"28 Մար, 2022"
https://www.1tv.am/hy/video/Հարցազրույց-Լևոն-Շիրինյանի-հետ/195723,https://www.youtube.com/embed/yMVk81-8bQ8?autoplay=1&autohide=1,Հարցազրույց Լևոն Շիրինյանի հետ,21:15,"28 Մար, 2022"
https://www.1tv.am/hy/video/Հարցազրույց-Անդրանիկ-Քոչարյանի-հետ/195548,https://www.youtube.com/embed/jadeNCyeKAc?autoplay=1&autohide=1,Հարցազրույց Անդրանիկ Քոչարյանի հետ,21:30,"25 Մար, 2022"
https://www.1tv.am/hy/video/Հարցազրույց-Արամ-Վարդևանյանի-հետ/195510,https://www.youtube.com/embed/_4uantETzfc?autoplay=1&autohide=1,Հարցազրույց Արամ Վարդևանյանի հետ,21:45,"24 Մար, 2022"
https://www.1tv.am/hy/video/Հարցազրույց-Սուրեն-Թովմասյանի-հետ/195444,https://www.youtube.com/embed/cvuLa6oAeG4?autoplay=1&autohide=1,Հարցազրույց Սուրեն Թովմասյանի հետ,21:30,"23 Մար, 2022"
https://www.1tv.am/hy/video/Հարցազրույց-Գևորգ-Գորգիսյանի-հետ/195379,https://www.youtube.com/embed/ajPTXYM8WgM?autoplay=1&autohide=1,Հարցազրույց Գևորգ Գորգիսյանի հետ,21:15,"22 Մար, 2022"
https://www.1tv.am/hy/video/Հարցազրույց-Ալֆրեդ-Մոէկլիի-հետ/195212,https://www.youtube.com/embed/b9kgJwnqtfg?autoplay=1&autohide=1,Հարցազրույց Ալֆրեդ Մոէկլիի հետ,20:50,"18 Մար, 2022"
https://www.1tv.am/hy/video/Հարցազրույց-Վահրամ-Դումանյանի-հետ/195131,https://www.youtube.com/embed/Lkm3j8Jt_Gs?autoplay=1&autohide=1,Հարցազրույց Վահրամ Դումանյանի հետ,20:50,"17 Մար, 2022"
https://www.1tv.am/hy/video/Հարցազրույց-Տիգրան-Խաչատրյանի-հետ/195078,https://www.youtube.com/embed/3q_xplEoyBs?autoplay=1&autohide=1,Հարցազրույց Տիգրան Խաչատրյանի հետ,21:30,"16 Մար, 2022"
https://www.1tv.am/hy/video/Հարցազրույց-Էդուարդ-Աղաջանյանի-հետ/195020,https://www.youtube.com/embed/-VsMI3a60Bg?autoplay=1&autohide=1,Հարցազրույց Էդուարդ Աղաջանյանի հետ,21:15,"15 Մար, 2022"
https://www.1tv.am/hy/video/Հարցազրույց-Արման-Խոջոյանի-հետ/194943,https://www.youtube.com/embed/5fFVFB9LXZA?autoplay=1&autohide=1,Հարցազրույց Արման Խոջոյանի հետ,21:30,"14 Մար, 2022"
https://www.1tv.am/hy/video/Հարցազրույց-Կարեն-Անդրեասյանի-հետ/194876,https://www.youtube.com/embed/WfY7YjlKTSU?autoplay=1&autohide=1,Հարցազրույց Կարեն Անդրեասյանի հետ,22:00,"11 Մար, 2022"
https://www.1tv.am/hy/video/Հարցազրույց-Վահագն-Խաչատուրյանի-հետ/194783,https://www.youtube.com/embed/Wsy3Jd3GaYQ?autoplay=1&autohide=1,Հարցազրույց Վահագն Խաչատուրյանի հետ,21:30,"10 Մար, 2022"
https://www.1tv.am/hy/video/Հարցազրույց-Արա-Մկրտչյանի-հետ/194718,https://www.youtube.com/embed/AwAKoYfv7yk?autoplay=1&autohide=1,Հարցազրույց Արա Մկրտչյանի հետ,21:35,"09 Մար, 2022"
https://www.1tv.am/hy/video/Հարցազրույց-Քրիստիննե-Գրիգորյանի-հետ/194658,https://www.youtube.com/embed/ENSTZ15SuG8?autoplay=1&autohide=1,Հարցազրույց Քրիստիննե Գրիգորյանի հետ,21:15,"08 Մար, 2022"
https://www.1tv.am/hy/video/Հարցազրույց-Գուրգեն-Արսենյանի-հետ/194641,https://www.youtube.com/embed/sIC9fKz_Ra8?autoplay=1&autohide=1,Հարցազրույց Գուրգեն Արսենյանի հետ,14:30,"07 Մար, 2022"
https://www.1tv.am/hy/video/Հարցազրույց-Արծրուն-Հովհաննիսյանի-հետ/194496,https://www.youtube.com/embed/CjDsgOKuLL0?autoplay=1&autohide=1,Հարցազրույց Արծրուն Հովհաննիսյանի հետ,21:15,"04 Մար, 2022"
https://www.1tv.am/hy/video/Հարցազրույց-Գեղամ-Գևորգյանի-հետ/194387,https://www.youtube.com/embed/0ZMaNjHuxXI?autoplay=1&autohide=1,Հարցազրույց Գեղամ Գևորգյանի հետ,21:50,"01 Մար, 2022"
https://www.1tv.am/hy/video/Հարցազրույց-Հովհաննես-Խաչատրյանի-հետ/194363,https://www.youtube.com/embed/mUP8HNH0clc?autoplay=1&autohide=1,Հարցազրույց Հովհաննես Խաչատրյանի հետ,21:10,"28 Փտր, 2022"
https://www.1tv.am/hy/video/Հարցազրույց-Մարինա-Կալյուրանդի-հետ/194258,https://www.youtube.com/embed/szP8oBTTcoY?autoplay=1&autohide=1,Հարցազրույց Մարինա Կալյուրանդի հետ,21:40,"24 Փտր, 2022"
https://www.1tv.am/hy/video/Հարցազրույց-Անդրիուս-Կուբիլիուսի-հետ/194249,https://www.youtube.com/embed/IOBGfdZcZM8?autoplay=1&autohide=1,Հարցազրույց Անդրիուս Կուբիլիուսի հետ,21:40,"23 Փտր, 2022"
https://www.1tv.am/hy/video/Հարցազրույց-Տեր-Նարեկ-քահանա-Ամիրյանի-հետ/194188,https://www.youtube.com/embed/PuW7lkw2Foc?autoplay=1&autohide=1,Հարցազրույց Տեր Նարեկ քահանա Ամիրյանի հետ,21:25,"22 Փտր, 2022"
https://www.1tv.am/hy/video/Հարցազրույց-Սամվել-Բաբայանի-հետ/194179,https://www.youtube.com/embed/8iUoIxubrLc?autoplay=1&autohide=1,Հարցազրույց Սամվել Բաբայանի հետ,21:15,"21 Փտր, 2022"
https://www.1tv.am/hy/video/Հարցազրույց-Գնել-Սանոսյանի-հետ/194102,https://www.youtube.com/embed/fKu6ne0Q5bU?autoplay=1&autohide=1,Հարցազրույց Գնել Սանոսյանի հետ,21:30,"18 Փտր, 2022"
https://www.1tv.am/hy/video/Հարցազրույց-Գեղամ-Մանուկյանի-հետ/194070,https://www.youtube.com/embed/JcoFYqeHf0s?autoplay=1&autohide=1,Հարցազրույց Գեղամ Մանուկյանի հետ,21:45,"17 Փտր, 2022"
https://www.1tv.am/hy/video/Հարցազրույց-Էդմոն-Մարուքյանի-հետ/194037,https://www.youtube.com/embed/saYR0U1eeZw?autoplay=1&autohide=1,Հարցազրույց Էդմոն Մարուքյանի հետ,21:30,"16 Փտր, 2022"
https://www.1tv.am/hy/video/Հարցազրույց-Տիգրան-Աբրահամյանի-հետ/194017,https://www.youtube.com/embed/ft-46Rx3DaE?autoplay=1&autohide=1,Հարցազրույց Տիգրան Աբրահամյանի հետ,21:30,"15 Փտր, 2022"
https://www.1tv.am/hy/video/Հարցազրույց-Անդրանիկ-Քոչարյանի-հետգ/193972,https://www.youtube.com/embed/FJ93OBXaJsE?autoplay=1&autohide=1,Հարցազրույց Անդրանիկ Քոչարյանի հետ,21:35,"14 Փտր, 2022"
https://www.1tv.am/hy/video/Հարցազրույց-Ռոբերտ-Բեգլարյանի-հետ/193928,https://www.youtube.com/embed/WjdhNu22jLk?autoplay=1&autohide=1,Հարցազրույց Ռոբերտ Բեգլարյանի հետ,21:35,"11 Փտր, 2022"
https://www.1tv.am/hy/video/Հարցազրույց-Վահագն-Ալեքսանյանի-հետ/193891,https://www.youtube.com/embed/wPdDgatc-VM?autoplay=1&autohide=1,Հարցազրույց Վահագն Ալեքսանյանի հետ,21:30,"10 Փտր, 2022"
https://www.1tv.am/hy/video/Հարցազրույց-Մխիթար-Հայրապետյանի-հետ/193895,https://www.youtube.com/embed/LD8x9HFto-4?autoplay=1&autohide=1,Հարցազրույց Մխիթար Հայրապետյանի հետ,21:30,"09 Փտր, 2022"
https://www.1tv.am/hy/video/Հարցազրույց-Գագիկ-Ջհանգիրյանի-հետ/193853,https://www.youtube.com/embed/nC6RG-omzec?autoplay=1&autohide=1,Հարցազրույց Գագիկ Ջհանգիրյանի հետ,21:30,"08 Փտր, 2022"
https://www.1tv.am/hy/video/Հարցազրույց-Հայկ-Մամիջանյանի-հետ/193850,https://www.youtube.com/embed/8bxxiHvvtEY?autoplay=1&autohide=1,Հարցազրույց Հայկ Մամիջանյանի հետ,21:30,"07 Փտր, 2022"
https://www.1tv.am/hy/video/Հարցազրույց-Սրբուհի-Գալյանի-հետ/193753,https://www.youtube.com/embed/1-N7t8xaEdI?autoplay=1&autohide=1,Հարցազրույց Սրբուհի Գալյանի հետ,21:30,"04 Փտր, 2022"
https://www.1tv.am/hy/video/Հարցազրույց-Արսեն-Թորոսյանի-հետ/193731,https://www.youtube.com/embed/OnRDylExiAk?autoplay=1&autohide=1,Հարցազրույց Արսեն Թորոսյանի հետ,21:30,"03 Փտր, 2022"
https://www.1tv.am/hy/video/Հարցազրույց-Վահագն-Խաչատուրյանի-հետ/193707,https://www.youtube.com/embed/zp_KA459KM0?autoplay=1&autohide=1,Հարցազրույց Վահագն Խաչատուրյանի հետ,21:30,"02 Փտր, 2022"
https://www.1tv.am/hy/video/Հարցազրույց-Ալեն-Սիմոնյանի-հետ/193679,https://www.youtube.com/embed/DUHV6M3yuZU?autoplay=1&autohide=1,Հարցազրույց Ալեն Սիմոնյանի հետ,21:30,"01 Փտր, 2022"
https://www.1tv.am/hy/video/Հարցազրույց-Տիգրան-Հակոբյանի-հետ/193664,https://www.youtube.com/embed/F1j6ejAAIGI?autoplay=1&autohide=1,Հարցազրույց Տիգրան Հակոբյանի հետ,21:45,"31 Հնվ, 2022"
https://www.1tv.am/hy/video/Հարցազրույց-Հակոբ-Արշակյանի-հետ/193564,https://www.youtube.com/embed/zJCb-f93Q_I?autoplay=1&autohide=1,Հարցազրույց Հակոբ Արշակյանի հետ,20:30,"28 Հնվ, 2022"
https://www.1tv.am/hy/video/Հարցազրույց-Հայկուհի-Մինասյանի-հետ/193561,https://www.youtube.com/embed/U2RExU8N9Pg?autoplay=1&autohide=1,Հարցազրույց Հայկուհի Մինասյանի հետ,20:30,"27 Հնվ, 2022"
https://www.1tv.am/hy/video/Հարցազրույց-Թագուհի-Թովմասյանի-հետ/193536,https://www.youtube.com/embed/IWxyKggF5GM?autoplay=1&autohide=1,Հարցազրույց Թագուհի Թովմասյանի հետ,21:30,"26 Հնվ, 2022"
https://www.1tv.am/hy/video/Հարցազրույց-Քրիստիննե-Գրիգորյանի-հետ/193525,https://www.youtube.com/embed/uANEXCHUKa0?autoplay=1&autohide=1,Հարցազրույց Քրիստիննե Գրիգորյանի հետ,21:30,"25 Հնվ, 2022"
https://www.1tv.am/hy/video/Հարցազրույց-Մարտիրոս-Մինասյանի-և-Միքայել-Պողոսյանի-հետ/192929,https://www.youtube.com/embed/vmVvW4xjwVg?autoplay=1&autohide=1,Հարցազրույց Մարտիրոս Մինասյանի և Միքայել Պողոսյանի հետ,21:30,"01 Հնվ, 2022"
https://www.1tv.am/hy/video/Լուրեր-Գլխավոր-թողարկում/192790,https://www.youtube.com/embed/VjKUe3erKbc?autoplay=1&autohide=1,Լուրեր. Գլխավոր թողարկում,21:00,"30 Դեկ, 2021"
https://www.1tv.am/hy/video/Հարցազրույց-Սեյրան-Օհանյանի-հետ/192798,https://www.youtube.com/embed/KfvUCNOy5jE?autoplay=1&autohide=1,Հարցազրույց Սեյրան Օհանյանի հետ,21:15,"28 Դեկ, 2021"
https://www.1tv.am/hy/video/Հարցազրույց-Արմեն-Մուրադյանի-Ռուբեն-Բաբայանի-և-Հարություն-Խաչատրյանի-հետ/192693,https://www.youtube.com/embed/2F0FWkeIvHc?autoplay=1&autohide=1,"Հարցազրույց Արմեն Մուրադյանի, Ռուբեն Բաբայանի և Հարություն Խաչատրյանի հետ",21:15,"27 Դեկ, 2021"
https://www.1tv.am/hy/video/Հարցազրույց-Ռուստամ-Բադասյանի-հետ/192375,https://www.youtube.com/embed/zskasARxZtk?autoplay=1&autohide=1,Հարցազրույց Ռուստամ Բադասյանի հետ,21:15,"23 Դեկ, 2021"
https://www.1tv.am/hy/video/Հարցազրույց-Հրաչյա-Սարգսյանի-հետ/192376,https://www.youtube.com/embed/Igusrb2doCA?autoplay=1&autohide=1,Հարցազրույց Հրաչյա Սարգսյանի հետ,21:10,"23 Դեկ, 2021"
https://www.1tv.am/hy/video/Հարցազրույց-Արմեն-Գրիգորյանի-հետ/192373,https://www.youtube.com/embed/zUqvuYWQgr0?autoplay=1&autohide=1,Հարցազրույց Արմեն Գրիգորյանի հետ,21:00,"22 Դեկ, 2021"
https://www.1tv.am/hy/video/Հարցազրույց-Վիկտոր-Մնացականյանի-հետ/192286,https://www.youtube.com/embed/NtZ5hipyUbM?autoplay=1&autohide=1,Հարցազրույց Վիկտոր Մնացականյանի հետ,21:15,"20 Դեկ, 2021"
https://www.1tv.am/hy/video/Հարցազրույց-Քրիստիննե-Գրիգորյանի-հետ/192158,https://www.youtube.com/embed/c8FOvK519C0?autoplay=1&autohide=1,Հարցազրույց Քրիստիննե Գրիգորյանի հետ,21:30,"18 Դեկ, 2021"
https://www.1tv.am/hy/video/Հարցազրույց-Թաթուլ-Հակոբյանի-հետ/192052,https://www.youtube.com/embed/Z1zAwwz8UxY?autoplay=1&autohide=1,Հարցազրույց Թաթուլ Հակոբյանի հետ,21:30,"15 Դեկ, 2021"
https://www.1tv.am/hy/video/Հարցազրույց-Աղվան-Վարդանյանի-հետ/191999,https://www.youtube.com/embed/DYizVp1THqQ?autoplay=1&autohide=1,Հարցազրույց Աղվան Վարդանյանի հետ,21:15,"14 Դեկ, 2021"
https://www.1tv.am/hy/video/Հարցազրույց-Վահագն-Ալեքսանյանի-հետ/191928,https://www.youtube.com/embed/lJT2Elupvsw?autoplay=1&autohide=1,Հարցազրույց Վահագն Ալեքսանյանի հետ,21:30,"13 Դեկ, 2021"
https://www.1tv.am/hy/video/Հարցազրույց-Հայկ-Մամիջանյանի-հետ/191828,https://www.youtube.com/embed/a3LCyQvoMLA?autoplay=1&autohide=1,Հարցազրույց Հայկ Մամիջանյանի հետ,21:30,"10 Դեկ, 2021"
https://www.1tv.am/hy/video/Հարցազրույց-Սուրեն-Թովմասյանի-հետ/191755,https://www.youtube.com/embed/35_R-aOJwNQ?autoplay=1&autohide=1,Հարցազրույց Սուրեն Թովմասյանի հետ,21:15,"09 Դեկ, 2021"
https://www.1tv.am/hy/video/Հարցազրույց-Հրաչյա-Հակոբյանի-հետ/191719,https://www.youtube.com/embed/lgoyQIzYcbs?autoplay=1&autohide=1,Հարցազրույց Հրաչյա Հակոբյանի հետ,21:15,"08 Դեկ, 2021"
https://www.1tv.am/hy/video/Հարցազրույց-Նազելի-Բաղդասարյանի-հետ/191655,https://www.youtube.com/embed/cKMp_wGrOxY?autoplay=1&autohide=1,Հարցազրույց Նազելի Բաղդասարյանի հետ,21:15,"07 Դեկ, 2021"
https://www.1tv.am/hy/video/Հարցազրույց-Արամ-Սարգսյանի-հետ/191592,https://www.youtube.com/embed/fKje_vRJkmE?autoplay=1&autohide=1,Հարցազրույց Արամ Սարգսյանի հետ,21:15,"06 Դեկ, 2021"
https://www.1tv.am/hy/video/Հարցազրույց-Արթուր-Հովհաննիսյանի-հետ/191442,https://www.youtube.com/embed/nx36QRne71o?autoplay=1&autohide=1,Հարցազրույց Արթուր Հովհաննիսյանի հետ,21:40,"03 Դեկ, 2021"
https://www.1tv.am/hy/video/Հարցազրույց-Գարեգին-Բաղրամյանի-հետ/191325,https://www.youtube.com/embed/kGjK39SYJKU?autoplay=1&autohide=1,Հարցազրույց Գարեգին Բաղրամյանի հետ,21:30,"01 Դեկ, 2021"
https://www.1tv.am/hy/video/Հարցազրույց-Հովհաննես-Մովսիսյանի-հետ/191223,https://www.youtube.com/embed/8AySZlLb9h0?autoplay=1&autohide=1,Հարցազրույց Հովհաննես Մովսիսյանի հետ,21:30,"29 Նմբ, 2021"
https://www.1tv.am/hy/video/Հարցազրույց-Ստեփան-Գրիգորյանի-հետ/191124,https://www.youtube.com/embed/lZDCNC_DWt8?autoplay=1&autohide=1,Հարցազրույց Ստեփան Գրիգորյանի հետ,21:00,"28 Նմբ, 2021"
https://www.1tv.am/hy/video/Հարցազրույց-Էդմոն-Մարուքյանի-հետ/191025,https://www.youtube.com/embed/Z8_3ynjWNpw?autoplay=1&autohide=1,Հարցազրույց Էդմոն Մարուքյանի հետ,21:45,"25 Նմբ, 2021"
https://www.1tv.am/hy/video/Հարցազրույց-Հայկ-Կոնջորյանի-հետ/190948,https://www.youtube.com/embed/6mW2Z9NCPTQ?autoplay=1&autohide=1,Հարցազրույց Հայկ Կոնջորյանի հետ,21:15,"24 Նմբ, 2021"
https://www.1tv.am/hy/video/Հարցազրույց-Կոնստանտին-Զատուլինի-հետ/190873,https://www.youtube.com/embed/2xFcV9fzaXk?autoplay=1&autohide=1,Հարցազրույց Կոնստանտին Զատուլինի հետ,20:30,"23 Նմբ, 2021"
https://www.1tv.am/hy/video/ՀՀ-վարչապետ-Նիկոլ-Փաշինյանի-ասուլիսը/190876,https://www.youtube.com/embed/oZ0i0AwmfEM?autoplay=1&autohide=1,ՀՀ վարչապետ Նիկոլ Փաշինյանի ասուլիսը,19:15,"23 Նմբ, 2021"
https://www.1tv.am/hy/video/Հարցազրույց-Վան-Ահարոնյանի-հետ/190818,https://www.youtube.com/embed/H_8I4bY0xX4?autoplay=1&autohide=1,Հարցազրույց Վան Ահարոնյանի հետ,21:50,"22 Նմբ, 2021"
https://www.1tv.am/hy/video/Հարցազրույց-Տիգրան-Աբրահամյանի-հետ/190618,https://www.youtube.com/embed/tNBaYAhV2l0?autoplay=1&autohide=1,Հարցազրույց Տիգրան Աբրահամյանի հետ,21:20,"18 Նմբ, 2021"
https://www.1tv.am/hy/video/Հարցազրույց-Գուրգեն-Արսենյանի-հետ/190550,https://www.youtube.com/embed/Q4qZ4G8AMlo?autoplay=1&autohide=1,Հարցազրույց Գուրգեն Արսենյանի հետ,21:15,"17 Նմբ, 2021"
https://www.1tv.am/hy/video/Հարցազրույց-Անդրանիկ-Քոչարյանի-հետ/190471,https://www.youtube.com/embed/qIcu6aHfXHI?autoplay=1&autohide=1,Հարցազրույց Անդրանիկ Քոչարյանի հետ,21:30,"16 Նմբ, 2021"
https://www.1tv.am/hy/video/Հարցազրույց-Ռուբեն-Ռուբինյանի-հետ/190396,https://www.youtube.com/embed/ZOj-q8M0ros?autoplay=1&autohide=1,Հարցազրույց Ռուբեն Ռուբինյանի հետ,21:30,"15 Նմբ, 2021"
https://www.1tv.am/hy/video/Հարցազրույց-Դավիթ-Դանիելյանի-հետ/190346,https://www.youtube.com/embed/xwK5YfF8PrM?autoplay=1&autohide=1,Հարցազրույց Դավիթ Դանիելյանի հետ,21:45,"12 Նմբ, 2021"
https://www.1tv.am/hy/video/Հարցազրույց-Արմեն-Գրիգորյանի-հետ/190223,https://www.youtube.com/embed/eDN4uWLIDgE?autoplay=1&autohide=1,Հարցազրույց Արմեն Գրիգորյանի հետ,21:30,"11 Նմբ, 2021"
https://www.1tv.am/hy/video/Հարցազրույց-Էդուարդ-Աղաջանյանի-հետ/190138,https://www.youtube.com/embed/LDIl1W0U3Cs?autoplay=1&autohide=1,Հարցազրույց Էդուարդ Աղաջանյանի հետ,21:50,"10 Նմբ, 2021"
https://www.1tv.am/hy/video/Հարցազրույց-Սերգեյ-Կոպիրկինի-հետ/190068,https://www.youtube.com/embed/z_O0Xfck98g?autoplay=1&autohide=1,Հարցազրույց Սերգեյ Կոպիրկինի հետ,21:30,"09 Նմբ, 2021"
https://www.1tv.am/hy/video/Հարցազրույց-Հայկ-Կոնջորյանի-հետ/190022,https://www.youtube.com/embed/iyEFOnQDfFI?autoplay=1&autohide=1,Հարցազրույց Հայկ Կոնջորյանի հետ,21:30,"08 Նմբ, 2021"
https://www.1tv.am/hy/video/Հարցազրույց-Նիկոլ-Փաշինյանի-հետ/189851,https://www.youtube.com/embed/hCW05C3hxQM?autoplay=1&autohide=1,Հարցազրույց Նիկոլ Փաշինյանի հետ,21:25,"07 Նմբ, 2021"
https://www.1tv.am/hy/video/Հարցազրույց-Եղիշե-Կիրակոսյանի-հետ/189977,https://www.youtube.com/embed/J8VksuAf39k?autoplay=1&autohide=1,Հարցազրույց Եղիշե Կիրակոսյանի հետ,21:45,"05 Նմբ, 2021"
https://www.1tv.am/hy/video/Հարցազրույց-Ներսես-Երիցյանի-հետ/189769,https://www.youtube.com/embed/cU6Vi-SmNzk?autoplay=1&autohide=1,Հարցազրույց Ներսես Երիցյանի հետ,21:15,"04 Նմբ, 2021"
https://www.1tv.am/hy/video/Հարցազրույց-Սամվել-Բաբայանի-հետ/189684,https://www.youtube.com/embed/g2tugYdOW3o?autoplay=1&autohide=1,Հարցազրույց Սամվել Բաբայանի հետ,21:25,"03 Նմբ, 2021"
https://www.1tv.am/hy/video/Հարցազրույց-Անահիտ-Ավանեսյանի-հետ/189593,https://www.youtube.com/embed/oyagljM8JbA?autoplay=1&autohide=1,Հարցազրույց Անահիտ Ավանեսյանի հետ,21:30,"02 Նմբ, 2021"
https://www.1tv.am/hy/video/Հարցազրույց-Վիգեն-Խաչատրյանի-հետ/189530,https://www.youtube.com/embed/TzxTWHB8iis?autoplay=1&autohide=1,Հարցազրույց Վիգեն Խաչատրյանի հետ,21:15,"01 Նմբ, 2021"
https://www.1tv.am/hy/video/Հարցազրույց-Վարդան-Պետրոսյանի-հետ/189374,https://www.youtube.com/embed/Fm2FGMq-yAA?autoplay=1&autohide=1,Հարցազրույց Վարդան Պետրոսյանի հետ,21:30,"29 Հոկ, 2021"
https://www.1tv.am/hy/video/Հարցազրույց-Հայկ-Եսայանի-հետ/189371,https://www.youtube.com/embed/Io7O3ynMHHQ?autoplay=1&autohide=1,Հարցազրույց Հայկ Եսայանի հետ,19:00,"29 Հոկ, 2021"
https://www.1tv.am/hy/video/Հարցազրույց-Սուրեն-Պապիկյանի-հետ/189323,https://www.youtube.com/embed/ZrFVWCZFROM?autoplay=1&autohide=1,Հարցազրույց Սուրեն Պապիկյանի հետ,21:30,"28 Հոկ, 2021"
https://www.1tv.am/hy/video/Հարցազրույց-Գարիկ-Իսրայելյանի-հետ/189239,https://www.youtube.com/embed/T_7i0EumoS8?autoplay=1&autohide=1,Հարցազրույց Գարիկ Իսրայելյանի հետ,21:40,"27 Հոկ, 2021"
https://www.1tv.am/hy/video/Հարցազրույց-Արծվիկ-Մինասյանի-հետ/189208,https://www.youtube.com/embed/6P39mxJo2fo?autoplay=1&autohide=1,Հարցազրույց Արծվիկ Մինասյանի հետ,21:15,"26 Հոկ, 2021"
https://www.1tv.am/hy/video/Հարցազրույց-Գևորգ-Պապոյանի-հետ/189129,https://www.youtube.com/embed/JONslVzHJB0?autoplay=1&autohide=1,Հարցազրույց Գևորգ Պապոյանի հետ,22:30,"25 Հոկ, 2021"
https://www.1tv.am/hy/video/Հարցազրույց-Արտակ-Մանուկյանի-հետ/188991,https://www.youtube.com/embed/6h6SFEGr7ow?autoplay=1&autohide=1,Հարցազրույց Արտակ Մանուկյանի հետ,21:30,"22 Հոկ, 2021"
https://www.1tv.am/hy/video/Հարցազրույց-Վահրամ-Պետրոսյանի-և-Մովսես-Վարդանյանի-հետ/188915,https://www.youtube.com/embed/9AALhbBObak?autoplay=1&autohide=1,Հարցազրույց Վահրամ Պետրոսյանի և Մովսես Վարդանյանի հետ,21:40,"21 Հոկ, 2021"
https://www.1tv.am/hy/video/Հարցազրույց-Տիգրան-Աբրահամյանի-հետ/188851,https://www.youtube.com/embed/4PmeL7tT550?autoplay=1&autohide=1,Հարցազրույց Տիգրան Աբրահամյանի հետ,21:30,"20 Հոկ, 2021"
https://www.1tv.am/hy/video/Հարցազրույց-Արուսյակ-Ջուլհակյանի-հետ/188786,https://www.youtube.com/embed/61MCCaiFcDs?autoplay=1&autohide=1,Հարցազրույց Արուսյակ Ջուլհակյանի հետ,21:30,"19 Հոկ, 2021"
https://www.1tv.am/hy/video/Հարցազրույց-Տիգրան-Հակոբյանի-հետ/188701,https://www.youtube.com/embed/cHERxY8NFF8?autoplay=1&autohide=1,Հարցազրույց Տիգրան Հակոբյանի հետ,21:15,"18 Հոկ, 2021"
https://www.1tv.am/hy/video/Հարցազրույց-Ռուբեն-Վարդանյանի-հետ/188474,https://www.youtube.com/embed/HYStUlrOdwM?autoplay=1&autohide=1,Հարցազրույց Ռուբեն Վարդանյանի հետ,21:40,"14 Հոկ, 2021"
https://www.1tv.am/hy/video/Հարցազրույց-Արմեն-Ղազարյանի-հետ/188462,https://www.youtube.com/embed/5-ZDiRbKq7k?autoplay=1&autohide=1,Հարցազրույց Արմեն Ղազարյանի հետ,21:15,"13 Հոկ, 2021"
https://www.1tv.am/hy/video/Հարցազրույց-Էդմոն-Մարուքյանի-հետ/188340,https://www.youtube.com/embed/9c1e_XAgZVM?autoplay=1&autohide=1,Հարցազրույց Էդմոն Մարուքյանի հետ,21:30,"11 Հոկ, 2021"
https://www.1tv.am/hy/video/Հարցազրույց-Վարվառա-Հովհաննիսյանի-հետ/188225,https://www.youtube.com/embed/712mLvZRLsw?autoplay=1&autohide=1,Հարցազրույց Վարվառա Հովհաննիսյանի հետ,21:35,"09 Հոկ, 2021"
https://www.1tv.am/hy/video/Հարցազրույց-Հովիկ-Սաֆոյանի-հետ/188160,https://www.youtube.com/embed/cZxsUtmJh4Y?autoplay=1&autohide=1,Հարցազրույց Հովիկ Սաֆոյանի հետ,20:30,"08 Հոկ, 2021"
https://www.1tv.am/hy/video/Հարցազրույց-Արմեն-Խաչատրյանի-հետ/188120,https://www.youtube.com/embed/n8d9iUmz_Zc?autoplay=1&autohide=1,Հարցազրույց Արմեն Խաչատրյանի հետ,21:30,"07 Հոկ, 2021"
https://www.1tv.am/hy/video/Հարցազրույց-Տաթևիկ-Ռևազյանի-հետ/188064,https://www.youtube.com/embed/i1bT0vJVgnQ?autoplay=1&autohide=1,Հարցազրույց Տաթևիկ Ռևազյանի հետ,21:30,"06 Հոկ, 2021"
https://www.1tv.am/hy/video/Հարցազրույց-Էդիկ-Բաղդասարյանի-և-Վահե-Սարուխանյանի-հետ/188002,https://www.youtube.com/embed/1Bmd38CTKec?autoplay=1&autohide=1,Հարցազրույց Էդիկ Բաղդասարյանի և Վահե Սարուխանյանի հետ,21:30,"05 Հոկ, 2021"
https://www.1tv.am/hy/video/Հարցազրույց-Ռոման-Տրոցենկոյի-հետ/187922,https://www.youtube.com/embed/FXuKI_jVUxM?autoplay=1&autohide=1,Հարցազրույց Ռոման Տրոցենկոյի հետ,22:15,"04 Հոկ, 2021"
https://www.1tv.am/hy/video/Հարցազրույց-Արմեն-Գրիգորյանի-հետ/187780,https://www.youtube.com/embed/QvPl3S8KczM?autoplay=1&autohide=1,Հարցազրույց Արմեն Գրիգորյանի հետ,20:30,"01 Հոկ, 2021"
https://www.1tv.am/hy/video/Հարցազրույց-Ռուբեն-Ստեփանյանի-հետ/187687,https://www.youtube.com/embed/jc4CR5xjlRs?autoplay=1&autohide=1,Հարցազրույց Ռուբեն Ստեփանյանի հետ,21:30,"30 Սեպ, 2021"
https://www.1tv.am/hy/video/Հարցազրույց-Արման-Բաբաջանյանի-հետ/187627,https://www.youtube.com/embed/g8RBGuFD6aU?autoplay=1&autohide=1,Հարցազրույց Արման Բաբաջանյանի հետ,21:30,"29 Սեպ, 2021"
https://www.1tv.am/hy/video/Հարցազրույց-Լենա-Նանուշյանի-հետ/187575,https://www.youtube.com/embed/arbmPhd7gNY?autoplay=1&autohide=1,Հարցազրույց Լենա Նանուշյանի հետ,21:45,"28 Սեպ, 2021"
https://www.1tv.am/hy/video/Հարցազրույց-Հայկ-Մամիջանյանի-հետ/187488,https://www.youtube.com/embed/8VlDzN1XVOo?autoplay=1&autohide=1,Հարցազրույց Հայկ Մամիջանյանի հետ,21:55,"27 Սեպ, 2021"
https://www.1tv.am/hy/video/Հարցազրույց-Անդրանիկ-Քոչարյանի-հետ/187486,https://www.youtube.com/embed/NpmQ78xPGtk?autoplay=1&autohide=1,Հարցազրույց Անդրանիկ Քոչարյանի հետ,21:45,"27 Սեպ, 2021"
https://www.1tv.am/hy/video/Հարցազրույց-Արամ-Սարգսյանի-հետ/187482,https://www.youtube.com/embed/AwOF9zBLTqE?autoplay=1&autohide=1,Հարցազրույց Արամ Սարգսյանի հետ,18:50,"27 Սեպ, 2021"
https://www.1tv.am/hy/video/Հարցազրույց-Էդմոն-Մարուքյանի-հետ/187464,https://www.youtube.com/embed/1zdViaK_CcE?autoplay=1&autohide=1,Հարցազրույց Էդմոն Մարուքյանի հետ,17:30,"27 Սեպ, 2021"
https://www.1tv.am/hy/video/Հարցազրույց-Վահե-Ղալումյանի-հետ/187366,https://www.youtube.com/embed/XRzPSgUnGw8?autoplay=1&autohide=1,Հարցազրույց Վահե Ղալումյանի հետ,21:40,"24 Սեպ, 2021"
https://www.1tv.am/hy/video/Հարցազրույց-Արտակ-Բեգլարյանի-հետ/187288,https://www.youtube.com/embed/8yW90SQpEAY?autoplay=1&autohide=1,Հարցազրույց Արտակ Բեգլարյանի հետ,22:00,"23 Սեպ, 2021"
https://www.1tv.am/hy/video/Հարցազրույց-Վահան-Քերոբյանի-հետ/187230,https://www.youtube.com/embed/BfUBNZo9n-Y?autoplay=1&autohide=1,Հարցազրույց Վահան Քերոբյանի հետ,22:20,"22 Սեպ, 2021"
https://www.1tv.am/hy/video/Հարցազրույց-Արամ-Մանուկյանի-հետ/187179,https://www.youtube.com/embed/l7Nf_5MeEFs?autoplay=1&autohide=1,Հարցազրույց Արամ Մանուկյանի հետ,22:30,"21 Սեպ, 2021"
https://www.1tv.am/hy/video/Հարցազրույց-Լին-Թրեյսիի-հետ/187100,https://www.youtube.com/embed/xHMdUtQrPtI?autoplay=1&autohide=1,Հարցազրույց Լին Թրեյսիի հետ,21:30,"20 Սեպ, 2021"
https://www.1tv.am/hy/video/Հարցազրույց-Արմեն-Մուրադյանի-հետ/186907,https://www.youtube.com/embed/73cxSmaccoY?autoplay=1&autohide=1,Հարցազրույց Արմեն Մուրադյանի հետ,21:30,"17 Սեպ, 2021"
https://www.1tv.am/hy/video/Հարցազրույց-Արթուր-Ղազինյանի-հետ/186903,https://www.youtube.com/embed/vJPUEjG4n6c?autoplay=1&autohide=1,Հարցազրույց Արթուր Ղազինյանի հետ,21:45,"16 Սեպ, 2021"
https://www.1tv.am/hy/video/Հարցազրույց-Գագիկ-Ջհանգիրյանի-հետ/186828,https://www.youtube.com/embed/ZdLfzITH4As?autoplay=1&autohide=1,Հարցազրույց Գագիկ Ջհանգիրյանի հետ,21:30,"15 Սեպ, 2021"
https://www.1tv.am/hy/video/Հարցազրույց-Անդրանիկ-Քոչարյանի-հետ/186779,https://www.youtube.com/embed/t32gTnDauZ4?autoplay=1&autohide=1,Հարցազրույց Անդրանիկ Քոչարյանի հետ,21:30,"14 Սեպ, 2021"
https://www.1tv.am/hy/video/Հարցազրույց-Գնել-Սանոսյանի-հետ/186649,https://www.youtube.com/embed/tqJdURINt5s?autoplay=1&autohide=1,Հարցազրույց Գնել Սանոսյանի հետ,22:30,"13 Սեպ, 2021"
https://www.1tv.am/hy/video/Հարցազրույց-Արմեն-Մելիքբեկյանի-հետ/186573,https://www.youtube.com/embed/OmCQR5NQ2iE?autoplay=1&autohide=1,Հարցազրույց Արմեն Մելիքբեկյանի հետ,21:35,"12 Սեպ, 2021"
https://www.1tv.am/hy/video/Հարցազրույց-Գեղամ-Ստեփանյանի-հետ/186467,https://www.youtube.com/embed/gyI1DaW4p6c?autoplay=1&autohide=1,Հարցազրույց Գեղամ Ստեփանյանի հետ,22:00,"09 Սեպ, 2021"
https://www.1tv.am/hy/video/Հարցազրույց-Հովհաննես-Հարությունյանի-հետ/186425,https://www.youtube.com/embed/JngRnpfJ4Ms?autoplay=1&autohide=1,Հարցազրույց Հովհաննես Հարությունյանի հետ,21:35,"08 Սեպ, 2021"
https://www.1tv.am/hy/video/Հարցազրույց-Մանե-Թանդիլյանի-հետ/186374,https://www.youtube.com/embed/TmKmKa1BROk?autoplay=1&autohide=1,Հարցազրույց Մանե Թանդիլյանի հետ,21:30,"07 Սեպ, 2021"
https://www.1tv.am/hy/video/Հարցազրույց-Արման-Խոջոյանի-հետ/186347,https://www.youtube.com/embed/b2xQFDxqT6M?autoplay=1&autohide=1,Հարցազրույց Արման Խոջոյանի հետ,21:30,"06 Սեպ, 2021"
https://www.1tv.am/hy/video/Հարցազրույց-Տիգրան-Ձիթողցյանի-հետ/186270,https://www.youtube.com/embed/QZSJBl9We_E?autoplay=1&autohide=1,Հարցազրույց Տիգրան Ձիթողցյանի հետ,21:30,"05 Սեպ, 2021"
https://www.1tv.am/hy/video/Հարցազրույց-Կարեն-Անդրեասյանի-հետ/186229,https://www.youtube.com/embed/CZl2rWfm2Vc?autoplay=1&autohide=1,Հարցազրույց Կարեն Անդրեասյանի հետ,21:30,"02 Սեպ, 2021"
https://www.1tv.am/hy/video/Հարցազրույց-Հրանտ-Տեր-Աբրահամյանի-հետ/186185,https://www.youtube.com/embed/0gq7b4IyWKk?autoplay=1&autohide=1,Հարցազրույց Հրանտ Տեր-Աբրահամյանի հետ,21:30,"01 Սեպ, 2021"
https://www.1tv.am/hy/video/Հարցազրույց-Արամ-Սարգսյանի-հետ/186151,https://www.youtube.com/embed/WoU5OiFq5AQ?autoplay=1&autohide=1,Հարցազրույց Արամ Սարգսյանի հետ,21:15,"31 Օգս, 2021"
https://www.1tv.am/hy/video/Հարցազրույց-Վահե-Հակոբյանի-հետ/186130,https://www.youtube.com/embed/709Z9iv4EoE?autoplay=1&autohide=1,Հարցազրույց Վահե Հակոբյանի հետ,21:10,"30 Օգս, 2021"
https://www.1tv.am/hy/video/Հարցազրույց-Արծրուն-Հովհաննիսյանի-հետ/186078,https://www.youtube.com/embed/FseCqvjb3fo?autoplay=1&autohide=1,Հարցազրույց Արծրուն Հովհաննիսյանի հետ,21:15,"27 Օգս, 2021"
https://www.1tv.am/hy/video/Հարցազրույց-Հակոբ-Վարդանյանի-հետ/186077,https://www.youtube.com/embed/sR7jF87yILU?autoplay=1&autohide=1,Հարցազրույց Հակոբ Վարդանյանի հետ,20:30,"27 Օգս, 2021"
https://www.1tv.am/hy/video/Հարցազրույց-Սեյրան-Օհանյանի-հետ/186032,https://www.youtube.com/embed/gI3WwMIbvaI?autoplay=1&autohide=1,Հարցազրույց Սեյրան Օհանյանի հետ,21:15,"26 Օգս, 2021"
https://www.1tv.am/hy/video/Հարցազրույց-Անդրանիկ-Քոչարյանի-հետ/185975,https://www.youtube.com/embed/M4cVkirX9qg?autoplay=1&autohide=1,Հարցազրույց Անդրանիկ Քոչարյանի հետ,21:50,"25 Օգս, 2021"
https://www.1tv.am/hy/video/Հարցազրույց-Վիգեն-Խաչատրյանի-հետ/185934,https://www.youtube.com/embed/q-CDKL7cnis?autoplay=1&autohide=1,Հարցազրույց Վիգեն Խաչատրյանի հետ,21:45,"24 Օգս, 2021"
https://www.1tv.am/hy/video/Հարցազրույց-Արմեն-Գրիգորյանի-հետ/185825,https://www.youtube.com/embed/S9y7UAMyvsQ?autoplay=1&autohide=1,Հարցազրույց Արմեն Գրիգորյանի հետ,21:30,"20 Օգս, 2021"
https://www.1tv.am/hy/video/Հարցազրույց-Վահան-Քերոբյանի-հետ/185780,https://www.youtube.com/embed/E3W_hssYYvc?autoplay=1&autohide=1,Հարցազրույց Վահան Քերոբյանի հետ,21:30,"19 Օգս, 2021"
https://www.1tv.am/hy/video/Հարցազրույց-Հովհաննես-Հովհաննիսյանի-հետ/185717,https://www.youtube.com/embed/V5IGX5WZL6c?autoplay=1&autohide=1,Հարցազրույց Հովհաննես Հովհաննիսյանի հետ,21:30,"18 Օգս, 2021"
https://www.1tv.am/hy/video/Հարցազրույց-Անահիտ-Ավանեսյանի-հետ/185691,https://www.youtube.com/embed/vqnneCS2qaI?autoplay=1&autohide=1,Հարցազրույց Անահիտ Ավանեսյանի հետ,21:30,"17 Օգս, 2021"
https://www.1tv.am/hy/video/Հարցազրույց-Ռուբեն-Ռուբինյանի-հետ/185648,https://www.youtube.com/embed/g68QLnC2Hv8?autoplay=1&autohide=1,Հարցազրույց Ռուբեն Ռուբինյանի հետ,21:30,"16 Օգս, 2021"
https://www.1tv.am/hy/video/Հարցազրույց-Արման-Դիլանյանի-հետ/185017,https://www.youtube.com/embed/qm5OPcvYHzk?autoplay=1&autohide=1,Հարցազրույց Արման Դիլանյանի հետ,21:20,"26 Հլս, 2021"
https://www.1tv.am/hy/video/Հարցազրույց-Տիգրան-Ուլիխանյանի-հետ/184947,https://www.youtube.com/embed/ARCSaClfJN8?autoplay=1&autohide=1,Հարցազրույց Տիգրան Ուլիխանյանի հետ,20:30,"23 Հլս, 2021"
https://www.1tv.am/hy/video/Հարցազրույց-Արթուր-Վանեցյանի-հետ/184861,https://www.youtube.com/embed/UaquHqXWHrA?autoplay=1&autohide=1,Հարցազրույց Արթուր Վանեցյանի հետ,21:30,"21 Հլս, 2021"
https://www.1tv.am/hy/video/Հարցազրույց-Գագիկ-Մելքոնյանի-հետ/184823,https://www.youtube.com/embed/s9i5JfdQHa4?autoplay=1&autohide=1,Հարցազրույց Գագիկ Մելքոնյանի հետ,20:30,"20 Հլս, 2021"
https://www.1tv.am/hy/video/Հարցազրույց-Արման-Եղոյանի-հետ/184778,https://www.youtube.com/embed/eJiUA3ZNhGs?autoplay=1&autohide=1,Հարցազրույց Արման Եղոյանի հետ,21:30,"19 Հլս, 2021"
https://www.1tv.am/hy/video/Հարցազրույց-Տաթևիկ-Հայրապետյանի-հետ/184678,https://www.youtube.com/embed/wenZKEaG_2w?autoplay=1&autohide=1,Հարցազրույց Տաթևիկ Հայրապետյանի հետ,21:15,"16 Հլս, 2021"
https://www.1tv.am/hy/video/Հարցազրույց-Տաթևիկ-Ռևազյանի-հետ/184620,https://www.youtube.com/embed/KXLnQCyv1qU?autoplay=1&autohide=1,Հարցազրույց Տաթևիկ Ռևազյանի հետ,21:45,"15 Հլս, 2021"
https://www.1tv.am/hy/video/Հարցազրույց-Ռուստամ-Բադասյանի-հետ/184587,https://www.youtube.com/embed/b7fAtM2-xxk?autoplay=1&autohide=1,Հարցազրույց Ռուստամ Բադասյանի հետ,20:30,"14 Հլս, 2021"
https://www.1tv.am/hy/video/Հարցազրույց-Տիգրան-Եգորյանի-հետ/184479,https://www.youtube.com/embed/A-gQxXeeNiQ?autoplay=1&autohide=1,Հարցազրույց Տիգրան Եգորյանի հետ,21:30,"12 Հլս, 2021"
https://www.1tv.am/hy/video/Հարցազրույց-Արման-Բաբաջանյանի-հետ/184411,https://www.youtube.com/embed/RDYXmJdMx0M?autoplay=1&autohide=1,Հարցազրույց Արման Բաբաջանյանի հետ,20:15,"10 Հլս, 2021"
https://www.1tv.am/hy/video/Հարցազրույց-Էլեն-Հարությունյանի-և-Կարեն-Հովհաննիսյանի-հետ/184306,https://www.youtube.com/embed/z4i25ZcNLSg?autoplay=1&autohide=1,Հարցազրույց Էլեն Հարությունյանի և Կարեն Հովհաննիսյանի հետ,21:30,"08 Հլս, 2021"
https://www.1tv.am/hy/video/Հարցազրույց-Հայկ-Մամիջանյանի-հետ/184255,https://www.youtube.com/embed/rSgPhtg49gc?autoplay=1&autohide=1,Հարցազրույց Հայկ Մամիջանյանի հետ,21:40,"07 Հլս, 2021"
https://www.1tv.am/hy/video/Հարցազրույց-Արմեն-Գրիգորյանի-հետ/184212,https://www.youtube.com/embed/_IUyBtJHl1I?autoplay=1&autohide=1,Հարցազրույց Արմեն Գրիգորյանի հետ,21:15,"06 Հլս, 2021"
https://www.1tv.am/hy/video/Հարցազրույց-Մխիթար-Հայրապետյանի-հետ/184076,https://www.youtube.com/embed/P9Tl8VIG5ac?autoplay=1&autohide=1,Հարցազրույց Մխիթար Հայրապետյանի հետ,21:30,"05 Հլս, 2021"
https://www.1tv.am/hy/video/Հարցազրույց-Արմեն-Հովհաննիսյանի-հետ/184070,https://www.youtube.com/embed/I8XCXczRIbc?autoplay=1&autohide=1,Հարցազրույց Արմեն Հովհաննիսյանի հետ,21:30,"03 Հլս, 2021"
https://www.1tv.am/hy/video/Հարցազրույց-Արմեն-Մուրադյանի-հետ/183940,https://www.youtube.com/embed/MO2cJxAUNbo?autoplay=1&autohide=1,Հարցազրույց Արմեն Մուրադյանի հետ,22:30,"01 Հլս, 2021"
https://www.1tv.am/hy/video/Հարցազրույց-Գուրգեն-Արսենյանի-հետ/183800,https://www.youtube.com/embed/DjUTtJ5W6CE?autoplay=1&autohide=1,Հարցազրույց Գուրգեն Արսենյանի հետ,21:30,"29 Հնս, 2021"
https://www.1tv.am/hy/video/Հարցազրույց-Արմեն-Գրիգորյանի-հետ/183717,https://www.youtube.com/embed/U49rI0aSHZk?autoplay=1&autohide=1,Հարցազրույց Արմեն Գրիգորյանի հետ,21:45,"28 Հնս, 2021"
https://www.1tv.am/hy/video/Հարցազրույց-Տիգրան-Հակոբյանի-հետ/183515,https://www.youtube.com/embed/42IwiuBjk-g?autoplay=1&autohide=1,Հարցազրույց Տիգրան Հակոբյանի հետ,21:15,"24 Հնս, 2021"
https://www.1tv.am/hy/video/Հարցազրույց-Էդմոն-Մարուքյանի-հետ/183481,https://www.youtube.com/embed/7gDuj8upEhk?autoplay=1&autohide=1,Հարցազրույց Էդմոն Մարուքյանի հետ,21:30,"23 Հնս, 2021"
https://www.1tv.am/hy/video/Հարցազրույց-Սուրեն-Պապիկյանի-հետ/183382,https://www.youtube.com/embed/KvIOt5T-_0E?autoplay=1&autohide=1,Հարցազրույց Սուրեն Պապիկյանի հետ,21:30,"22 Հնս, 2021"
https://www.1tv.am/hy/video/Հարցազրույց-Արայիկ-Հարությունյանի-հետ/184405,https://www.youtube.com/embed/xpTtSa7XBEk?autoplay=1&autohide=1,Հարցազրույց Արայիկ Հարությունյանի հետ,21:30,"21 Հնս, 2021"
https://www.1tv.am/hy/video/Հարցազրույց-Արա-Ֆիդանյանի-հետ/183206,https://www.youtube.com/embed/OhHAfOZ8fDo?autoplay=1&autohide=1,Հարցազրույց Արա Ֆիդանյանի հետ,20:00,"19 Հնս, 2021"
https://www.1tv.am/hy/video/Հարցազրույց-Նիկոլ-Փաշինյանի-հետ/183170,https://www.youtube.com/embed/k8pxddSkNzw?autoplay=1&autohide=1,Հարցազրույց Նիկոլ Փաշինյանի հետ,22:00,"18 Հնս, 2021"
https://www.1tv.am/hy/video/Հարցազրույց-Գագիկ-Ծառուկյանի-հետ/182988,https://www.youtube.com/embed/m5081RkxsaE?autoplay=1&autohide=1,Հարցազրույց Գագիկ Ծառուկյանի հետ,17:30,"17 Հնս, 2021"
https://www.1tv.am/hy/video/Հարցազրույց-Նորայր-Նորիկյանի-հետ/182937,https://www.youtube.com/embed/KRwGXBf5VBs?autoplay=1&autohide=1,Հարցազրույց Նորայր Նորիկյանի հետ,17:35,"16 Հնս, 2021"
https://www.1tv.am/hy/video/Հարցազրույց-Լևոն-Տեր-Պետրոսյանի-հետ/182881,https://www.youtube.com/embed/QpdJbsNA5dg?autoplay=1&autohide=1,Հարցազրույց Լևոն Տեր-Պետրոսյանի հետ,23:30,"15 Հնս, 2021"
https://www.1tv.am/hy/video/Հարցազրույց-Ոսկան-արքեպիսկոպոս-Գալփակյանի-հետ/182905,https://www.youtube.com/embed/t63jD2QjjI8?autoplay=1&autohide=1,Հարցազրույց Ոսկան արքեպիսկոպոս Գալփակյանի հետ,20:30,"15 Հնս, 2021"
https://www.1tv.am/hy/video/Հարցազրույց-Էդմոն-Մարուքյանի-հետ/182817,https://www.youtube.com/embed/yC-BzPdm38I?autoplay=1&autohide=1,Հարցազրույց Էդմոն Մարուքյանի հետ,21:30,"14 Հնս, 2021"
https://www.1tv.am/hy/video/Հարցազրույց-Արման-Բաբաջանյանի-հետ/182709,https://www.youtube.com/embed/u9hZ_jBEGYU?autoplay=1&autohide=1,Հարցազրույց Արման Բաբաջանյանի հետ,21:45,"13 Հնս, 2021"
https://www.1tv.am/hy/video/Հարցազրույց-Արտակ-Գալստյանի-հետ/182555,https://www.youtube.com/embed/BvotC2GNdQo?autoplay=1&autohide=1,Հարցազրույց Արտակ Գալստյանի հետ,17:45,"11 Հնս, 2021"
https://www.1tv.am/hy/video/Հարցազրույց-Արամ-Սարգսյանի-հետ/182546,https://www.youtube.com/embed/q7rXlcHmIyQ?autoplay=1&autohide=1,Հարցազրույց Արամ Սարգսյանի հետ,17:30,"11 Հնս, 2021"
https://www.1tv.am/hy/video/Հարցազրույց-Վահե-Գասպարյանի-հետ/182417,https://www.youtube.com/embed/g4NBsGdD2Xs?autoplay=1&autohide=1,Հարցազրույց Վահե Գասպարյանի հետ,21:55,"10 Հնս, 2021"
https://www.1tv.am/hy/video/Հարցազրույց-Արթուր-Դավթյանի-հետ/182465,https://www.youtube.com/embed/S0CWp-v8-Vc?autoplay=1&autohide=1,Հարցազրույց Արթուր Դավթյանի հետ,21:30,"09 Հնս, 2021"
https://www.1tv.am/hy/video/Հարցազրույց-Սամվել-Բաբայանի-հետ/182245,https://www.youtube.com/embed/_QTq8kZszN8?autoplay=1&autohide=1,Հարցազրույց Սամվել Բաբայանի հետ,17:30,"08 Հնս, 2021"
https://www.1tv.am/hy/video/Հարցազրույց-Սուրեն-Սահակյանի-հետ/182177,https://www.youtube.com/embed/21x-MBzXw2k?autoplay=1&autohide=1,Հարցազրույց Սուրեն Սահակյանի հետ,21:30,"07 Հնս, 2021"
https://www.1tv.am/hy/video/Հարցազրույց-Էդմոն-Մարուքյանի-հետ/182063,https://www.youtube.com/embed/C4m5TlMZoLg?autoplay=1&autohide=1,Հարցազրույց Էդմոն Մարուքյանի հետ,21:30,"04 Հնս, 2021"
https://www.1tv.am/hy/video/Հարցազրույց-Արթուր-Վանեցյանի-հետ/181885,https://www.youtube.com/embed/w2AihV7bWxw?autoplay=1&autohide=1,Հարցազրույց Արթուր Վանեցյանի հետ,21:30,"03 Հնս, 2021"
https://www.1tv.am/hy/video/Հարցազրույց-Անահիտ-Ավանեսյանի-հետ/181826,https://www.youtube.com/embed/IQNVjVNS1T0?autoplay=1&autohide=1,Հարցազրույց Անահիտ Ավանեսյանի հետ,21:30,"02 Հնս, 2021"
https://www.1tv.am/hy/video/Հարցազրույց-Վահան-Քերոբյանի-հետ/181658,https://www.youtube.com/embed/IffQn31DFnE?autoplay=1&autohide=1,Հարցազրույց Վահան Քերոբյանի հետ,21:15,"31 Մայ, 2021"
https://www.1tv.am/hy/video/Հարցազրույց-Ալեն-Սիմոնյանի-հետ/181491,https://www.youtube.com/embed/uoEmXXXyQo4?autoplay=1&autohide=1,Հարցազրույց Ալեն Սիմոնյանի հետ,21:30,"28 Մայ, 2021"
https://www.1tv.am/hy/video/Հարցազրույց-Լևոն-Տեր-Պետրոսյանի-հետ/181358,https://www.youtube.com/embed/Xa5bhGIZHR8?autoplay=1&autohide=1,Հարցազրույց Լևոն Տեր-Պետրոսյանի հետ,22:05,"27 Մայ, 2021"
https://www.1tv.am/hy/video/Հարցազրույց-Հայկ-Կոնջորյանի-հետ/181305,https://www.youtube.com/embed/TD7RKp_us7w?autoplay=1&autohide=1,Հարցազրույց Հայկ Կոնջորյանի հետ,21:30,"26 Մայ, 2021"
https://www.1tv.am/hy/video/Հարցազրույց-Արմեն-Գրիգորյանի-հետ/181160,https://www.youtube.com/embed/ezh4aX2HKqM?autoplay=1&autohide=1,Հարցազրույց Արմեն Գրիգորյանի հետ,22:00,"25 Մայ, 2021"
https://www.1tv.am/hy/video/Հարցազրույց-Հայկ-Մամիջանյանի-հետ/181159,https://www.youtube.com/embed/IIOgvUGDY_8?autoplay=1&autohide=1,Հարցազրույց Հայկ Մամիջանյանի հետ,21:30,"25 Մայ, 2021"
https://www.1tv.am/hy/video/Հարցազրույց-Արա-Աբրահամյանի-հետ/181068,https://www.youtube.com/embed/XowSSe6m6MY?autoplay=1&autohide=1,Հարցազրույց Արա Աբրահամյանի հետ,21:30,"24 Մայ, 2021"
https://www.1tv.am/hy/video/Հարցազրույց-Վարդան-Ոսկանյանի-հետ/180948,https://www.youtube.com/embed/Brq2EEkSQyM?autoplay=1&autohide=1,Հարցազրույց Վարդան Ոսկանյանի հետ,21:30,"21 Մայ, 2021"
https://www.1tv.am/hy/video/Հարցազրույց-Արմեն-Գրիգորյանի-հետ/180799,https://www.youtube.com/embed/01H22olc_6U?autoplay=1&autohide=1,Հարցազրույց Արմեն Գրիգորյանի հետ,22:00,"20 Մայ, 2021"
https://www.1tv.am/hy/video/Հարցազրույց-Արսեն-Թորոսյանի-հետ/180677,https://www.youtube.com/embed/TtdO0QQF8dU?autoplay=1&autohide=1,Հարցազրույց Արսեն Թորոսյանի հետ,21:15,"19 Մայ, 2021"
https://www.1tv.am/hy/video/Հարցազրույց-Լևոն-Շիրինյանի-և-Արման-Բաբաջանյանի-հետ/180567,https://www.youtube.com/embed/v3nE41ULQp8?autoplay=1&autohide=1,Հարցազրույց Լևոն Շիրինյանի և Արման Բաբաջանյանի հետ,21:15,"18 Մայ, 2021"
https://www.1tv.am/hy/video/Հարցազրույց-Արմեն-Գրիգորյանի-հետ/180428,https://www.youtube.com/embed/qUnkwwGLU7E?autoplay=1&autohide=1,Հարցազրույց Արմեն Գրիգորյանի հետ,21:15,"17 Մայ, 2021"
https://www.1tv.am/hy/video/Հարցազրույց-Գնել-Սանոսյանի-հետ/180279,https://www.youtube.com/embed/HNuoE9yeUZw?autoplay=1&autohide=1,Հարցազրույց Գնել Սանոսյանի հետ,21:30,"15 Մայ, 2021"
https://www.1tv.am/hy/video/Հարցազրույց-Էդմոն-Մարուքյանի-հետ/180280,https://www.youtube.com/embed/PR6rlYPaJ_4?autoplay=1&autohide=1,Հարցազրույց Էդմոն Մարուքյանի հետ,21:30,"15 Մայ, 2021"
https://www.1tv.am/hy/video/Հարցազրույց-Արմեն-Խաչատրյանի-հետ/180270,https://www.youtube.com/embed/K9AsPYGf3no?autoplay=1&autohide=1,Հարցազրույց Արմեն Խաչատրյանի հետ,21:30,"13 Մայ, 2021"
https://www.1tv.am/hy/video/Հարցազրույց-Արման-Բաբաջանյանի-հետ/180007,https://www.youtube.com/embed/a1aAwodYWFA?autoplay=1&autohide=1,Հարցազրույց Արման Բաբաջանյանի հետ,21:45,"12 Մայ, 2021"
https://www.1tv.am/hy/video/Հարցազրույց-Տաթևիկ-Ստեփանյանի-հետ/179408,https://www.youtube.com/embed/UhapeIK5mc4?autoplay=1&autohide=1,Հարցազրույց Տաթևիկ Ստեփանյանի հետ,21:15,"11 Մայ, 2021"
https://www.1tv.am/hy/video/Հարցազրույց-Արսեն-Բաբայանի-հետ/179831,https://www.youtube.com/embed/OtLTMUupujA?autoplay=1&autohide=1,Հարցազրույց Արսեն Բաբայանի հետ,21:30,"10 Մայ, 2021"
https://www.1tv.am/hy/video/Հարցազրույց-Արման-Թաթոյանի-հետ/179753,https://www.youtube.com/embed/9y7L7RMSoYQ?autoplay=1&autohide=1,Հարցազրույց Արման Թաթոյանի հետ,21:30,"08 Մայ, 2021"
https://www.1tv.am/hy/video/Հարցազրույց-Արմեն-Մուրադյանի-հետ/179518,https://www.youtube.com/embed/MEWLng8BoKQ?autoplay=1&autohide=1,Հարցազրույց Արմեն Մուրադյանի հետ,21:45,"06 Մայ, 2021"
https://www.1tv.am/hy/video/Հարցազրույց-Անդրանիկ-Քոչարյանի-հետ/179413,https://www.youtube.com/embed/wuJoG9ee5h4?autoplay=1&autohide=1,Հարցազրույց Անդրանիկ Քոչարյանի հետ,21:15,"05 Մայ, 2021"
https://www.1tv.am/hy/video/Հարցազրույց-Ռուբեն-Վարդանյանի-հետ/179194,https://www.youtube.com/embed/gXVxpY1YwBE?autoplay=1&autohide=1,Հարցազրույց Ռուբեն Վարդանյանի հետ,21:30,"03 Մայ, 2021"
https://www.1tv.am/hy/video/Հարցազրույց-Լիլիթ-Մակունցի-հետ/179204,https://www.youtube.com/embed/YwD3C5dl478?autoplay=1&autohide=1,Հարցազրույց Լիլիթ Մակունցի հետ,21:15,"03 Մայ, 2021"
https://www.1tv.am/hy/video/Հարցազրույց-Դավիթ-Բաղդասարյանի-հետ/179041,https://www.youtube.com/embed/bhOutev0BGg?autoplay=1&autohide=1,Հարցազրույց Դավիթ Բաղդասարյանի հետ,21:30,"30 Ապր, 2021"
https://www.1tv.am/hy/video/Հարցազրույց-Գեորգի-Ավետիսյանի-հետ/178987,https://www.youtube.com/embed/GIlcqFTvOTU?autoplay=1&autohide=1,Հարցազրույց Գեորգի Ավետիսյանի հետ,21:15,"30 Ապր, 2021"
https://www.1tv.am/hy/video/Հարցազրույց-Վալերի-Բուայեի-հետ/178868,https://www.youtube.com/embed/OmNzeJaY21I?autoplay=1&autohide=1,Հարցազրույց Վալերի Բուայեի հետ,21:30,"29 Ապր, 2021"
https://www.1tv.am/hy/video/Հարցազրույց-Լևոն-Օհանեսյանի-հետ/178745,https://www.youtube.com/embed/g6T-0TdMT_0?autoplay=1&autohide=1,Հարցազրույց Լևոն Օհանեսյանի հետ,21:15,"28 Ապր, 2021"
https://www.1tv.am/hy/video/Հարցազրույց-Տիգրան-Հակոբյանի-հետ/178626,https://www.youtube.com/embed/Z3H8a6WjIQ8?autoplay=1&autohide=1,Հարցազրույց Տիգրան Հակոբյանի հետ,21:15,"27 Ապր, 2021"
https://www.1tv.am/hy/video/Հարցազրույց-Մխիթար-Հայրապետյանի-հետ/178545,https://www.youtube.com/embed/r77FAhrMYgw?autoplay=1&autohide=1,Հարցազրույց Մխիթար Հայրապետյանի հետ,21:30,"26 Ապր, 2021"
https://www.1tv.am/hy/video/Հարցազրույց-Համազասպ-Դանիելյանի-և-Դանիել-Իոաննիսյանի-հետ/178387,https://www.youtube.com/embed/ru8ELbyHQb0?autoplay=1&autohide=1,Հարցազրույց Համազասպ Դանիելյանի և Դանիել Իոաննիսյանի հետ,21:15,"24 Ապր, 2021"
https://www.1tv.am/hy/video/Խորհրդարանական-շաբաթ/178397,https://www.youtube.com/embed/dUWvX_wcqGI?autoplay=1&autohide=1,Խորհրդարանական շաբաթ,13:15,"24 Ապր, 2021"
https://www.1tv.am/hy/video/Հարցազրույց-Կիրո-Մանոյանի-հետ/178378,https://www.youtube.com/embed/bYRDxG1CBg4?autoplay=1&autohide=1,Հարցազրույց Կիրո Մանոյանի հետ,21:15,"23 Ապր, 2021"
https://www.1tv.am/hy/video/Հարցազրույց-Լևոն-Շիրինյանի-հետ/178236,https://www.youtube.com/embed/gndaok5dI5c?autoplay=1&autohide=1,Հարցազրույց Լևոն Շիրինյանի հետ,21:15,"22 Ապր, 2021"
https://www.1tv.am/hy/video/Հարցազրույց-Արայիկ-Հարությունյանի-հետ/178117,https://www.youtube.com/embed/vtLAzMiAslU?autoplay=1&autohide=1,Հարցազրույց Արայիկ Հարությունյանի հետ,21:35,"21 Ապր, 2021"
https://www.1tv.am/hy/video/Հարցազրույց-Հարություն-Մարությանի-հետ/178005,https://www.youtube.com/embed/p-Z_ijrxmFw?autoplay=1&autohide=1,Հարցազրույց Հարություն Մարությանի հետ,21:15,"20 Ապր, 2021"
https://www.1tv.am/hy/video/Հարցազրույց-Վահան-Քերոբյանի-հետ/177932,https://www.youtube.com/embed/wdt5KCqxX18?autoplay=1&autohide=1,Հարցազրույց Վահան Քերոբյանի հետ,21:30,"19 Ապր, 2021"
https://www.1tv.am/hy/video/Հարցազրույց-Սամվել-Բաբայանի-հետ/177803,https://www.youtube.com/embed/t2Xw6e60UTg?autoplay=1&autohide=1,Հարցազրույց Սամվել Բաբայանի հետ,21:30,"17 Ապր, 2021"
https://www.1tv.am/hy/video/Հարցազրույց-Անահիտ-Ավանեսյանի-հետ/177774,https://www.youtube.com/embed/rpMNFp1ENpA?autoplay=1&autohide=1,Հարցազրույց Անահիտ Ավանեսյանի հետ,21:15,"16 Ապր, 2021"
https://www.1tv.am/hy/video/Հարցազրույց-Անդրանիկ-Քոչարյանի-հետ/177621,https://www.youtube.com/embed/Lu3y3seRfNM?autoplay=1&autohide=1,Հարցազրույց Անդրանիկ Քոչարյանի հետ,21:15,"15 Ապր, 2021"
https://www.1tv.am/hy/video/Հարցազրույց-Հայկ-Կոնջորյանի-հետ/177524,https://www.youtube.com/embed/wo6fldFrihM?autoplay=1&autohide=1,Հարցազրույց Հայկ Կոնջորյանի հետ,21:30,"14 Ապր, 2021"
https://www.1tv.am/hy/video/Հարցազրույց-Վիգեն-Խաչատրյանի-և/177411,https://www.youtube.com/embed/S1x7TrEcwJI?autoplay=1&autohide=1,Հարցազրույց Վիգեն Խաչատրյանի և Կարեն Ավագյանի հետ,21:15,"13 Ապր, 2021"
https://www.1tv.am/hy/video/Հարցազրույց-Արամ-Սարգսյանի-հետ/177311,https://www.youtube.com/embed/lnqTMbPM7Fw?autoplay=1&autohide=1,Հարցազրույց Արամ Սարգսյանի հետ,21:15,"12 Ապր, 2021"
https://www.1tv.am/hy/video/Հարցազրույց-Ավագ-Ավանեսյանի-և-Կարեն-Զաքարյանի-հետ/177129,https://www.youtube.com/embed/h3JCs0zuJ8A?autoplay=1&autohide=1,Հարցազրույց Ավագ Ավանեսյանի և Կարեն Զաքարյանի հետ,21:30,"10 Ապր, 2021"
https://www.1tv.am/hy/video/Հարցազրույց-Գրիգոր-Մինասյանի-հետ/177122,https://www.youtube.com/embed/IQCXBa0dW-0?autoplay=1&autohide=1,Հարցազրույց Գրիգոր Մինասյանի հետ,21:30,"09 Ապր, 2021"
https://www.1tv.am/hy/video/Հարցազրույց-Արմեն-Քթոյանի-հետ/177002,https://www.youtube.com/embed/QgdL8_bVuys?autoplay=1&autohide=1,Հարցազրույց Արմեն Քթոյանի հետ,20:00,"08 Ապր, 2021"
https://www.1tv.am/hy/video/Հարցազրույց-Հրանտ-Բագրատյանի-հետ/176893,https://www.youtube.com/embed/C0z7cBSaB0A?autoplay=1&autohide=1,Հարցազրույց Հրանտ Բագրատյանի հետ,21:30,"07 Ապր, 2021"
https://www.1tv.am/hy/video/Հարցազրույց-Տիգրան-Ուլիխանյանի-հետ/176775,https://www.youtube.com/embed/8bmpow4mfOI?autoplay=1&autohide=1,Հարցազրույց Տիգրան Ուլիխանյանի հետ,21:15,"06 Ապր, 2021"
https://www.1tv.am/hy/video/Հարցազրույց-Արման-Բաբաջանյանի-հետ/176661,https://www.youtube.com/embed/LaT_ztK5iO8?autoplay=1&autohide=1,Հարցազրույց Արման Բաբաջանյանի հետ,21:15,"05 Ապր, 2021"
https://www.1tv.am/hy/video/Հարցազրույց-Էդվարդ-Հովհաննիսյանի-հետ/176480,https://www.youtube.com/embed/xwuzCAom45Y?autoplay=1&autohide=1,Հարցազրույց Էդվարդ Հովհաննիսյանի հետ,21:15,"03 Ապր, 2021"
https://www.1tv.am/hy/video/Հարցազրույց-Արմեն-Մելիքբեկյանի-հետ/176481,https://www.youtube.com/embed/rfYzbXUQ2B8?autoplay=1&autohide=1,Հարցազրույց Արմեն Մելիքբեկյանի հետ,21:35,"02 Ապր, 2021"
https://www.1tv.am/hy/video/Հարցազրույց-Արտակ-Գրիգորյանի-և-Հակոբ-Հակոբյանի-հետ/176319,https://www.youtube.com/embed/aRO7akLLRyU?autoplay=1&autohide=1,Հարցազրույց Արտակ Գրիգորյանի և Հակոբ Հակոբյանի հետ,21:15,"01 Ապր, 2021"
https://www.1tv.am/hy/video/Հարցազրույց-Վահրամ-Դումանյանի-հետ/176181,https://www.youtube.com/embed/KbvsTfOgdmA?autoplay=1&autohide=1,Հարցազրույց Վահրամ Դումանյանի հետ,21:15,"31 Մար, 2021"
https://www.1tv.am/hy/video/Հարցազրույց-Արտակ-Մանուկյանի-հետ/176081,https://www.youtube.com/embed/jOKDUcPIs-w?autoplay=1&autohide=1,Հարցազրույց Արտակ Մանուկյանի հետ,21:30,"30 Մար, 2021"
https://www.1tv.am/hy/video/Հարցազրույց-Հրանտ-Տեր-Աբրահամյանի-հետ/175970,https://www.youtube.com/embed/qaQ0X4DMXoI?autoplay=1&autohide=1,Հարցազրույց Հրանտ Տեր-Աբրահամյանի հետ,21:15,"29 Մար, 2021"
https://www.1tv.am/hy/video/Հարցազրույց-Արմեն-Գրիգորյանի-հետ/175763,https://www.youtube.com/embed/4a71t-k2h1k?autoplay=1&autohide=1,Հարցազրույց Արմեն Գրիգորյանի հետ,21:35,"27 Մար, 2021"
https://www.1tv.am/hy/video/Հարցազրույց-Գեղամ-Գևորգյանի-հետ/175756,https://www.youtube.com/embed/KdgSYfEG28I?autoplay=1&autohide=1,Հարցազրույց Գեղամ Գևորգյանի հետ,21:25,"26 Մար, 2021"
https://www.1tv.am/hy/video/Հարցազրույց-Վահագն-Հովակիմյանի-հետ/175631,https://www.youtube.com/embed/H6IwBrzdXgM?autoplay=1&autohide=1,Հարցազրույց Վահագն Հովակիմյանի հետ,21:15,"25 Մար, 2021"
https://www.1tv.am/hy/video/Հարցազրույց-Արծվիկ-Մինասյանի-հետ/175532,https://www.youtube.com/embed/5k5ZkIfvax0?autoplay=1&autohide=1,Հարցազրույց Արծվիկ Մինասյանի հետ,21:15,"24 Մար, 2021"
https://www.1tv.am/hy/video/Հարցազրույց-Ռուստամ-Բադասյանի-հետ/175394,https://www.youtube.com/embed/n9AUNxiVxnQ?autoplay=1&autohide=1,Հարցազրույց Ռուստամ Բադասյանի հետ,21:15,"23 Մար, 2021"
https://www.1tv.am/hy/video/Հարցազրույց-Ռուբեն-Վարդազարյանի-հետ/175263,https://www.youtube.com/embed/lsrPUf3Pg0g?autoplay=1&autohide=1,Հարցազրույց Ռուբեն Վարդազարյանի հետ,21:30,"22 Մար, 2021"
https://www.1tv.am/hy/video/Հարցազրույց-Վարդինե-Գրիգորյանի-հետ/175186,https://www.youtube.com/embed/DobyBXbels0?autoplay=1&autohide=1,Հարցազրույց Վարդինե Գրիգորյանի հետ,21:25,"19 Մար, 2021"
https://www.1tv.am/hy/video/Հարցազրույց-Պետրոս-Թերզյանի-հետ/175054,https://www.youtube.com/embed/oWJALACRX90?autoplay=1&autohide=1,Հարցազրույց Պետրոս Թերզյանի հետ,21:15,"18 Մար, 2021"
https://www.1tv.am/hy/video/Հարցազրույց-Էդմոն-Մարուքյանի-հետ/174805,https://www.youtube.com/embed/5fKiSGdZjmY?autoplay=1&autohide=1,Հարցազրույց Էդմոն Մարուքյանի հետ,21:15,"17 Մար, 2021"
https://www.1tv.am/hy/video/Հարցազրույց-Մանվել-Ղազարյանի-հետ/174706,https://www.youtube.com/embed/gEk8_fhTBsA?autoplay=1&autohide=1,Հարցազրույց Մանվել Ղազարյանի հետ,21:30,"16 Մար, 2021"
https://www.1tv.am/hy/video/Հարցազրույց-Համազասպ-Դանիելյանի-հետ/174636,https://www.youtube.com/embed/Lo_KvllzC-E?autoplay=1&autohide=1,Հարցազրույց Համազասպ Դանիելյանի հետ,21:05,"15 Մար, 2021"
https://www.1tv.am/hy/video/Հարցազրույց-Ռաֆայել-Վարդանյանի-հետ/174465,https://www.youtube.com/embed/4lR7w3WT6Mk?autoplay=1&autohide=1,Հարցազրույց Ռաֆայել Վարդանյանի հետ,21:15,"13 Մար, 2021"
https://www.1tv.am/hy/video/Հարցազրույց-Գնել-Սանոսյանի-հետ/174457,https://www.youtube.com/embed/w9mTbJQJSX4?autoplay=1&autohide=1,Հարցազրույց Գնել Սանոսյանի հետ,21:45,"12 Մար, 2021"
https://www.1tv.am/hy/video/Հարցազրույց-Լուսինե-Հակոբյանի-հետ/174308,https://www.youtube.com/embed/qMn4Agapve8?autoplay=1&autohide=1,Հարցազրույց Լուսինե Հակոբյանի հետ,21:30,"11 Մար, 2021"
https://www.1tv.am/hy/video/Հարցազրույց-Արսեն-Թորոսյանի-հետ/174220,https://www.youtube.com/embed/g1iiWMpBNnM?autoplay=1&autohide=1,Հարցազրույց Արսեն Թորոսյանի հետ,21:30,"10 Մար, 2021"
https://www.1tv.am/hy/video/Հարցազրույց-Նազելի-Բաղդասարյանի-հետ/174163,https://www.youtube.com/embed/nydcxlbVzxs?autoplay=1&autohide=1,Հարցազրույց Նազելի Բաղդասարյանի հետ,21:30,"09 Մար, 2021"
https://www.1tv.am/hy/video/Հարցազրույց-Հայկ-Չոբանյանի-հետ/173973,https://www.youtube.com/embed/eSEIbWLa1vM?autoplay=1&autohide=1,Հարցազրույց Հայկ Չոբանյանի հետ,21:30,"08 Մար, 2021"
https://www.1tv.am/hy/video/Հարցազրույց-Արման-Թաթոյանի-հետ/173963,https://www.youtube.com/embed/yAfMaGgHJx0?autoplay=1&autohide=1,Հարցազրույց Արման Թաթոյանի հետ,21:30,"07 Մար, 2021"
https://www.1tv.am/hy/video/Հարցազրույց-Արտյոմ-Մեհրաբյանի-հետ/173961,https://www.youtube.com/embed/DCEKbIVLOcE?autoplay=1&autohide=1,Հարցազրույց Արտյոմ Մեհրաբյանի հետ,21:15,"06 Մար, 2021"
https://www.1tv.am/hy/video/Հարցազրույց-Ռոմելլա-Աբովյանի-հետ/173951,https://www.youtube.com/embed/d3EhHNZiLMQ?autoplay=1&autohide=1,Հարցազրույց Ռոմելլա Աբովյանի հետ,21:30,"05 Մար, 2021"
https://www.1tv.am/hy/video/Հարցազրույց-Հայկ-Կոնջորյանի-հետ/173790,https://www.youtube.com/embed/ZGZ5lf_JNik?autoplay=1&autohide=1,Հարցազրույց Հայկ Կոնջորյանի հետ,21:30,"04 Մար, 2021"
https://www.1tv.am/hy/video/Հարցազրույց-Տիգրան-Ուրիխանյանի-հետ/173714,https://www.youtube.com/embed/XmKKpnMRD3s?autoplay=1&autohide=1,Հարցազրույց Տիգրան Ուրիխանյանի հետ,21:30,"03 Մար, 2021"
https://www.1tv.am/hy/video/Հարցազրույց-Սասուն-Միքայելյանի-հետ/173705,https://www.youtube.com/embed/59wOq9tCN2o?autoplay=1&autohide=1,Հարցազրույց Սասուն Միքայելյանի հետ,19:30,"03 Մար, 2021"
https://www.1tv.am/hy/video/Հարցազրույց-Հրանտ-Բագրատյանի-հետ/173647,https://www.youtube.com/embed/QJ9lhAx-MAM?autoplay=1&autohide=1,Հարցազրույց Հրանտ Բագրատյանի հետ,20:30,"02 Մար, 2021"
https://www.1tv.am/hy/video/Հարցազրույց-Տիգրան-Ավինյանի-հետ/173546,https://www.youtube.com/embed/0RXlI7bt55Q?autoplay=1&autohide=1,Հարցազրույց Տիգրան Ավինյանի հետ,20:30,"01 Մար, 2021"
https://www.1tv.am/hy/video/Հարցազրույց-Արամ-Սարգսյանի-հետ/173549,https://www.youtube.com/embed/9hSwXnOk3QQ?autoplay=1&autohide=1,Հարցազրույց Արամ Սարգսյանի հետ,20:15,"01 Մար, 2021"
https://www.1tv.am/hy/video/Հարցազրույց-Միքայել-Նահապետյանի-հետ/173418,https://www.youtube.com/embed/R8wC3Z1kOrY?autoplay=1&autohide=1,Հարցազրույց Միքայել Նահապետյանի հետ,20:00,"27 Փտր, 2021"
https://www.1tv.am/hy/video/Հարցազրույց-Էդմոն-Մարուքյանի-հետ/173411,https://www.youtube.com/embed/PXUUAFRvzPM?autoplay=1&autohide=1,Հարցազրույց Էդմոն Մարուքյանի հետ,20:15,"26 Փտր, 2021"
https://www.1tv.am/hy/video/Հարցազրույց-Ալեն-Սիմոնյանի-հետ/173324,https://www.youtube.com/embed/RNeuHfw9YDA?autoplay=1&autohide=1,Հարցազրույց Ալեն Սիմոնյանի հետ,20:30,"25 Փտր, 2021"
https://www.1tv.am/hy/video/Հարցազրույց-Արման-Բաբաջանյանի-հետ/173329,https://www.youtube.com/embed/VcjNlseWZj0?autoplay=1&autohide=1,Հարցազրույց Արման Բաբաջանյանի հետ,20:30,"25 Փտր, 2021"
https://www.1tv.am/hy/video/Հարցազրույց-Խոսրով-Հարությունյանի-հետ/173330,https://www.youtube.com/embed/ovpbbvNQ5yU?autoplay=1&autohide=1,Հարցազրույց Խոսրով Հարությունյանի հետ,20:00,"25 Փտր, 2021"
https://www.1tv.am/hy/video/Հարցազրույց-Սուրեն-Սուրենյանցի-և-Նորայր-Նորիկյանի-հետ/173319,https://www.youtube.com/embed/J6Q-ajL916k?autoplay=1&autohide=1,Հարցազրույց Սուրեն Սուրենյանցի և Նորայր Նորիկյանի հետ,19:15,"25 Փտր, 2021"
https://www.1tv.am/hy/video/Հարցազրույց-Անդրանիկ-Քոչարյանի-հետ/173258,https://www.youtube.com/embed/nvO3Pgwz9Ws?autoplay=1&autohide=1,Հարցազրույց Անդրանիկ Քոչարյանի հետ,20:45,"24 Փտր, 2021"
https://www.1tv.am/hy/video/Հարցազրույց-Լիլիթ-Գալստյանի-հետ/173192,https://www.youtube.com/embed/SvgOtyTCyms?autoplay=1&autohide=1,Հարցազրույց Լիլիթ Գալստյանի հետ,21:15,"23 Փտր, 2021"
https://www.1tv.am/hy/video/Հարցազրույց-Կիրո-Մանոյանի-հետ/173099,https://www.youtube.com/embed/wiRu57GvrrA?autoplay=1&autohide=1,Հարցազրույց Կիրո Մանոյանի հետ,20:30,"22 Փտր, 2021"
https://www.1tv.am/hy/video/Հարցազրույց-Հայկակ-Արշամյանի-հետ/173009,https://www.youtube.com/embed/RZ957NVnF3Y?autoplay=1&autohide=1,Հարցազրույց Հայկակ Արշամյանի հետ,20:30,"20 Փտր, 2021"
https://www.1tv.am/hy/video/Հարցազրույց-Հայկազ-Ֆանյանի-հետ/173005,https://www.youtube.com/embed/aBiwuJU-fDo?autoplay=1&autohide=1,Հարցազրույց Հայկազ Ֆանյանի հետ,21:30,"19 Փտր, 2021"
https://www.1tv.am/hy/video/Հարցազրույց-Ռոբերտ-Ղուկասյանի-հետ/172852,https://www.youtube.com/embed/_9a-lhNeYGM?autoplay=1&autohide=1,Հարցազրույց Ռոբերտ Ղուկասյանի հետ,21:15,"18 Փտր, 2021"
https://www.1tv.am/hy/video/Հարցազրույց-Ռուբեն-Ռուբինյանի-հետ/172842,https://www.youtube.com/embed/vyaxyn4I4Wg?autoplay=1&autohide=1,Հարցազրույց Ռուբեն Ռուբինյանի հետ,20:30,"18 Փտր, 2021"
https://www.1tv.am/hy/video/Հարցազրույց-Հայկուհի-Հարությունյանի-հետ/172777,https://www.youtube.com/embed/bB7shxXQ8Ho?autoplay=1&autohide=1,Հարցազրույց Հայկուհի Հարությունյանի հետ,20:40,"17 Փտր, 2021"
https://www.1tv.am/hy/video/Հարցազրույց-Լևոն-Շիրինյանի-հետ/172720,https://www.youtube.com/embed/HLsltifHLE4?autoplay=1&autohide=1,Հարցազրույց Լևոն Շիրինյանի հետ,20:15,"16 Փտր, 2021"
https://www.1tv.am/hy/video/Հարցազրույց/172624,https://www.youtube.com/embed/2dtBckkQ5RU?autoplay=1&autohide=1,Հարցազրույց Արման Խոջոյանի հետ,21:30,"15 Փտր, 2021"
https://www.1tv.am/hy/video/Հարցազրույց-Անահիտ-Ավանեսյանի-հետ/172634,https://www.youtube.com/embed/WP371LUhsQY?autoplay=1&autohide=1,Հարցազրույց Անահիտ Ավանեսյանի հետ,20:35,"15 Փտր, 2021"
https://www.1tv.am/hy/video/Հարցազրույց-Վաղարշակ-Հակոբյանի-հետ/172501,https://www.youtube.com/embed/mswWoiFjc3A?autoplay=1&autohide=1,Հարցազրույց Վաղարշակ Հակոբյանի հետ,20:30,"13 Փտր, 2021"
https://www.1tv.am/hy/video/Հարցազրույց-Սեդրակ-Բարսեղյանի-հետ/172476,https://www.youtube.com/embed/ISG7AZa-d8o?autoplay=1&autohide=1,Հարցազրույց Սեդրակ Բարսեղյանի հետ,21:50,"12 Փտր, 2021"
https://www.1tv.am/hy/video/Հարցազրույց/172398,https://www.youtube.com/embed/h0ETOmRH_-g?autoplay=1&autohide=1,Հարցազրույց Գեղամ Գևորգյանի հետ,21:40,"11 Փտր, 2021"
https://www.1tv.am/hy/video/Հարցազրույց-Սամվել-Կարաբեկյանի-հետ/172336,https://www.youtube.com/embed/3pP9rUPO6YU?autoplay=1&autohide=1,Հարցազրույց Սամվել Կարաբեկյանի հետ,21:21,"10 Փտր, 2021"
https://www.1tv.am/hy/video/Հարցազրույց-Քրիստինե-Գրիգորյանի-հետ/172241,https://www.youtube.com/embed/-NoF0M9uu5M?autoplay=1&autohide=1,Հարցազրույց Քրիստինե Գրիգորյանի հետ,21:15,"09 Փտր, 2021"
https://www.1tv.am/hy/video/Հարցազրույց-Անդրանիկ-Քոչարյանի-հետ/172187,https://www.youtube.com/embed/4zocDTmz7NQ?autoplay=1&autohide=1,Հարցազրույց Անդրանիկ Քոչարյանի հետ,21:45,"08 Փտր, 2021"
https://www.1tv.am/hy/video/Հարցազրույց-Զոհրաբ-Եգանյանի-հետ/172025,https://www.youtube.com/embed/I2LSLUhUjOY?autoplay=1&autohide=1,Հարցազրույց Զոհրաբ Եգանյանի հետ,21:50,"06 Փտր, 2021"
https://www.1tv.am/hy/video/Հարցազրույց-Խաչատուր-Սուքիասյանի-հետ/172033,https://www.youtube.com/embed/A_qypGbakNQ?autoplay=1&autohide=1,Հարցազրույց Խաչատուր Սուքիասյանի հետ,21:50,"05 Փտր, 2021"
https://www.1tv.am/hy/video/Հարցազրույց-Արտակ-Մարկոսյանի-հետ/172043,https://www.youtube.com/embed/MFoyEAV9PrE?autoplay=1&autohide=1,Հարցազրույց Արտակ Մարկոսյանի հետ,21:30,"05 Փտր, 2021"
https://www.1tv.am/hy/video/Հարցազրույց-Գայանե-Սահակյանի-հետ/171904,https://www.youtube.com/embed/xzbiYjC1a8M?autoplay=1&autohide=1,Հարցազրույց Գայանե Սահակյանի հետ,21:10,"04 Փտր, 2021"
https://www.1tv.am/hy/video/Հարցազրույց-Ներսես/171896,https://www.youtube.com/embed/P8SB0xxpN2Y?autoplay=1&autohide=1,Հարցազրույց Ներսես Երիցյանի հետ,21:05,"04 Փտր, 2021"
https://www.1tv.am/hy/video/Հարցազրույց-Արա-Սարգսյանի-հետ/171794,https://www.youtube.com/embed/8g8V2qvY09o?autoplay=1&autohide=1,Հարցազրույց Արամ Սարգսյանի հետ,21:15,"03 Փտր, 2021"
https://www.1tv.am/hy/video/Հարցազրույց-Բագրատ-Ասատրյանի-հետ/171607,https://www.youtube.com/embed/9MoMVdavBZw?autoplay=1&autohide=1,Հարցազրույց Բագրատ Ասատրյանի հետ,21:15,"01 Փտր, 2021"
https://www.1tv.am/hy/video/Հարցազրույց-Աշոտ-Թավադյանի-հետ/171436,https://www.youtube.com/embed/zaOYLYuQ4Zs?autoplay=1&autohide=1,Հարցազրույց Աշոտ Թավադյանի հետ,20:30,"30 Հնվ, 2021"
https://www.1tv.am/hy/video/Հարցազրույց-Հակոբ-Ասլանյանի-հետ/171427,https://www.youtube.com/embed/QcQeinqpkig?autoplay=1&autohide=1,Հարցազրույց Հակոբ Ասլանյանի հետ,20:00,"29 Հնվ, 2021"
https://www.1tv.am/hy/video/Հարցազրույց-Լեոնարդ-Պողոսյանի-հետ/171330,https://www.youtube.com/embed/KdF_11cICqE?autoplay=1&autohide=1,Հարցազրույց Լեոնարդ Պողոսյանի հետ,20:45,"28 Հնվ, 2021"
https://www.1tv.am/hy/video/Հարցազրույց-Արտակ-Թովմասյանի-հետ/171326,https://www.youtube.com/embed/qzZCBXUDIjc?autoplay=1&autohide=1,Հարցազրույց Արտակ Թովմասյանի հետ,21:45,"27 Հնվ, 2021"
https://www.1tv.am/hy/video/Հարցազրույց-Վահագն-Հովակիմյանի-հետ/171294,https://www.youtube.com/embed/ZlXBXavm-08?autoplay=1&autohide=1,Հարցազրույց Վահագն Հովակիմյանի հետ,20:30,"27 Հնվ, 2021"
https://www.1tv.am/hy/video/Հարցազրույց-Մեսրոպ-Առաքելյանի-հետ/171158,https://www.youtube.com/embed/X7N2Z0Gjo_s?autoplay=1&autohide=1,Հարցազրույց Մեսրոպ Առաքելյանի հետ,21:30,"26 Հնվ, 2021"
https://www.1tv.am/hy/video/Հարցազրույց-Սերգեյ-Սմբատյանի-հետ/171040,https://www.youtube.com/embed/DaZM4f-a_do?autoplay=1&autohide=1,Հարցազրույց Սերգեյ Սմբատյանի հետ,21:30,"25 Հնվ, 2021"
https://www.1tv.am/hy/video/Հարցազրույց-Նազելի-Բաղդասարյանի-հետ/171046,https://www.youtube.com/embed/lA_U5wKJizc?autoplay=1&autohide=1,Հարցազրույց Նազելի Բաղդասարյանի հետ,20:40,"25 Հնվ, 2021"
https://www.1tv.am/hy/video/Հարցազրույց-Եղիշե-Կիրակոսյանի-հետ/170887,https://www.youtube.com/embed/51VEYhKixSM?autoplay=1&autohide=1,Հարցազրույց Եղիշե Կիրակոսյանի հետ,21:30,"23 Հնվ, 2021"
https://www.1tv.am/hy/video/Հարցազրույց-Սուրեն-Սուրենյանց/170877,https://www.youtube.com/embed/3eP-YitpWbY?autoplay=1&autohide=1,Հարցազրույց Սուրեն Սուրենյանց,21:30,"22 Հնվ, 2021"
https://www.1tv.am/hy/video/Հարցազրույց-Հայկ-Կոնջորյանի-հետ/170794,https://www.youtube.com/embed/X6yvNXb9ycY?autoplay=1&autohide=1,Հարցազրույց Հայկ Կոնջորյանի հետ,21:30,"21 Հնվ, 2021"
https://www.1tv.am/hy/video/Հարցազրույց-Րաֆֆի-Քասարջյանի-հետ/170721,https://www.youtube.com/embed/G0mpwat_h34?autoplay=1&autohide=1,Հարցազրույց Րաֆֆի Քասարջյանի հետ,21:30,"20 Հնվ, 2021"
https://www.1tv.am/hy/video/Հարցազրույց-Արթուր-Խաչատրյանի-հետ/170628,https://www.youtube.com/embed/TX6141fnFXw?autoplay=1&autohide=1,Հարցազրույց Արթուր Խաչատրյանի հետ,21:30,"19 Հնվ, 2021"
https://www.1tv.am/hy/video/Հարցազրույց-Արման-Թաթոյանի-հետ/170546,https://www.youtube.com/embed/UrCvKgxH29Y?autoplay=1&autohide=1,Հարցազրույց Արման Թաթոյանի հետ,21:35,"18 Հնվ, 2021"
https://www.1tv.am/hy/video/Հարցազրույց-Վահան-Վարդապետյանի-հետ/170443,https://www.youtube.com/embed/_avCehEz88o?autoplay=1&autohide=1,Հարցազրույց Վահան Վարդապետյանի հետ,20:00,"16 Հնվ, 2021"
https://www.1tv.am/hy/video/Հարցազրույց-Էդմոն-Մարուքյանի-հետ/170398,https://www.youtube.com/embed/XBV765Mr2Uk?autoplay=1&autohide=1,Հարցազրույց Էդմոն Մարուքյանի հետ,21:30,"15 Հնվ, 2021"
https://www.1tv.am/hy/video/Հարցազրույց-Ռուստամ-Բադասյանի-հետ/170304,https://www.youtube.com/embed/BIVvsyjuk5s?autoplay=1&autohide=1,Հարցազրույց Ռուստամ Բադասյանի հետ,21:30,"14 Հնվ, 2021"
https://www.1tv.am/hy/video/Հարցազրույց-Դավիթ-Բաբայանի-հետ/170296,https://www.youtube.com/embed/aNSkNsjkHE0?autoplay=1&autohide=1,Հարցազրույց Դավիթ Բաբայանի հետ,21:30,"14 Հնվ, 2021"
https://www.1tv.am/hy/video/Հարցազրույց-Արգիշտի-Քյարամյանի-հետ/170224,https://www.youtube.com/embed/eYPoRilb8qg?autoplay=1&autohide=1,Հարցազրույց Արգիշտի Քյարամյանի հետ,21:45,"13 Հնվ, 2021"
https://www.1tv.am/hy/video/Հարցազրույց-Գագիկ-Ջհանգիրյանի-հետ/170216,https://www.youtube.com/embed/xHXiKwAYIhg?autoplay=1&autohide=1,Հարցազրույց Գագիկ Ջհանգիրյանի հետ,20:30,"13 Հնվ, 2021"
https://www.1tv.am/hy/video/Հարցազրույց-Վիկտոր-Ենգիբարյանի-հետ/170136,https://www.youtube.com/embed/LcMW2lVg2-c?autoplay=1&autohide=1,Հարցազրույց Վիկտոր Ենգիբարյանի հետ,21:30,"12 Հնվ, 2021"
https://www.1tv.am/hy/video/Հարցազրույց-Արման-Բաբաջանյանի-հետ/170084,https://www.youtube.com/embed/nH8SoWnV-kU?autoplay=1&autohide=1,Հարցազրույց Արման Բաբաջանյանի հետ,21:30,"11 Հնվ, 2021"
https://www.1tv.am/hy/video/Հարցազրույց-Ռուբեն-Ռուբինյանի-հետ/169912,https://www.youtube.com/embed/ilJkzqjDaoM?autoplay=1&autohide=1,Հարցազրույց Ռուբեն Ռուբինյանի հետ,21:30,"10 Հնվ, 2021"
https://www.1tv.am/hy/video/Հարցազրույց-Նորայր-Նորիկյանի-հետ/169921,https://www.youtube.com/embed/UQOX6Yl3Zl0?autoplay=1&autohide=1,Հարցազրույց Նորայր Նորիկյանի հետ,21:30,"09 Հնվ, 2021"
https://www.1tv.am/hy/video/Հարցազրույց-Վահան-Քերոբյանի-հետ/169797,https://www.youtube.com/embed/dvRlAGxdbqc?autoplay=1&autohide=1,Հարցազրույց Վահան Քերոբյանի հետ,19:30,"07 Հնվ, 2021"
https://www.1tv.am/hy/video/Հարցազրույց-Ռուբեն-Բաբայանի-հետ/169615,https://www.youtube.com/embed/1wvNJaricqE?autoplay=1&autohide=1,Հարցազրույց Ռուբեն Բաբայանի հետ,21:30,"30 Դեկ, 2020"
https://www.1tv.am/hy/video/Հարցազրույց-Մխիթար-Հայրապետյանի-հետ/169468,https://www.youtube.com/embed/emmu8-aY1L4?autoplay=1&autohide=1,Հարցազրույց Մխիթար Հայրապետյանի հետ,21:30,"29 Դեկ, 2020"
https://www.1tv.am/hy/video/Հարցազրույց-Էդմոն-Մարուքյանի-հետ/169295,https://www.youtube.com/embed/R9pypq5R7yk?autoplay=1&autohide=1,Հարցազրույց Էդմոն Մարուքյանի հետ,21:30,"28 Դեկ, 2020"
https://www.1tv.am/hy/video/Հարցազրույց-Նիկոլ-Փաշինյանի-հետ/169093,https://www.youtube.com/embed/L4ahf4SYLJo?autoplay=1&autohide=1,Հարցազրույց Նիկոլ Փաշինյանի հետ,22:00,"27 Դեկ, 2020"
https://www.1tv.am/hy/video/Հարցազրույց-Եղիշե-Կիրակոսյանի-հետ/169111,https://www.youtube.com/embed/nVp9ThrzbiI?autoplay=1&autohide=1,Հարցազրույց Եղիշե Կիրակոսյանի հետ,21:25,"26 Դեկ, 2020"
https://www.1tv.am/hy/video/Հարցազրույց-Արա-Հակոբյանի-հետ/169102,https://www.youtube.com/embed/FEckBZfC6l4?autoplay=1&autohide=1,Հարցազրույց Արա Հակոբյանի հետ,21:30,"25 Դեկ, 2020"
https://www.1tv.am/hy/video/Հարցազրույց-Ոսկան-արքեպիսկոպոս-Գալփաքյանի-հետ/168913,https://www.youtube.com/embed/qP_-L2IQysQ?autoplay=1&autohide=1,Հարցազրույց Ոսկան արքեպիսկոպոս Գալփաքյանի հետ,21:30,"24 Դեկ, 2020"
https://www.1tv.am/hy/video/Հարցազրույց-Աշոտ-Բլեյանի-հետ/168797,https://www.youtube.com/embed/1rzh3wgKTfg?autoplay=1&autohide=1,Հարցազրույց Աշոտ Բլեյանի հետ,21:40,"23 Դեկ, 2020"
https://www.1tv.am/hy/video/Հարցազրույց-Արման-Բաբաջանյանի-հետ/168680,https://www.youtube.com/embed/NTCwCGeCJGI?autoplay=1&autohide=1,Հարցազրույց Արման Բաբաջանյանի հետ,21:45,"22 Դեկ, 2020"
https://www.1tv.am/hy/video/Հարցազրույց-Ռաֆիկ-Հակոբյանի-հետ/168672,https://www.youtube.com/embed/2wFn-PCMUrA?autoplay=1&autohide=1,Հարցազրույց Ռաֆիկ Հակոբյանի հետ,20:30,"22 Դեկ, 2020"
https://www.1tv.am/hy/video/Հարցազրույց-Լիլիթ-Մակունցի-հետ/168586,https://www.youtube.com/embed/lO7hU4mIldA?autoplay=1&autohide=1,Հարցազրույց Լիլիթ Մակունցի հետ,21:45,"21 Դեկ, 2020"
https://www.1tv.am/hy/video/Հարցազրույց-Արմեն-Մկրտչյանի-հետ/168584,https://www.youtube.com/embed/4zf4xYG_3Mw?autoplay=1&autohide=1,Հարցազրույց Արմեն Մկրտչյանի հետ,21:30,"21 Դեկ, 2020"
https://www.1tv.am/hy/video/Հարցազրույց-Արտակ-Զեյնալյանի-հետ/168466,https://www.youtube.com/embed/yOWBp5xVlkU?autoplay=1&autohide=1,Հարցազրույց Արտակ Զեյնալյանի հետ,21:30,"19 Դեկ, 2020"
https://www.1tv.am/hy/video/Հարցազրույց-Արմեն-Գրիգորյանի-հետ/168457,https://www.youtube.com/embed/yPzPkIPaYmo?autoplay=1&autohide=1,Հարցազրույց Արմեն Գրիգորյանի հետ,21:30,"18 Դեկ, 2020"
https://www.1tv.am/hy/video/Հարցազրույց-Խոսրով-Հարությունյանի-հետ/168448,https://www.youtube.com/embed/VyzfUakmsJY?autoplay=1&autohide=1,Հարցազրույց Խոսրով Հարությունյանի հետ,20:30,"18 Դեկ, 2020"
https://www.1tv.am/hy/video/Հարցազրույց-Արա-Ֆիդանյանի-հետ/168348,https://www.youtube.com/embed/5-Sxp6sh0yo?autoplay=1&autohide=1,Հարցազրույց Արա Ֆիդանյանի հետ,21:30,"17 Դեկ, 2020"
https://www.1tv.am/hy/video/Հարցազրույց-Մանե-Թանդիլյանի-հետ/168234,https://www.youtube.com/embed/tQDVcBB9-O0?autoplay=1&autohide=1,Հարցազրույց Մանե Թանդիլյանի հետ,22:45,"16 Դեկ, 2020"
https://www.1tv.am/hy/video/Հարցազրույց-Ներսես-Երիցյանի-հետ/168231,https://www.youtube.com/embed/t1-L71LIphw?autoplay=1&autohide=1,Հարցազրույց Ներսես Երիցյանի հետ,22:30,"16 Դեկ, 2020"
https://www.1tv.am/hy/video/Հարցազրույց-Ժիրայր-Սեֆիլյանի-հետ/168133,https://www.youtube.com/embed/viDJgiFrNBA?autoplay=1&autohide=1,Հարցազրույց Ժիրայր Սեֆիլյանի հետ,21:30,"15 Դեկ, 2020"
https://www.1tv.am/hy/video/Հարցազրույց-Արամ-Սարգսյանի-հետ/168041,https://www.youtube.com/embed/ma3FbwEUSA8?autoplay=1&autohide=1,Հարցազրույց Արամ Սարգսյանի հետ,21:30,"14 Դեկ, 2020"
https://www.1tv.am/hy/video/Հարցազրույց-Արսեն-Ավագյանի-հետ/167844,https://www.youtube.com/embed/jOxS8-cgyok?autoplay=1&autohide=1,Հարցազրույց Արսեն Ավագյանի հետ,20:50,"12 Դեկ, 2020"
https://www.1tv.am/hy/video/Հարցազրույց-Վահրամ-Մարտիրոսյանի-հետ/167840,https://www.youtube.com/embed/izWcMVxXQXM?autoplay=1&autohide=1,Հարցազրույց Վահրամ Մարտիրոսյանի հետ,20:30,"12 Դեկ, 2020"
https://www.1tv.am/hy/video/Հարցազրույց-Հայկակ-Արշամյանի-հետ/167705,https://www.youtube.com/embed/GWG2615sv8A?autoplay=1&autohide=1,Հարցազրույց Հայկակ Արշամյանի հետ,21:30,"10 Դեկ, 2020"
https://www.1tv.am/hy/video/Հարցազրույց-Անդրանիկ-Քոչարյանի-հետ/167615,https://www.youtube.com/embed/9qMZ7mDDai8?autoplay=1&autohide=1,Հարցազրույց Անդրանիկ Քոչարյանի հետ,20:00,"09 Դեկ, 2020"
https://www.1tv.am/hy/video/Հարցազրույց-Սուրեն-Սահակյանի-հետ/167480,https://www.youtube.com/embed/lE3yvsrFBqU?autoplay=1&autohide=1,Հարցազրույց Սուրեն Սահակյանի հետ,20:35,"08 Դեկ, 2020"
https://www.1tv.am/hy/video/Հարցազրույց-Էդմոն-Մարուքյանի-հետ/167426,https://www.youtube.com/embed/BReYdVDEpdM?autoplay=1&autohide=1,Հարցազրույց Էդմոն Մարուքյանի հետ,20:30,"07 Դեկ, 2020"
https://www.1tv.am/hy/video/Հարցազրույց-Էդուարդ-Աղաջանյանի-հետ/167282,https://www.youtube.com/embed/bwvum4FfGz8?autoplay=1&autohide=1,Հարցազրույց Էդուարդ Աղաջանյանի հետ,20:45,"05 Դեկ, 2020"
https://www.1tv.am/hy/video/Հարցազրույց-Արա-Սահակյանի-հետ/167272,https://www.youtube.com/embed/Y2C4XAFEy5U?autoplay=1&autohide=1,Հարցազրույց Արա Սահակյանի հետ,21:35,"04 Դեկ, 2020"
https://www.1tv.am/hy/video/Հարցազրույց-Տիգրան-Ուրիխանյանի-հետ/167161,https://www.youtube.com/embed/1MTGD-s7elw?autoplay=1&autohide=1,Հարցազրույց Տիգրան Ուրիխանյանի հետ,21:15,"03 Դեկ, 2020"
https://www.1tv.am/hy/video/Հարցազրույց-Եղիշե-Կիրակոսյանի-հետ/166975,https://www.youtube.com/embed/B-Ww8xgymq0?autoplay=1&autohide=1,Հարցազրույց Եղիշե Կիրակոսյանի հետ,19:30,"02 Դեկ, 2020"
https://www.1tv.am/hy/video/Հարցազրույց-Մարիա-Կարապետյանի-հետ/166873,https://www.youtube.com/embed/97YKcet2zKo?autoplay=1&autohide=1,Հարցազրույց Մարիա Կարապետյանի հետ,19:30,"01 Դեկ, 2020"
https://www.1tv.am/hy/video/Հարցազրույց-Գեղամ-Մանուկյանի-հետ/166796,https://www.youtube.com/embed/6uNGz3FzgaQ?autoplay=1&autohide=1,Հարցազրույց Գեղամ Մանուկյանի հետ,19:30,"30 Նմբ, 2020"
https://www.1tv.am/hy/video/Հարցազրույց-Վահան-Քերոբյանի-հետ/166711,https://www.youtube.com/embed/lTHZSSh7U6s?autoplay=1&autohide=1,Հարցազրույց Վահան Քերոբյանի հետ,20:35,"27 Նմբ, 2020"
https://www.1tv.am/hy/video/Հարցազրույց-Վիտալի-Ոսկանյանի-հետ/166559,https://www.youtube.com/embed/PcHF0NnqL8g?autoplay=1&autohide=1,Հարցազրույց Վիտալի Ոսկանյանի հետ,20:30,"26 Նմբ, 2020"
https://www.1tv.am/hy/video/Հարցազրույց-Լենա-Նազարյանի-հետ/166480,https://www.youtube.com/embed/mpmQehzA4AQ?autoplay=1&autohide=1,Հարցազրույց Լենա Նազարյանի հետ,21:30,"25 Նմբ, 2020"
https://www.1tv.am/hy/video/Հարցազրույց-Հակոբ-Արշակյանի-հետ/166355,https://www.youtube.com/embed/V5DMbMVSM6I?autoplay=1&autohide=1,Հարցազրույց Հակոբ Արշակյանի հետ,21:30,"24 Նմբ, 2020"
https://www.1tv.am/hy/video/Հարցազրույց-Ռուբեն-Ռուբինյանի-հետ/166229,https://www.youtube.com/embed/J2dbSjZ8Msc?autoplay=1&autohide=1,Հարցազրույց Ռուբեն Ռուբինյանի հետ,20:30,"23 Նմբ, 2020"
https://www.1tv.am/hy/video/Հարցազրույց-Գուրգեն-Արսենյան-հետ/165975,https://www.youtube.com/embed/Tyq9KyBZXBs?autoplay=1&autohide=1,Հարցազրույց Գուրգեն Արսենյանի հետ,21:30,"18 Նմբ, 2020"
https://www.1tv.am/hy/video/Հարցազրույց-Տեր-Ասողիկ-աբեղա-Կարապետյանի-հետ/165858,https://www.youtube.com/embed/okqM5slj3sI?autoplay=1&autohide=1,Հարցազրույց Տեր Ասողիկ աբեղա Կարապետյանի հետ,19:30,"16 Նմբ, 2020"
https://www.1tv.am/hy/video/Հարցազրույց-Էդմոն-Մարուքյանի-հետ/165670,https://www.youtube.com/embed/Z45rBngViVY?autoplay=1&autohide=1,Հարցազրույց Էդմոն Մարուքյանի հետ,20:00,"15 Նմբ, 2020"
https://www.1tv.am/hy/video/Հարցազրույց-Նիկոլ-Փաշինյանի-հետ/165651,https://www.facebook.com/plugins/video.php?href=https%3A%2F%2Fwww.facebook.com%2Flurer1tv%2Fvideos%2F1285800781771444%2F&show_text=0&width=560&autoplay=1,Հարցազրույց Նիկոլ Փաշինյանի հետ,20:00,"13 Նմբ, 2020"
https://www.1tv.am/hy/video/Հարցազրույց-Հրանտ-Բագրատյանի-հետ/165660,https://www.youtube.com/embed/H86ZJWoMkF8?autoplay=1&autohide=1,Հարցազրույց Հրանտ Բագրատյանի հետ,19:30,"13 Նմբ, 2020"
https://www.1tv.am/hy/video/Հարցազրույց-Դավիթ-Տոնոյանի-հետ/165510,https://www.youtube.com/embed/-dmkGDaVsjo?autoplay=1&autohide=1,Հարցազրույց Դավիթ Տոնոյանի հետ,20:30,"10 Նմբ, 2020"
https://www.1tv.am/hy/video/Հարցազրույց-Վարդան-Արամյանի-հետ/165440,https://www.youtube.com/embed/DQJ2akS0BCU?autoplay=1&autohide=1,Հարցազրույց Վարդան Արամյանի հետ,19:30,"09 Նմբ, 2020"
https://www.1tv.am/hy/video/Հարցազրույց-Նարինե-Աբգարյանի-հետ/165436,https://www.youtube.com/embed/IMW7CXuo_2Q?autoplay=1&autohide=1,Հարցազրույց Նարինե Աբգարյանի հետ,21:15,"07 Նմբ, 2020"
https://www.1tv.am/hy/video/Հարցազրույց-Արծրուն-Հովհաննիսյանի-հետ/165432,https://www.youtube.com/embed/aM2SKeuAxDg?autoplay=1&autohide=1,Հարցազրույց Արծրուն Հովհաննիսյանի հետ,19:30,"06 Նմբ, 2020"
https://www.1tv.am/hy/video/Հարցազրույց-Արծրուն-Հովհաննիսյանի-հետ/165240,https://www.youtube.com/embed/8M1WEg0S19U?autoplay=1&autohide=1,Հարցազրույց Արծրուն Հովհաննիսյանի հետ,19:30,"05 Նմբ, 2020"
https://www.1tv.am/hy/video/Հարցազրույց-Ռուբեն-Մելքոնյանի-հետ/165083,https://www.youtube.com/embed/cXC30KnEEfg?autoplay=1&autohide=1,Հարցազրույց Ռուբեն Մելքոնյանի հետ,19:30,"04 Նմբ, 2020"
https://www.1tv.am/hy/video/Հարցազրույց-Էդմոն-Մարուքյանի-հետ/165036,https://www.youtube.com/embed/hqrd_5fmsEM?autoplay=1&autohide=1,Հարցազրույց Էդմոն Մարուքյանի հետ,19:30,"03 Նմբ, 2020"
https://www.1tv.am/hy/video/Հարցազրույց-Կարեն-Հովհաննիսյանի-և-Սարո-Սարոյանի-հետ/164905,https://www.youtube.com/embed/GwrR9A8o6ss?autoplay=1&autohide=1,Հարցազրույց Կարեն Հովհաննիսյանի և Սարո Սարոյանի հետ,19:30,"02 Նմբ, 2020"
https://www.1tv.am/hy/video/Հարցազրույց-Անդրանիկ-Քոչարյանի-հետ/164643,https://www.youtube.com/embed/wEptL9CcmmA?autoplay=1&autohide=1,Հարցազրույց Անդրանիկ Քոչարյանի հետ,19:35,"29 Հոկ, 2020"
https://www.1tv.am/hy/video/Հարցազրույց-Գեորգի-Մելքոնյանի-հետ/164550,https://www.youtube.com/embed/Dz6laWTWPek?autoplay=1&autohide=1,Հարցազրույց Գեորգի Մելքոնյանի հետ,20:30,"28 Հոկ, 2020"
https://www.1tv.am/hy/video/Հարցազրույց-Դավիթ-Հովհաննիսյանի-հետ/164426,https://www.youtube.com/embed/9YN-4iClPiE?autoplay=1&autohide=1,Հարցազրույց Դավիթ Հովհաննիսյանի հետ,19:30,"27 Հոկ, 2020"
https://www.1tv.am/hy/video/Հարցազրույց-Վարդան-Պետրոսյանի-հետ/164289,https://www.youtube.com/embed/HDZLeg4gkHM?autoplay=1&autohide=1,Հարցազրույց Վարդան Պետրոսյանի հետ,21:30,"24 Հոկ, 2020"
https://www.1tv.am/hy/video/Հարցազրույց-Էդգար-Էլբակյանի-հետ/164109,https://www.youtube.com/embed/hypSAhgXTO8?autoplay=1&autohide=1,Հարցազրույց Էդգար Էլբակյանի հետ,19:30,"22 Հոկ, 2020"
https://www.1tv.am/hy/video/Հարցազրույց-Կարեն-Հովհաննիսյանի-հետ/164015,https://www.youtube.com/embed/FUIF2uSMoCM?autoplay=1&autohide=1,Հարցազրույց Կարեն Հովհաննիսյանի հետ,20:15,"21 Հոկ, 2020"
https://www.1tv.am/hy/video/Հարցազրույց-Արծրուն-Հովհաննիսյանի-հետ/163896,https://www.youtube.com/embed/7QEowUEoTsg?autoplay=1&autohide=1,Հարցազրույց Արծրուն Հովհաննիսյանի հետ,20:30,"20 Հոկ, 2020"
https://www.1tv.am/hy/video/Հարցազրույց-Եղիշե-Կիրակոսյանի-և-Լևոն-Գևորգյանի-հետ/163827,https://www.youtube.com/embed/BjfeVfeL0N4?autoplay=1&autohide=1,Հարցազրույց Եղիշե Կիրակոսյանի և Լևոն Գևորգյանի հետ,19:30,"19 Հոկ, 2020"
https://www.1tv.am/hy/video/Հարցազրույց-Արամ-Սարգսյանի-հետ/163631,https://www.youtube.com/embed/n_rjVVMKElY?autoplay=1&autohide=1,Հարցազրույց Արամ Սարգսյանի հետ,20:30,"15 Հոկ, 2020"
https://www.1tv.am/hy/video/Հարցազրույց-Վարուժան-Ավետիքյանի-հետ/163622,https://www.youtube.com/embed/u5ZTBNAsD08?autoplay=1&autohide=1,Հարցազրույց Վարուժան Ավետիքյանի հետ,20:30,"15 Հոկ, 2020"
https://www.1tv.am/hy/video/Հարցազրույց-Ալեն-Սիմոնյանի-հետ/163565,https://www.youtube.com/embed/cHmiIb2ui2A?autoplay=1&autohide=1,Հարցազրույց Ալեն Սիմոնյանի հետ,20:20,"14 Հոկ, 2020"
https://www.1tv.am/hy/video/Հարցազրույց-Արսեն-Թորոսյանի-հետ/163396,https://www.youtube.com/embed/FolNtdxCCEc?autoplay=1&autohide=1,Հարցազրույց Արսեն Թորոսյանի հետ,20:00,"12 Հոկ, 2020"
https://www.1tv.am/hy/video/Հարցազրույց-Արա-Խզմալյանի-և-Արթուր-Ղուկասյանի-հետ/162677,https://www.youtube.com/embed/ZlLbn_y_N8c?autoplay=1&autohide=1,Հարցազրույց Արա Խզմալյանի և Արթուր Ղուկասյանի հետ,19:30,"26 Սեպ, 2020"
https://www.1tv.am/hy/video/Հարցազրույց-Բաբկեն-Թունյանի-հետ/162545,https://www.youtube.com/embed/hO9mFIcZvkU?autoplay=1&autohide=1,Հարցազրույց Բաբկեն Թունյանի հետ,20:15,"24 Սեպ, 2020"
https://www.1tv.am/hy/video/Հարցազրույց-Միքայել-Մելքումյանի-հետ/162552,https://www.youtube.com/embed/zzhyCs1cWbc?autoplay=1&autohide=1,Հարցազրույց Միքայել Մելքումյանի հետ,20:15,"23 Սեպ, 2020"
https://www.1tv.am/hy/video/Հարցազրույց-Արման-Խոջոյանի-հետ/162330,https://www.youtube.com/embed/FlYGgBRPKRA?autoplay=1&autohide=1,Հարցազրույց Արման Խոջոյանի հետ,20:30,"22 Սեպ, 2020"
https://www.1tv.am/hy/video/Հարցազրույց-Նարեկ-Մանուկյանի-հետ/162062,https://www.youtube.com/embed/1awF44yd_0g?autoplay=1&autohide=1,Հարցազրույց Նարեկ Մանուկյանի հետ,19:30,"19 Սեպ, 2020"
https://www.1tv.am/hy/video/Հարցազրույց-Ռոմելա-Աբովյանի-հետ/162059,https://www.youtube.com/embed/iNBVDVPHL-I?autoplay=1&autohide=1,Հարցազրույց Ռոմելա Աբովյանի հետ,20:30,"18 Սեպ, 2020"
https://www.1tv.am/hy/video/Հարցազրույց-Արկադի-Խաչատրյանի-հետ/161960,https://www.youtube.com/embed/Ik7sJl4cYcc?autoplay=1&autohide=1,Հարցազրույց Արկադի Խաչատրյանի հետ,19:30,"17 Սեպ, 2020"
https://www.1tv.am/hy/video/Հարցազրույց-Արայիկ-Հարությունյանի-հետ/161801,https://www.youtube.com/embed/OANLDtC9CrY?autoplay=1&autohide=1,Հարցազրույց Արայիկ Հարությունյանի հետ,21:20,"16 Սեպ, 2020"
https://www.1tv.am/hy/video/Հարցազրույց-Արմեն-Խաչատրյանի-հետ/161716,https://www.youtube.com/embed/keXWTorKzBk?autoplay=1&autohide=1,Հարցազրույց Արմեն Խաչատրյանի հետ,21:15,"15 Սեպ, 2020"
https://www.1tv.am/hy/video/Հարցազրույց-Անի-Սամսոնյանի-հետ/161644,https://www.youtube.com/embed/hxxahTSw_EU?autoplay=1&autohide=1,Հարցազրույց Անի Սամսոնյանի հետ,20:30,"14 Սեպ, 2020"
https://www.1tv.am/hy/video/Հարցազրույց-Արա-Զոհրաբյանի-հետ/161404,https://www.youtube.com/embed/uZDJOMbWrWc?autoplay=1&autohide=1,Հարցազրույց Արա Զոհրաբյանի հետ,16:30,"12 Սեպ, 2020"
https://www.1tv.am/hy/video/Հարցազրույց-Անահիտ-Ավանեսյանի-հետ/161402,https://www.youtube.com/embed/Fo8JEE0NPLY?autoplay=1&autohide=1,Հարցազրույց Անահիտ Ավանեսյանի հետ,18:00,"11 Սեպ, 2020"
https://www.1tv.am/hy/video/Հարցազրույց-Լարիսա-Մինասյանի-հետ/161298,https://www.youtube.com/embed/7vrXUozKjoQ?autoplay=1&autohide=1,Հարցազրույց Լարիսա Մինասյանի հետ,20:30,"10 Սեպ, 2020"
https://www.1tv.am/hy/video/Հարցազրույց-Ռուստամ-Բադասյանի-հետ/161166,https://www.youtube.com/embed/t0DXrHNu214?autoplay=1&autohide=1,Հարցազրույց Ռուստամ Բադասյանի հետ,21:45,"09 Սեպ, 2020"
https://www.1tv.am/hy/video/Հարցազրույց-Վարդան-Ասոյանի-հետ/160923,https://www.youtube.com/embed/b_mGSkNlWw0?autoplay=1&autohide=1,Հարցազրույց Վարդան Ասոյանի հետ,21:30,"07 Սեպ, 2020"
https://www.1tv.am/hy/video/Հարցազրույց-Եգոր-Զայցևի-հետ/160814,https://www.youtube.com/embed/1TzbDaW1V4w?autoplay=1&autohide=1,Հարցազրույց Եգոր Զայցևի հետ,19:30,"05 Սեպ, 2020"
https://www.1tv.am/hy/video/Հարցազրույց-Հակոբ-Կարապետյանի-հետ/160782,https://www.youtube.com/embed/awNKwTlxrnY?autoplay=1&autohide=1,Հարցազրույց Հակոբ Կարապետյանի հետ,19:30,"04 Սեպ, 2020"
https://www.1tv.am/hy/video/Հարցազրույց-Գաբրիել-Բալայանի-հետ/160726,https://www.youtube.com/embed/MB6nI8thd4c?autoplay=1&autohide=1,Հարցազրույց Գաբրիել Բալայանի հետ,19:30,"03 Սեպ, 2020"
https://www.1tv.am/hy/video/Հարցազրույց-Դեբորա-Գրիզերի-հետ/160642,https://www.youtube.com/embed/GzJ1TO-yk6U?autoplay=1&autohide=1,Հարցազրույց Դեբորա Գրիզերի հետ,19:30,"02 Սեպ, 2020"
https://www.1tv.am/hy/video/Հարցազրույց-Մխիթար-Հայրապետյանի-հետ/160587,https://www.youtube.com/embed/-64_MRjOHig?autoplay=1&autohide=1,Հարցազրույց Մխիթար Հայրապետյանի հետ,20:30,"01 Սեպ, 2020"
https://www.1tv.am/hy/video/Հարցազրույց-Վիգեն-Քոչարյանի-հետ/160524,https://www.youtube.com/embed/4Zf0Ckw9pvA?autoplay=1&autohide=1,Հարցազրույց Վիգեն Քոչարյանի հետ,19:30,"31 Օգս, 2020"
https://www.1tv.am/hy/video/Հարցազրույց-Դավիթ-Երևանցու-հետ/160444,https://www.youtube.com/embed/9uofuA1tFWg?autoplay=1&autohide=1,Հարցազրույց Դավիթ Երևանցու հետ,20:30,"28 Օգս, 2020"
https://www.1tv.am/hy/video/Հարցազրույց-Գայանե-Սահակյանի-հետ/160391,https://www.youtube.com/embed/_YREaA0zutk?autoplay=1&autohide=1,Հարցազրույց Գայանե Սահակյանի հետ,21:30,"27 Օգս, 2020"
https://www.1tv.am/hy/video/Հարցազրույց-Եղիշե-Կիրակոսյանի-և-Արմեն-Մազմանյանի-հետ/160365,https://www.youtube.com/embed/y3ZfNlK9FLQ?autoplay=1&autohide=1,Հարցազրույց Եղիշե Կիրակոսյանի և Արմեն Մազմանյանի հետ,20:30,"26 Օգս, 2020"
https://www.1tv.am/hy/video/Հարցազրույց-Գևորգ-Մուրադյանի-հետ/160301,https://www.youtube.com/embed/nV6YVjI0QOY?autoplay=1&autohide=1,Հարցազրույց Գևորգ Մուրադյանի հետ,20:30,"25 Օգս, 2020"
https://www.1tv.am/hy/video/Հարցազրույց-Անդրանիկ-Քոչարյանի-հետ/160260,https://www.youtube.com/embed/6vWfAeET9iQ?autoplay=1&autohide=1,Հարցազրույց Անդրանիկ Քոչարյանի հետ,19:00,"24 Օգս, 2020"
https://www.1tv.am/hy/video/Հարցազրույց-Արամ-Մանուկյանի-հետ/160191,https://www.youtube.com/embed/1X9sTR-Zims?autoplay=1&autohide=1,Հարցազրույց Արամ Մանուկյանի հետ,21:30,"23 Օգս, 2020"
https://www.1tv.am/hy/video/Հարցազրույց-Պետրոս-Ղազարյանի-հետ/160090,https://www.youtube.com/embed/7s-0-EVICGY?autoplay=1&autohide=1,Հարցազրույց Պետրոս Ղազարյանի հետ. Բեյրութը պայթյունից հետո,21:45,"20 Օգս, 2020"
https://www.1tv.am/hy/video/Հարցազրույց-Պետրոս-Ղազարյանի-հետ/160050,https://www.youtube.com/embed/rq0UqOY_kQc?autoplay=1&autohide=1,Հարցազրույց Պետրոս Ղազարյանի հետ. Լիբանանի ներքաղաքական կյանքը և պայթյունի պատճառները,21:45,"19 Օգս, 2020"
https://www.1tv.am/hy/video/Հարցազրույց-Պետրոս-Ղազարյանի-հետ/159981,https://www.youtube.com/embed/mr-t_i-yaZc?autoplay=1&autohide=1,Հարցազրույց Հակոբ Լադոյանի հետ,21:45,"18 Օգս, 2020"
https://www.1tv.am/hy/video/Հարցազրույց-Պետրոս-Ղազարյանի-հետ/159907,https://www.youtube.com/embed/RwonnF2V3fw?autoplay=1&autohide=1,Հարցազրույց Պետրոս Ղազարյանի հետ. Բեյրութը պայթյունից հետո,21:45,"17 Օգս, 2020"
https://www.1tv.am/hy/video/Բեյրութը-պայթյունից-հետո/159782,https://www.youtube.com/embed/-ucE3UstIXg?autoplay=1&autohide=1,Հարցազրույց Պետրոս Ղազարյանի հետ. Բեյրութը պայթյունից հետո,21:30,"15 Օգս, 2020"
https://www.1tv.am/hy/video/Հարցազրույց-Պետրոս-Ղազարյանի-հետ/159751,https://www.youtube.com/embed/eYktYB7xJhQ?autoplay=1&autohide=1,Հարցազրույց Պետրոս Ղազարյանի հետ. Բուրջ Համուդում տիրող իրավիճակը,21:45,"14 Օգս, 2020"
https://www.1tv.am/hy/video/Հարցազրույց-Պետրոս-Ղազարյանի-հետ/159665,https://www.youtube.com/embed/QYx2OnQr1jg?autoplay=1&autohide=1,Հարցազրույց Պետրոս Ղազարյանի հետ. Բեյրութը պայթյունից հետո,21:45,"13 Օգս, 2020"
https://www.1tv.am/hy/video/Հարցազրույց-Ամալյա-Մխիթարյանի-հետ/159614,https://www.youtube.com/embed/3unu7dhRtu8?autoplay=1&autohide=1,Հարցազրույց Ամալյա Մխիթարյանի հետ,21:30,"12 Օգս, 2020"
https://www.1tv.am/hy/video/Հարցազրույց-Հրանտ-Տեր֊Աբրահամյանի-հետ/159590,https://www.youtube.com/embed/ZyyJe2mHSn0?autoplay=1&autohide=1,Հարցազրույց Հրանտ Տեր֊Աբրահամյանի հետ,20:00,"11 Օգս, 2020"
https://www.1tv.am/hy/video/Հարցազրույց-Հայկ-Կոնջորյանի-հետ/159436,https://www.youtube.com/embed/WOpwmGwgPbc?autoplay=1&autohide=1,Հարցազրույց Հայկ Կոնջորյանի հետ,21:45,"08 Օգս, 2020"
https://www.1tv.am/hy/video/Հարցազրույց-Զարեհ-Սինանյանի-հետ/159413,https://www.youtube.com/embed/YLAFAZOeiT0?autoplay=1&autohide=1,Հարցազրույց Զարեհ Սինանյանի հետ,20:30,"07 Օգս, 2020"
https://www.1tv.am/hy/video/Հարցազրույց-Սեբուհ-Մղջյանի-հետ/159383,https://www.youtube.com/embed/7rvp91LMF8Y?autoplay=1&autohide=1,Հարցազրույց Սեբուհ Մղջյանի հետ,20:25,"06 Օգս, 2020"
https://www.1tv.am/hy/video/Հարցազրույց-Տեր-Պետրոս-վարդապետ-Մանվելյանի-հետ/159314,https://www.youtube.com/embed/2AXPFWd2IzQ?autoplay=1&autohide=1,Հարցազրույց Տեր Պետրոս վարդապետ Մանվելյանի հետ,20:30,"05 Օգս, 2020"
https://www.1tv.am/hy/video/Հարցազրույց-Ավետ-Պողոսյանի-հետ/159200,https://www.youtube.com/embed/cV2-iNsuksE?autoplay=1&autohide=1,Հարցազրույց Ավետ Պողոսյանի հետ,20:25,"04 Օգս, 2020"
https://www.1tv.am/hy/video/Հարցազրույց-Լիլիթ-Մկրտչյանի-և-Դավիթ-Թինոյանի-հետ/159196,https://www.youtube.com/embed/xC_nglIjaes?autoplay=1&autohide=1,Հարցազրույց Լիլիթ Մկրտչյանի և Դավիթ Թինոյանի հետ,21:20,"03 Օգս, 2020"
https://www.1tv.am/hy/video/Հարցազրույց-Հանս-Կլուգեի-հետ/159052,https://www.youtube.com/embed/3L_cc-vdNwI?autoplay=1&autohide=1,Հարցազրույց Հանս Կլուգեի հետ,20:40,"01 Օգս, 2020"
https://www.1tv.am/hy/video/Հարցազրույց-Ռոմանոս-Պետրոսյանի-հետ/159017,https://www.youtube.com/embed/X1yQM26Sju0?autoplay=1&autohide=1,Հարցազրույց Ռոմանոս Պետրոսյանի հետ,21:30,"31 Հլս, 2020"
https://www.1tv.am/hy/video/Հարցազրույց-Հայկ-Գաբրիելյանի-հետ/158940,https://www.youtube.com/embed/nGv9M4SJcIo?autoplay=1&autohide=1,Հարցազրույց Հայկ Գաբրիելյանի հետ,20:30,"30 Հլս, 2020"
https://www.1tv.am/hy/video/Հարցազրույց-Սիսակ-Գաբրիելյանի-հետ/158908,https://www.youtube.com/embed/EmWMYlGnfXQ?autoplay=1&autohide=1,Հարցազրույց Սիսակ Գաբրիելյանի հետ,20:30,"29 Հլս, 2020"
https://www.1tv.am/hy/video/Հարցազրույց-Արայիկ-Հարությունյանի-հետ/158694,https://www.youtube.com/embed/Eozn1hlOftw?autoplay=1&autohide=1,Հարցազրույց Արայիկ Հարությունյանի հետ,21:30,"27 Հլս, 2020"
https://www.1tv.am/hy/video/Հարցազրույց-Հակոբ-Տեր-Խաչատուրյանի-հետ/158594,https://www.youtube.com/embed/UxpI9o0ib3Y?autoplay=1&autohide=1,Հարցազրույց Հակոբ Տեր-Խաչատուրյանի հետ,21:45,"25 Հլս, 2020"
https://www.1tv.am/hy/video/Հարցազրույց-Անդրանիկ-Քոչարյանի-հետ/158555,https://www.youtube.com/embed/PZ9rvJphXQw?autoplay=1&autohide=1,Հարցազրույց Անդրանիկ Քոչարյանի հետ,20:35,"24 Հլս, 2020"
https://www.1tv.am/hy/video/Հարցազրույց-Արծրուն-Հովհաննիսյանի-հետ/158507,https://www.youtube.com/embed/PUXH_-weh6M?autoplay=1&autohide=1,Հարցազրույց Արծրուն Հովհաննիսյանի հետ,21:15,"23 Հլս, 2020"
https://www.1tv.am/hy/video/Հարցազրույց-Արմեն-Գրիգորյանի-հետ/158453,https://www.youtube.com/embed/8NStfob6jmc?autoplay=1&autohide=1,Հարցազրույց Արմեն Գրիգորյանի հետ,20:20,"22 Հլս, 2020"
https://www.1tv.am/hy/video/Հարցազրույց-Հակոբ-Արշակյանի-հետ/158386,https://www.youtube.com/embed/ElM7c87pVrI?autoplay=1&autohide=1,Հարցազրույց Հակոբ Արշակյանի հետ,21:30,"21 Հլս, 2020"
https://www.1tv.am/hy/video/Հարցազրույց-Արման-Թաթոյանի-հետ/158226,https://www.youtube.com/embed/JTN-9RPMzjY?autoplay=1&autohide=1,Հարցազրույց Արման Թաթոյանի հետ,21:30,"18 Հլս, 2020"
https://www.1tv.am/hy/video/Հարցազրույց-Վաղարշակ-Հարությունյանի-հետ/158192,https://www.youtube.com/embed/1ux_1mhCjbA?autoplay=1&autohide=1,Հարցազրույց Վաղարշակ Հարությունյանի հետ,21:30,"17 Հլս, 2020"
https://www.1tv.am/hy/video/Հարցազրույցներ-Այգեպար-գյուղի-ռմբաստարանից/158144,https://www.youtube.com/embed/voSiFk4nsiY?autoplay=1&autohide=1,Հարցազրույցներ Այգեպար գյուղի ռմբաստարանից,20:30,"16 Հլս, 2020"
https://www.1tv.am/hy/video/Հարցազրույց-Տաթևիկ-Հայրապետյանի-հետ/158095,https://www.youtube.com/embed/VpdiCnhNgro?autoplay=1&autohide=1,Հարցազրույց Տաթևիկ Հայրապետյանի հետ,19:30,"15 Հլս, 2020"
https://www.1tv.am/hy/video/Հարցազրույց-Արծրուն-Հովհաննիսյանի-հետ/157959,https://www.youtube.com/embed/msvkzbbWTN4?autoplay=1&autohide=1,Հարցազրույց Արծրուն Հովհաննիսյանի հետ,21:30,"13 Հլս, 2020"
https://www.1tv.am/hy/video/Հարցազրույց-Վահե-Գևորգյանի-հետ/157821,https://www.youtube.com/embed/Au_LE8LGxx4?autoplay=1&autohide=1,Հարցազրույց Վահե Գևորգյանի հետ,18:25,"11 Հլս, 2020"
https://www.1tv.am/hy/video/Հարցազրույց-Լուսինե-Հակոբյանի-հետ/157778,https://www.youtube.com/embed/62HqOd6Z-94?autoplay=1&autohide=1,Հարցազրույց Լուսինե Հակոբյանի հետ,19:30,"10 Հլս, 2020"
https://www.1tv.am/hy/video/Հարցազրույց-Արայիկ-Հարությունյանի-հետ/157703,https://www.youtube.com/embed/7IUZ74CGxkM?autoplay=1&autohide=1,Հարցազրույց Արայիկ Հարությունյանի հետ,21:30,"09 Հլս, 2020"
https://www.1tv.am/hy/video/Հարցազրույց-Տեր-Արշակ-եպիսկոպոս-Խաչատրյանի-հետ/157668,https://www.youtube.com/embed/efq3wInsZmo?autoplay=1&autohide=1,Հարցազրույց Տեր Արշակ եպիսկոպոս Խաչատրյանի հետ,21:30,"08 Հլս, 2020"
https://www.1tv.am/hy/video/Հարցազրույց-Արտակ-Զաքարյանի-հետ/157525,https://www.youtube.com/embed/__zd7QBc7r0?autoplay=1&autohide=1,Հարցազրույց Արտակ Զաքարյանի հետ,21:30,"07 Հլս, 2020"
https://www.1tv.am/hy/video/Հարցազրույց-Աբբաս-Բադախշան-Զոհուրիի-հետ/157438,https://www.youtube.com/embed/_0wvW0fOdTA?autoplay=1&autohide=1,Հարցազրույց Աբբաս Բադախշան Զոհուրիի հետ,21:45,"06 Հլս, 2020"
https://www.1tv.am/hy/video/Հարցազրույց-Մարիուս-Չուռլյոնիսի-հետ/157280,https://www.youtube.com/embed/qqDC3MpiPz0?autoplay=1&autohide=1,Հարցազրույց Մարիուս Չուռլյոնիսի հետ,21:45,"03 Հլս, 2020"
https://www.1tv.am/hy/video/Հարցազրույց-Կարապետ-Բադալյանի-հետ/157217,https://www.youtube.com/embed/VZrQdgWKTg0?autoplay=1&autohide=1,Հարցազրույց Կարապետ Բադալյանի հետ,21:30,"02 Հլս, 2020"
https://www.1tv.am/hy/video/Հարցազրույց-Արման-Եղոյանի-հետ/157103,https://www.youtube.com/embed/Ha_Xr7_EiKM?autoplay=1&autohide=1,Հարցազրույց Արման Եղոյանի հետ,21:30,"01 Հլս, 2020"
https://www.1tv.am/hy/video/Հարցարզրույց-Գրիգոր-Մինասյանի-հետ/157040,https://www.youtube.com/embed/GWT967dR8UI?autoplay=1&autohide=1,Հարցարզրույց Գրիգոր Մինասյանի հետ,21:30,"30 Հնս, 2020"
https://www.1tv.am/hy/video/Հարցազրույց-Խաչատուր-Սուքիասյանի-հետ/156941,https://www.youtube.com/embed/VLAX5q_HRsk?autoplay=1&autohide=1,Հարցազրույց Խաչատուր Սուքիասյանի հետ,21:30,"27 Հնս, 2020"
https://www.1tv.am/hy/video/Հարցազրույց-Արսեն-Թորոսյանի-հետ/156724,https://www.youtube.com/embed/2e5nYY_cdLU?autoplay=1&autohide=1,Հարցազրույց Արսեն Թորոսյանի հետ,21:55,"26 Հնս, 2020"
https://www.1tv.am/hy/video/Հարցազրույց-Արսեն-Առաքելյանի-հետ/156630,https://www.youtube.com/embed/iqsonZ-9Bx8?autoplay=1&autohide=1,Հարցազրույց Արսեն Առաքելյանի հետ,21:45,"25 Հնս, 2020"
https://www.1tv.am/hy/video/Հարցազրույց-Մանե-Թանդիլյանի-հետ/156569,https://www.youtube.com/embed/eX5iePOPZjk?autoplay=1&autohide=1,Հարցազրույց Մանե Թանդիլյանի հետ,21:45,"24 Հնս, 2020"
https://www.1tv.am/hy/video/Հարցազրույց-Վլադիմիր-Վարդանյանի-հետ/156486,https://www.youtube.com/embed/l9ClrI8i-D8?autoplay=1&autohide=1,Հարցազրույց Վլադիմիր Վարդանյանի հետ,19:50,"23 Հնս, 2020"
https://www.1tv.am/hy/video/Հարցազրույց-Արամ-Սարգսյանի-հետ/156408,https://www.youtube.com/embed/Q_YDw8V2iP4?autoplay=1&autohide=1,Հարցազրույց Արամ Սարգսյանի հետ,19:30,"22 Հնս, 2020"
https://www.1tv.am/hy/video/Հարցազրույց-Էսթեր-Դեմիրճյանի-հետ/156170,https://www.youtube.com/embed/1SyAICL3aeQ?autoplay=1&autohide=1,Հարցազրույց Էսթեր Դեմիրճյանի հետ,19:15,"20 Հնս, 2020"
https://www.1tv.am/hy/video/Հարցազրույց-Արայիկ-Հարությունյանի-հետ/156160,https://www.youtube.com/embed/sQYG6nIYTb4?autoplay=1&autohide=1,Հարցազրույց Արայիկ Հարությունյանի հետ,19:40,"19 Հնս, 2020"
https://www.1tv.am/hy/video/Հարցազրույց-Լևոն-Զուրաբյանի-հետ/156061,https://www.youtube.com/embed/ITenRy0DlLc?autoplay=1&autohide=1,Հարցազրույց Լևոն Զուրաբյանի հետ,19:35,"18 Հնս, 2020"
https://www.1tv.am/hy/video/Հարցազրույց-Ռուբեն-Ռուբինյանի-հետ/155998,https://www.youtube.com/embed/E2cS4SBeCdY?autoplay=1&autohide=1,Հարցազրույց Ռուբեն Ռուբինյանի հետ,21:45,"17 Հնս, 2020"
https://www.1tv.am/hy/video/Հարցազրույց-Էդմոն-Մարուքյանի-հետ/155944,https://www.youtube.com/embed/Gxiqpprtsag?autoplay=1&autohide=1,Հարցազրույց Էդմոն Մարուքյանի հետ,21:40,"16 Հնս, 2020"
https://www.1tv.am/hy/video/Հարցազրույց-Արթուր-Հովհաննիսյանի-հետ/155671,https://www.youtube.com/embed/fRRcxFOmHrs?autoplay=1&autohide=1,Հարցազրույց Արթուր Հովհաննիսյանի հետ,19:45,"12 Հնս, 2020"
https://www.1tv.am/hy/video/Հարցազրույց-Արծրուն-Հովհաննիսյանի-հետ/155598,https://www.youtube.com/embed/VltMh-sWwmE?autoplay=1&autohide=1,Հարցազրույց Արծրուն Հովհաննիսյանի հետ,19:30,"11 Հնս, 2020"
https://www.1tv.am/hy/video/Հարցազրույց-Արտյոմ-Սմբատյանի-հետ/155500,https://www.youtube.com/embed/FTu1yn-_BYg?autoplay=1&autohide=1,Հարցազրույց Արտյոմ Սմբատյանի հետ,19:30,"10 Հնս, 2020"
https://www.1tv.am/hy/video/Հարցազրույց-Ռուբեն-Վարդազարյանի-հետ/155395,https://www.youtube.com/embed/X86-yXCQuvc?autoplay=1&autohide=1,Հարցազրույց Ռուբեն Վարդազարյանի հետ,19:30,"09 Հնս, 2020"
https://www.1tv.am/hy/video/Հարցազրույց-Անդրանիկ-Քոչարյանի-հետ/155292,https://www.youtube.com/embed/FSMnKrlN33k?autoplay=1&autohide=1,Հարցազրույց Անդրանիկ Քոչարյանի հետ,19:35,"08 Հնս, 2020"
https://www.1tv.am/hy/video/Հարցազրույց-Սերգեյ-Սմբատյանի-հետ/155122,https://www.youtube.com/embed/XTQb2SMaXxo?autoplay=1&autohide=1,Հարցազրույց Սերգեյ Սմբատյանի հետ,19:30,"06 Հնս, 2020"
https://www.1tv.am/hy/video/Հարցազրույց-Մարինե-Գասպարյանի-հետ/155073,https://www.youtube.com/embed/nkfZIhOdgoI?autoplay=1&autohide=1,Հարցազրույց Մարինե Գասպարյանի հետ,20:30,"05 Հնս, 2020"
https://www.1tv.am/hy/video/Հարցազրույց-Սուսաննա-Սաֆարյանի-հետ/154990,https://www.youtube.com/embed/EFwL9aXDuZY?autoplay=1&autohide=1,Հարցազրույց Սուսաննա Սաֆարյանի հետ,19:30,"04 Հնս, 2020"
https://www.1tv.am/hy/video/Հարցազրույց-Արման-Պողոսյանի-հետ/154933,https://www.youtube.com/embed/UnJgM7jx-fo?autoplay=1&autohide=1,Հարցազրույց Արման Պողոսյանի հետ,20:30,"03 Հնս, 2020"
https://www.1tv.am/hy/video/Հարցազրույց-Եղիշե-Կիրակոսյանի-հետ/154776,https://www.youtube.com/embed/gm5HREVo96w?autoplay=1&autohide=1,Հարցազրույց Եղիշե Կիրակոսյանի հետ,21:30,"01 Հնս, 2020"
https://www.1tv.am/hy/video/Հարցազրույց-Սուրեն-Պապիկյանի-հետ/154638,https://www.youtube.com/embed/zTJggY7125o?autoplay=1&autohide=1,Հարցազրույց Սուրեն Պապիկյանի հետ,19:30,"29 Մայ, 2020"
https://www.1tv.am/hy/video/Հարցազրույց-Արտավազդ-Վանյանի-հետ/154486,https://www.youtube.com/embed/hK10kHy0IVQ?autoplay=1&autohide=1,Հարցազրույց Արտավազդ Վանյանի հետ,19:20,"28 Մայ, 2020"
https://www.1tv.am/hy/video/Հարցազրույց-Ատոմ-Ջանջուղազյանի-հետ/154285,https://www.youtube.com/embed/lYOc4YIit-A?autoplay=1&autohide=1,Հարցազրույց Ատոմ Ջանջուղազյանի հետ,19:30,"26 Մայ, 2020"
https://www.1tv.am/hy/video/Հարցազրույց-Կարեն-Անդրեասյանի-հետ/154176,https://www.youtube.com/embed/wn5BctqyY40?autoplay=1&autohide=1,Հարցազրույց Կարեն Անդրեասյանի հետ,21:30,"25 Մայ, 2020"
https://www.1tv.am/hy/video/Հարցազրույց-Ալեն-Սիմոնյանի-հետ/154047,https://www.youtube.com/embed/pWqOueNvxkM?autoplay=1&autohide=1,Հարցազրույց Ալեն Սիմոնյանի հետ,19:30,"22 Մայ, 2020"
https://www.1tv.am/hy/video/Հարցազրույց-Արայիկ-Հարությունյանի-հետ/153868,https://www.youtube.com/embed/VBZgZBNONWE?autoplay=1&autohide=1,Հարցազրույց Արայիկ Հարությունյանի հետ,19:40,"21 Մայ, 2020"
https://www.1tv.am/hy/video/Հարցազրույց-Հայաստանում-ՄԱԿ-ի-մշտական-համակարգող-Շոմբի-Շարփի-հետ/153771,https://www.youtube.com/embed/xHO48Q1z8rk?autoplay=1&autohide=1,Հարցազրույց Հայաստանում ՄԱԿ-ի մշտական համակարգող Շոմբի Շարփի հետ,19:30,"20 Մայ, 2020"
https://www.1tv.am/hy/video/Հարցազրույց-Ստյոպա-Սաֆարյանի-հետ/153671,https://www.youtube.com/embed/IUDyVmXV6Zw?autoplay=1&autohide=1,Հարցազրույց Ստյոպա Սաֆարյանի հետ,19:30,"19 Մայ, 2020"
https://www.1tv.am/hy/video/Հարցազրույց-Արմեն-Փամբուխչյանի-հետ/153561,https://www.youtube.com/embed/gzZIzsyCKk8?autoplay=1&autohide=1,Հարցազրույց Արմեն Փամբուխչյանի հետ,19:30,"18 Մայ, 2020"
https://www.1tv.am/hy/video/Հարցազրույց-Անետա-Բաբայանի-հետ/153286,https://www.youtube.com/embed/atjbeKOHXpI?autoplay=1&autohide=1,Հարցազրույց Անետա Բաբայանի հետ,19:30,"15 Մայ, 2020"
https://www.1tv.am/hy/video/Հարցազրույց-Մարիա-Կարապետյանի-հետ/153238,https://www.youtube.com/embed/5cqxvakjAAE?autoplay=1&autohide=1,Հարցազրույց Մարիա Կարապետյանի հետ,19:30,"14 Մայ, 2020"
https://www.1tv.am/hy/video/Հարցազրույց-Սիսակ-Գաբրիելյանի-հետ/153134,https://www.youtube.com/embed/Yk77PQ2w6r0?autoplay=1&autohide=1,Հարցազրույց Սիսակ Գաբրիելյանի հետ,19:40,"13 Մայ, 2020"
https://www.1tv.am/hy/video/Հարցազրույց-Սրբուհի-Գալյանի-հետ/153088,https://www.youtube.com/embed/FN7rK1nbm5s?autoplay=1&autohide=1,Հարցազրույց Սրբուհի Գալյանի հետ,19:35,"12 Մայ, 2020"
https://www.1tv.am/hy/video/Հարցազրույց-Նունե-Բակունցի-հետ/152970,https://www.youtube.com/embed/A1v4MqCDJco?autoplay=1&autohide=1,Հարցազրույց Նունե Բակունցի հետ,19:30,"11 Մայ, 2020"
https://www.1tv.am/hy/video/Հարցազրույց-Լիլիթ-Մակունցի-հետ/152843,https://www.youtube.com/embed/y7Nw6uaMVzc?autoplay=1&autohide=1,Հարցազրույց Լիլիթ Մակունցի հետ,19:30,"08 Մայ, 2020"
https://www.1tv.am/hy/video/Հարցազրույց-Էդմոն-Մարուքյանի-հետ/152787,https://www.youtube.com/embed/Vfu0GVAkxUA?autoplay=1&autohide=1,Հարցազրույց Էդմոն Մարուքյանի հետ,19:30,"07 Մայ, 2020"
https://www.1tv.am/hy/video/Հարցազրույց-Հայկ-Կոնջորյանի-հետ/152750,https://www.youtube.com/embed/aWby39FA9yY?autoplay=1&autohide=1,Հարցազրույց Հայկ Կոնջորյանի հետ,19:30,"06 Մայ, 2020"
https://www.1tv.am/hy/video/Հարցազրույց-Հովհաննես-Իգիթյանի-հետ/152694,https://www.youtube.com/embed/jvCdC3BvQMQ?autoplay=1&autohide=1,Հարցազրույց Հովհաննես Իգիթյանի հետ,19:30,"05 Մայ, 2020"
https://www.1tv.am/hy/video/Հարցազրույց-Լենա-Նանուշյանի-հետ/152566,https://www.youtube.com/embed/ofn0DD1ZGrg?autoplay=1&autohide=1,Հարցազրույց Լենա Նանուշյանի հետ,19:30,"04 Մայ, 2020"
https://www.1tv.am/hy/video/Հարցազրույց-Արման-Բաբաջանյանի-հետ/152347,https://www.youtube.com/embed/BekDuyeXvAs?autoplay=1&autohide=1,Հարցազրույց Արման Բաբաջանյանի հետ,19:30,"01 Մայ, 2020"
https://www.1tv.am/hy/video/Հարցազրույց-Արտակ-Մանուկյանի-և-Գևորգ-Գորգիսյանի-հետ/152158,https://www.youtube.com/embed/NnZo-HCfoKM?autoplay=1&autohide=1,Հարցազրույց Արտակ Մանուկյանի և Գևորգ Գորգիսյանի հետ,19:35,"29 Ապր, 2020"
https://www.1tv.am/hy/video/Հարցազրույց-Անդրանիկ-Քոչարյանի-հետ/152064,https://www.youtube.com/embed/-bp3vuvF5II?autoplay=1&autohide=1,Հարցազրույց Անդրանիկ Քոչարյանի հետ,19:30,"28 Ապր, 2020"
https://www.1tv.am/hy/video/Հարցազրույց-Արման-Թաթոյանի-հետ/151934,https://www.youtube.com/embed/NjLn8IXr3BM?autoplay=1&autohide=1,Հարցազրույց Արման Թաթոյանի հետ,19:30,"27 Ապր, 2020"
https://www.1tv.am/hy/video/Հարցազրույց-Զոհրաբ-Մնացականյանի-հետ/151764,https://www.youtube.com/embed/Rq_heLovOYU?autoplay=1&autohide=1,Հարցազրույց Զոհրաբ Մնացականյանի հետ,17:30,"24 Ապր, 2020"
https://www.1tv.am/hy/video/Հարցազրույց-Ռայմոնդ-Գևորգյանի-հետ/151660,https://www.youtube.com/embed/DIxOrX0TKJE?autoplay=1&autohide=1,Հարցազրույց Ռայմոնդ Գևորգյանի հետ,17:30,"23 Ապր, 2020"
https://www.1tv.am/hy/video/Հարցազրույց-Ռուբեն-Ռուբինյանի-հետ/151582,https://www.youtube.com/embed/3K1zx4AMjdE?autoplay=1&autohide=1,Հարցազրույց Ռուբեն Ռուբինյանի հետ,19:30,"22 Ապր, 2020"
https://www.1tv.am/hy/video/Հարցազրույց-Սուրեն-Սարգսյանի-հետ/151481,https://www.youtube.com/embed/KTTXL6nLnn4?autoplay=1&autohide=1,Հարցազրույց Սուրեն Սարգսյանի հետ,19:30,"21 Ապր, 2020"
https://www.1tv.am/hy/video/Հարցազրույց-Սուրեն-Գրիգորյանի-հետ/151394,https://www.youtube.com/embed/yeWCpIsNB_0?autoplay=1&autohide=1,Հարցազրույց Սուրեն Գրիգորյանի հետ,19:30,"20 Ապր, 2020"
https://www.1tv.am/hy/video/Հարցազրույց-Ռուստամ-Բադասյանի-հետ/151195,https://www.youtube.com/embed/Lfn8qoxpoy0?autoplay=1&autohide=1,Հարցազրույց Ռուստամ Բադասյանի հետ,19:25,"17 Ապր, 2020"
https://www.1tv.am/hy/video/Հարցազրույց-Արման-Սարգսյանի-հետ/151121,https://www.youtube.com/embed/66OZgb6aC1w?autoplay=1&autohide=1,Հարցազրույց Արման Սարգսյանի հետ,19:30,"16 Ապր, 2020"
https://www.1tv.am/hy/video/Հարցազրույց-Արայիկ-Հարությունյանի-հետ/150956,https://www.youtube.com/embed/mdcHFz1B_xI?autoplay=1&autohide=1,Հարցազրույց Արայիկ Հարությունյանի հետ,19:30,"15 Ապր, 2020"
https://www.1tv.am/hy/video/Հարցազրույց-Մխիթար-Հայրապետյանի-հետ/150903,https://www.youtube.com/embed/4X-wA7pFOhI?autoplay=1&autohide=1,Հարցազրույց Մխիթար Հայրապետյանի հետ,19:20,"14 Ապր, 2020"
https://www.1tv.am/hy/video/Հարցազրույց-Ավագ-Ավանեսյանի-հետ/150822,https://www.youtube.com/embed/jBLta5Kr8tE?autoplay=1&autohide=1,Հարցազրույց Ավագ Ավանեսյանի հետ,19:30,"13 Ապր, 2020"
https://www.1tv.am/hy/video/Հարցազրույց-Զոհրաբ-Մնացականյանի-հետ/150658,https://www.youtube.com/embed/N4mde1DlXvQ?autoplay=1&autohide=1,Հարցազրույց Զոհրաբ Մնացականյանի հետ,19:30,"10 Ապր, 2020"
https://www.1tv.am/hy/video/Հարցազրույց-Հակոբ-Արշակյանի-հետ/150620,https://www.youtube.com/embed/bqbofcZgbWg?autoplay=1&autohide=1,Հարցազրույց Հակոբ Արշակյանի հետ,19:35,"09 Ապր, 2020"
https://www.1tv.am/hy/video/Հարցազրույց-Արայիկ-Հարությունյանի-հետ/150541,https://www.youtube.com/embed/9VKj8dm4sT0?autoplay=1&autohide=1,Հարցազրույց Արայիկ Հարությունյանի հետ,19:30,"08 Ապր, 2020"
https://www.1tv.am/hy/video/Հարցազրույց-Վարդան-Պետրոսյանի-հետ/150458,https://www.youtube.com/embed/a7HxLN8IN2c?autoplay=1&autohide=1,Հարցազրույց Վարդան Պետրոսյանի հետ,19:30,"07 Ապր, 2020"
https://www.1tv.am/hy/video/Հարցազրույց-Արայիկ-Հարությունյանի-հետ/150348,https://www.youtube.com/embed/akRZeU7a2dU?autoplay=1&autohide=1,Հարցազրույց Արայիկ Հարությունյանի հետ,15:35,"06 Ապր, 2020"
https://www.1tv.am/hy/video/Հարցազրույց-Տաթևիկ-Ռևազյանի-հետ/150248,https://www.youtube.com/embed/hcD5y8ms8pA?autoplay=1&autohide=1,Հարցազրույց Տաթևիկ Ռևազյանի հետ,22:00,"04 Ապր, 2020"
https://www.1tv.am/hy/video/Հարցազրույց-Զարուհի-Բաթոյանի-հետ/150179,https://www.youtube.com/embed/yGpfDqL-lyA?autoplay=1&autohide=1,Հարցազրույց Զարուհի Բաթոյանի հետ,19:30,"03 Ապր, 2020"
https://www.1tv.am/hy/video/Հարցազրույց-Անդրանիկ-Քոչարյանի-հետ/150120,https://www.youtube.com/embed/jAOKWNwGQFM?autoplay=1&autohide=1,Հարցազրույց Անդրանիկ Քոչարյանի հետ,19:40,"02 Ապր, 2020"
https://www.1tv.am/hy/video/Հարցազրույց-Չինաստանում-ՀՀ-դեսպան-Սերգեյ-Մանասարյանի-հետ/150059,https://www.youtube.com/embed/ot5UTHxgLPo?autoplay=1&autohide=1,Հարցազրույց Չինաստանում ՀՀ դեսպան Սերգեյ Մանասարյանի հետ,19:30,"01 Ապր, 2020"
https://www.1tv.am/hy/video/Հարցազրույց-Ֆրանսիայում-ՀՀ-դեսպան-Հասմիկ-Տոլմաջյանի-հետ/150055,https://www.youtube.com/embed/tvLrV9yINCA?autoplay=1&autohide=1,Հարցազրույց Ֆրանսիայում ՀՀ դեսպան Հասմիկ Տոլմաջյանի հետ,19:30,"31 Մար, 2020"
https://www.1tv.am/hy/video/Պետրոս-Ղազարյանի-հեռավար-հարցազրույցը-Մեծի-տանն-Կիլիկիո-կաթողիկոս-Արամ-Առաջինի-հետ/149920,https://www.youtube.com/embed/S-l_YQtpk88?autoplay=1&autohide=1,Պետրոս Ղազարյանի հեռավար հարցազրույցը Մեծի տանն Կիլիկիո կաթողիկոս Արամ Առաջինի հետ,20:30,"30 Մար, 2020"
https://www.1tv.am/hy/video/Հարցազրույց-փոխվարչապետ-Մհեր-Գրիգորյանի-հետ/149925,https://www.youtube.com/embed/bfVIn_kXZVY?autoplay=1&autohide=1,Հարցազրույց փոխվարչապետ Մհեր Գրիգորյանի հետ,19:30,"30 Մար, 2020"
https://www.1tv.am/hy/video/Հարցազրույց-Արամ-Սարգսյանի-հետ/149702,https://www.facebook.com/plugins/video.php?href=https%3A%2F%2Fwww.facebook.com%2Flurer.1tv%2Fvideos%2F322899835336041%2F&show_text=0&width=560&autoplay=1,Հարցազրույց Արամ Սարգսյանի հետ,19:30,"26 Մար, 2020"
https://www.1tv.am/hy/video/Հարցազրույց-Ելենա-Սարդարյանի-հետ/149617,https://www.youtube.com/embed/KfOW7UMesao?autoplay=1&autohide=1,Հարցազրույց Ելենա Սարդարյանի հետ,19:35,"25 Մար, 2020"
https://www.1tv.am/hy/video/Հարցազրույց-Վարդուհի-Պետրոսյանի-հետ/149710,https://www.youtube.com/embed/7i5-GhxLFys?autoplay=1&autohide=1,Հարցազրույց Վարդուհի Պետրոսյանի հետ,19:30,"25 Մար, 2020"
https://www.1tv.am/hy/video/Հարցազրույց-Համբարձում-Մաթևոսյանի-հետ/149474,https://www.facebook.com/plugins/video.php?href=https%3A%2F%2Fwww.facebook.com%2Flurer.1tv%2Fvideos%2F501143377462564%2F&show_text=0&width=560&autoplay=1,Հարցազրույց Համբարձում Մաթևոսյանի հետ,19:30,"23 Մար, 2020"
https://www.1tv.am/hy/video/Հարցազրույց-Տիգրան-Ավինյանի-հետ/149282,https://www.youtube.com/embed/2gQma93VAdY?autoplay=1&autohide=1,Հարցազրույց Տիգրան Ավինյանի հետ,21:00,"22 Մար, 2020"
https://www.1tv.am/hy/video/Հարցազրույց-Ռոմանոս-Պետրոսյանի-հետ/149270,https://www.youtube.com/embed/vsHj8Hmr1-o?autoplay=1&autohide=1,Հարցազրույց Ռոմանոս Պետրոսյանի հետ,19:30,"20 Մար, 2020"
https://www.1tv.am/hy/video/Հարցազրույց-Դիանա-Գասպարյանի-հետ/149186,https://www.youtube.com/embed/M-5HHO0WD0Y?autoplay=1&autohide=1,Հարցազրույց Դիանա Գասպարյանի հետ,19:30,"19 Մար, 2020"
https://www.1tv.am/hy/video/Հարցազրույց-Արսեն-Թորոսյանի-հետ/149103,https://www.youtube.com/embed/pWhAdkP48io?autoplay=1&autohide=1,Հարցազրույց Արսեն Թորոսյանի հետ,21:50,"18 Մար, 2020"
https://www.1tv.am/hy/video/Հարցազրույց-Վարդուհի-Պետրոսյանի-և-Վահե-Խաչադուրյանի-հետ/149066,https://www.youtube.com/embed/FfUCuzYc3Ic?autoplay=1&autohide=1,Հարցազրույց Վարդուհի Պետրոսյանի և Վահե Խաչադուրյանի հետ,19:30,"17 Մար, 2020"
https://www.1tv.am/hy/video/Հարցազրույց-Ծաղկաձորում-մեկուսացված-Մելինե-Մելիքյանի-և-Արման-Թադևոսյանի-հետ/149074,https://www.youtube.com/embed/65k20ae4BZE?autoplay=1&autohide=1,Հարցազրույց Ծաղկաձորում մեկուսացված Մելինե Մելիքյանի և Արման Թադևոսյանի հետ,19:15,"17 Մար, 2020"
https://www.1tv.am/hy/video/Հարցազրույց-Լին-Թրեյսիի-հետ/148894,https://www.youtube.com/embed/ZStyojQk9ks?autoplay=1&autohide=1,Հարցազրույց Լին Թրեյսիի հետ,19:30,"13 Մար, 2020"
https://www.1tv.am/hy/video/Հարցազրույց-Վիգեն-Ասոյանի-և-Մերի-Տեր-Ստեփանյանի-հետ/148726,https://www.youtube.com/embed/CRdohErk9-Q?autoplay=1&autohide=1,Հարցազրույց Վիգեն Ասոյանի և Մերի Տեր-Ստեփանյանի հետ,19:30,"12 Մար, 2020"
https://www.1tv.am/hy/video/Հարցազրույց-Մարտին-Գալստյանի-հետ/148553,https://www.youtube.com/embed/hKz9OmwK1ak?autoplay=1&autohide=1,Հարցազրույց Մարտին Գալստյանի հետ,19:30,"10 Մար, 2020"
https://www.1tv.am/hy/video/Հարցազրույց-Սուրեն-Պապիկյանի-հետ/148536,https://www.youtube.com/embed/1mwtilU5DJM?autoplay=1&autohide=1,Հարցազրույց Սուրեն Պապիկյանի հետ,19:30,"09 Մար, 2020"
https://www.1tv.am/hy/video/Հարցազրույց-Սամվել-Բաբայանի-հետ/148152,https://www.youtube.com/embed/RTZYuG_1baY?autoplay=1&autohide=1,Հարցազրույց Սամվել Բաբայանի հետ,19:25,"05 Մար, 2020"
https://www.1tv.am/hy/video/Հարցազրույց-Հայկ-Խանումյանի-հետ/148079,https://www.youtube.com/embed/Q_Ao8RJlYgY?autoplay=1&autohide=1,Հարցազրույց Հայկ Խանումյանի հետ,19:30,"04 Մար, 2020"
https://www.1tv.am/hy/video/Հարցազրույց-Աշոտ-Ղուլյանի-հետ/148011,https://www.youtube.com/embed/nlTfpAmwjDA?autoplay=1&autohide=1,Հարցազրույց Աշոտ Ղուլյանի հետ,19:30,"03 Մար, 2020"
https://www.1tv.am/hy/video/Հարցազրույց-Պետրոս-Ղազարյանի-հետ-Արսեն-Թորոսյան/147932,https://www.youtube.com/embed/IVnIQYIAQ1M?autoplay=1&autohide=1,Հարցազրույց Պետրոս Ղազարյանի հետ. Արսեն Թորոսյան,19:00,"02 Մար, 2020"
https://www.1tv.am/hy/video/Հարցազրույց-Պետրոս-Ղազարյանի-հետ-Վիտալի-Բալասանյան/147775,https://www.youtube.com/embed/NIKe-KJzOWI?autoplay=1&autohide=1,Հարցազրույց Պետրոս Ղազարյանի հետ. Վիտալի Բալասանյան,19:30,"28 Փտր, 2020"
https://www.1tv.am/hy/video/Հարցազրույց-Պետրոս-Ղազարյանի-հետ/147675,https://www.youtube.com/embed/-DI_5WFfD80?autoplay=1&autohide=1,Հարցազրույց Պետրոս Ղազարյանի հետ. Արայիկ Հարությունյան,19:30,"27 Փտր, 2020"
https://www.1tv.am/hy/video/Հարցազրույց-Պետրոս-Ղազարյանի-հետ/147542,https://www.youtube.com/embed/bZlBaS7dyvM?autoplay=1&autohide=1,Հարցազրույց Պետրոս Ղազարյանի հետ. Մասիս Մայիլյան,19:30,"26 Փտր, 2020"
https://www.1tv.am/hy/video/Հարցազրույց-Պետրոս-Ղազարյանի-հետ/147458,https://www.youtube.com/embed/CLMlnYrH150?autoplay=1&autohide=1,Հարցազրույց Պետրոս Ղազարյանի հետ. Դավիթ Իշխանյան,19:30,"25 Փտր, 2020"
https://www.1tv.am/hy/video/Հարցազրույց-Պետրոս-Ղազարյանի-հետ-Դավիթ-Բաբայան/147351,https://www.youtube.com/embed/ornjNcXMsfs?autoplay=1&autohide=1,Հարցազրույց Պետրոս Ղազարյանի հետ. Դավիթ Բաբայան,19:30,"24 Փտր, 2020"
https://www.1tv.am/hy/video/Հարցազրույց-Պետրոս-Ղազարյանի-հետ-Ռուբեն-Մելիքյան/147237,https://www.youtube.com/embed/eFTa65uXE6o?autoplay=1&autohide=1,Հարցազրույց Պետրոս Ղազարյանի հետ. Ռուբեն Մելիքյան,19:30,"21 Փտր, 2020"
https://www.1tv.am/hy/video/Հարցազրույց-Պետրոս-Ղազարյանի-հետ-Նիկոլ-Փաշինյան/147148,https://www.youtube.com/embed/jYu5yvGtQcQ?autoplay=1&autohide=1,Հարցազրույց Պետրոս Ղազարյանի հետ. Նիկոլ Փաշինյան,22:00,"20 Փտր, 2020"
https://www.1tv.am/hy/video/Հարցազրույց-Պետրոս-Ղազարյանի-հետ/147062,https://www.youtube.com/embed/QtwDXRqzI_s?autoplay=1&autohide=1,Հարցազրույց Պետրոս Ղազարյանի հետ. Գագիկ Ջհանգիրյան,19:30,"19 Փտր, 2020"
https://www.1tv.am/hy/video/Հարցազրույց-Պետրոս-Ղազարյանի-հետ-Արմեն-Գրիգորյան/146988,https://www.youtube.com/embed/GKXbQNOhxIY?autoplay=1&autohide=1,Հարցազրույց Պետրոս Ղազարյանի հետ. Արմեն Գրիգորյան,19:30,"18 Փտր, 2020"
https://www.1tv.am/hy/video/Հարցազրույց-Պետրոս-Ղազարյանի-հետ/146864,https://www.youtube.com/embed/53xgbFt_Do0?autoplay=1&autohide=1,Հարցազրույց Պետրոս Ղազարյանի հետ. Արամ Սարգսյան,19:30,"17 Փտր, 2020"
https://www.1tv.am/hy/video/Հարցազրույց-Պետրոս-Ղազարյանի-հետ/146780,https://www.youtube.com/embed/oHElz3ihDq4?autoplay=1&autohide=1,Հարցազրույց Պետրոս Ղազարյանի հետ. Վիգեն Խաչատրյան,19:30,"14 Փտր, 2020"
https://www.1tv.am/hy/video/Հարցազրույց-Պետրոս-Ղազարյանի-հետ-Գևորգ-Տեր-Գաբրիելյան/146634,https://www.youtube.com/embed/3XXy2kux-gk?autoplay=1&autohide=1,Հարցազրույց Պետրոս Ղազարյանի հետ. Գևորգ Տեր-Գաբրիելյան,19:30,"13 Փտր, 2020"
https://www.1tv.am/hy/video/Հարցազրույց-Պետրոս-Ղազարյանի-հետ-Նաիրա-Զոհրաբյան/146568,https://www.youtube.com/embed/vKd8KGdI46Y?autoplay=1&autohide=1,Հարցազրույց Պետրոս Ղազարյանի հետ. Նաիրա Զոհրաբյան,19:30,"12 Փտր, 2020"
https://www.1tv.am/hy/video/Հարցազրույց-Պետրոս-Ղազարյանի-հետ-Ռուստամ-Բադասյան/146365,https://www.youtube.com/embed/gserVX98a5g?autoplay=1&autohide=1,Հարցազրույց Պետրոս Ղազարյանի հետ. Ռուստամ Բադասյան,19:30,"10 Փտր, 2020"
https://www.1tv.am/hy/video/Հարցազրույց-Պետրոս-Ղազարյանի-հետ/146212,https://www.youtube.com/embed/UEEzIFSDANo?autoplay=1&autohide=1,Հարցազրույց Պետրոս Ղազարյանի հետ. Վահագն Հովակիմյան,19:30,"07 Փտր, 2020"
https://www.1tv.am/hy/video/Հարցազրույց-Պետրոս-Ղազարյանի-հետ-Կարեն-Անդրեասյան/146092,https://www.youtube.com/embed/6g5sFkYDopo?autoplay=1&autohide=1,Հարցազրույց Պետրոս Ղազարյանի հետ. Կարեն Անդրեասյան,19:30,"06 Փտր, 2020"
https://www.1tv.am/hy/video/Հարցազրույց-Պետրոս-Ղազարյանի-հետ-Էդմոն-Մարուքյան/145994,https://www.youtube.com/embed/g_N7y10q5jE?autoplay=1&autohide=1,Հարցազրույց Պետրոս Ղազարյանի հետ. Էդմոն Մարուքյան,19:30,"05 Փտր, 2020"
https://www.1tv.am/hy/video/Հարցազրույց-Պետրոս-Ղազարյանի-հետ-Տիգրան-Խաչատրյան/145905,https://www.youtube.com/embed/PLfaKqneN8g?autoplay=1&autohide=1,Հարցազրույց Պետրոս Ղազարյանի հետ. Տիգրան Խաչատրյան,19:30,"04 Փտր, 2020"
https://www.1tv.am/hy/video/Հարցազրույց-Պետրոս-Ղազարյանի-հետ-Ռուբեն-Ռուբինյան/145824,https://www.youtube.com/embed/XA3jcUzjQRI?autoplay=1&autohide=1,Հարցազրույց Պետրոս Ղազարյանի հետ. Ռուբեն Ռուբինյան,19:30,"03 Փտր, 2020"
https://www.1tv.am/hy/video/Հարցազրույց-Արսեն-Թորոսյանի-հետ/188404,https://www.youtube.com/embed/Mo-CuhQ4wNg?autoplay=1&autohide=1,Հարցազրույց Արսեն Թորոսյանի հետ,18:24,"12 Հոկ, 2021"
