link,video_link,title,time,date,day,arm_month,year,month,iso_date,cleaned_title,video_id,Duration,Thumbnail_URL,Views
https://www.1tv.am/hy/video/Հարցազրույց-Սոսի-Թաթիկյանի-հետ/235331,https://www.youtube.com/embed/gkLMht3Vt-k?autoplay=1&autohide=1,Հարցազրույց Սոսի Թաթիկյանի հետ,22:10,"03 Հլս, 2025",3,Հլս,2025,7,2025-07-03,սոս թաթիկյան,gkLMht3Vt-k,00:35:21,https://i.ytimg.com/vi/gkLMht3Vt-k/hqdefault.jpg,34201
https://www.1tv.am/hy/video/Հարցազրույց-Համբիկ-Սարաֆյանի-հետ/235319,https://www.youtube.com/embed/yjj8ISwxTwE?autoplay=1&autohide=1,Հարցազրույց Համբիկ Սարաֆյանի հետ,22:10,"02 Հլս, 2025",2,Հլս,2025,7,2025-07-02,համբիկ սարաֆյան,yjj8ISwxTwE,00:28:10,https://i.ytimg.com/vi/yjj8ISwxTwE/hqdefault.jpg,34252
https://www.1tv.am/hy/video/Հարցազրույց-Կայա-Կալասի-հետ/235300,https://www.youtube.com/embed/Hd6l_IRhygI?autoplay=1&autohide=1,Հարցազրույց Կայա Կալասի հետ,22:10,"01 Հլս, 2025",1,Հլս,2025,7,2025-07-01,կայա կալաս,Hd6l_IRhygI,00:13:05,https://i.ytimg.com/vi/Hd6l_IRhygI/hqdefault.jpg,42904
https://www.1tv.am/hy/video/Հարցազրույց-Արթուր-Պողոսյանի-հետ/235299,https://www.youtube.com/embed/d5x7uI6cCLI?autoplay=1&autohide=1,Հարցազրույց Արթուր Պողոսյանի հետ,22:10,"30 Հնս, 2025",30,Հնս,2025,6,2025-06-30,արթուր պողոսյան,d5x7uI6cCLI,00:36:36,https://i.ytimg.com/vi/d5x7uI6cCLI/hqdefault.jpg,99204
https://www.1tv.am/hy/video/Հարցազրույց-Էլեն-Հոխիկյանի-հետ/235233,https://www.youtube.com/embed/gpIDqXFZx8o?autoplay=1&autohide=1,Հարցազրույց Էլեն Հոխիկյանի հետ,22:30,"27 Հնս, 2025",27,Հնս,2025,6,2025-06-27,էլեն հոխիկյան,gpIDqXFZx8o,00:20:50,https://i.ytimg.com/vi/gpIDqXFZx8o/hqdefault.jpg,42113
https://www.1tv.am/hy/video/Հարցազրույց-Խորեն-Վարդապետ-Հովհաննիսյանի-հետ/235242,https://www.youtube.com/embed/L9QYke6Lavg?autoplay=1&autohide=1,Հարցազրույց Խորեն Վարդապետ Հովհաննիսյանի հետ,22:05,"27 Հնս, 2025",27,Հնս,2025,6,2025-06-27,խորեն վարդապետ հովհաննիսյան,L9QYke6Lavg,00:28:10,https://i.ytimg.com/vi/L9QYke6Lavg/hqdefault.jpg,147358
https://www.1tv.am/hy/video/Հարցազրույց-Անդրանիկ-Քոչարյանի-հետ/235223,https://www.youtube.com/embed/YQ3IWIXioi8?autoplay=1&autohide=1,Հարցազրույց Անդրանիկ Քոչարյանի հետ,22:10,"26 Հնս, 2025",26,Հնս,2025,6,2025-06-26,անդրանիկ քոչարյան,YQ3IWIXioi8,00:30:40,https://i.ytimg.com/vi/YQ3IWIXioi8/hqdefault.jpg,103125
https://www.1tv.am/hy/video/Հարցազրույց-Ալեն-Սիմոնյանի-հետ/235216,https://www.youtube.com/embed/g9xybkHV0lc?autoplay=1&autohide=1,Հարցազրույց Ալեն Սիմոնյանի հետ,22:10,"25 Հնս, 2025",25,Հնս,2025,6,2025-06-25,ալեն սիմոնյան,g9xybkHV0lc,00:37:16,https://i.ytimg.com/vi/g9xybkHV0lc/hqdefault.jpg,119101
https://www.1tv.am/hy/video/Հարցազրույց-Կարինե-Գևորգյանի-հետ/235214,https://www.youtube.com/embed/eVYSKBkEQ3c?autoplay=1&autohide=1,Հարցազրույց Կարինե Գևորգյանի հետ,22:10,"24 Հնս, 2025",24,Հնս,2025,6,2025-06-24,կարինե գևորգյան,eVYSKBkEQ3c,00:26:36,https://i.ytimg.com/vi/eVYSKBkEQ3c/hqdefault.jpg,45689
https://www.1tv.am/hy/video/Հարցազրույց-Գեորգի-Դերլուգյանի-հետ/235100,https://www.youtube.com/embed/9J1L57KDjh0?autoplay=1&autohide=1,Հարցազրույց Գեորգի Դերլուգյանի հետ,22:10,"23 Հնս, 2025",23,Հնս,2025,6,2025-06-23,գեորգ դերլուգյան,9J1L57KDjh0,00:22:31,https://i.ytimg.com/vi/9J1L57KDjh0/hqdefault.jpg,36081
https://www.1tv.am/hy/video/Հարցազրույց-Վիլեն-Գաբրիելյանի-հետ/235022,https://www.youtube.com/embed/lgK9ftDnw7k?autoplay=1&autohide=1,Հարցազրույց Վիլեն Գաբրիելյանի հետ,22:10,"20 Հնս, 2025",20,Հնս,2025,6,2025-06-20,վիլեն գաբրիելյան,lgK9ftDnw7k,00:24:55,https://i.ytimg.com/vi/lgK9ftDnw7k/hqdefault.jpg,30660
https://www.1tv.am/hy/video/Հարցազրույց-Հայկ-Եսայանի-հետ/234963,https://www.youtube.com/embed/TpKNCQw712I?autoplay=1&autohide=1,Հարցազրույց Հայկ Եսայանի հետ,22:10,"19 Հնս, 2025",19,Հնս,2025,6,2025-06-19,հայկ եսայան,TpKNCQw712I,00:17:10,https://i.ytimg.com/vi/TpKNCQw712I/hqdefault.jpg,19012
https://www.1tv.am/hy/video/Հարցազրույց-Հայկ-Կոնջորյանի-հետ/234946,https://www.youtube.com/embed/gRysYMqznrU?autoplay=1&autohide=1,Հարցազրույց Հայկ Կոնջորյանի հետ,22:10,"18 Հնս, 2025",18,Հնս,2025,6,2025-06-18,հայկ կոնջորյան,gRysYMqznrU,00:29:46,https://i.ytimg.com/vi/gRysYMqznrU/hqdefault.jpg,70080
https://www.1tv.am/hy/video/Հարցազրույց-Միքայել-Զոլյանի-հետ/234899,https://www.youtube.com/embed/6hiWBZOxhhE?autoplay=1&autohide=1,Հարցազրույց Միքայել Զոլյանի հետ,22:10,"17 Հնս, 2025",17,Հնս,2025,6,2025-06-17,միքայել զոլյան,6hiWBZOxhhE,00:31:16,https://i.ytimg.com/vi/6hiWBZOxhhE/hqdefault.jpg,34045
https://www.1tv.am/hy/video/Հարցազրույց-Գոհար-Իսկանդարյանի-հետ/234878,https://www.youtube.com/embed/VaOALzBUEpY?autoplay=1&autohide=1,Հարցազրույց Գոհար Իսկանդարյանի հետ,22:10,"16 Հնս, 2025",16,Հնս,2025,6,2025-06-16,գոհար իսկանդարյան,VaOALzBUEpY,00:20:05,https://i.ytimg.com/vi/VaOALzBUEpY/hqdefault.jpg,24524
https://www.1tv.am/hy/video/Հարցազրույց-փորձագետների-հետ/234781,https://www.youtube.com/embed/b264_CxWxSg?autoplay=1&autohide=1,Հարցազրույց փորձագետների հետ,22:10,"13 Հնս, 2025",13,Հնս,2025,6,2025-06-13,փորձագետներ,b264_CxWxSg,00:54:20,https://i.ytimg.com/vi/b264_CxWxSg/hqdefault.jpg,94006
https://www.1tv.am/hy/video/Հարցազրույց-Արթուր-Վանեցյանի-հետ/234732,https://www.youtube.com/embed/vCbnIJM8ihQ?autoplay=1&autohide=1,Հարցազրույց Արթուր Վանեցյանի հետ,22:10,"12 Հնս, 2025",12,Հնս,2025,6,2025-06-12,արթուր վանեցյան,vCbnIJM8ihQ,00:28:16,https://i.ytimg.com/vi/vCbnIJM8ihQ/hqdefault.jpg,92715
https://www.1tv.am/hy/video/Հարցազրույց-Ալեն-Բերսեի-հետ/234707,https://www.youtube.com/embed/m_DdC-tuJNc?autoplay=1&autohide=1,Հարցազրույց Ալեն Բերսեի հետ,22:10,"11 Հնս, 2025",11,Հնս,2025,6,2025-06-11,ալեն բերսե,m_DdC-tuJNc,00:18:35,https://i.ytimg.com/vi/m_DdC-tuJNc/hqdefault.jpg,21432
https://www.1tv.am/hy/video/Հարցազրույց-Մարի-Գրիգորյանի-հետ/234665,https://www.youtube.com/embed/WBVw2zOFiRM?autoplay=1&autohide=1,Հարցազրույց Մարի Գրիգորյանի հետ,22:10,"10 Հնս, 2025",10,Հնս,2025,6,2025-06-10,մար գրիգորյան,WBVw2zOFiRM,00:23:46,https://i.ytimg.com/vi/WBVw2zOFiRM/hqdefault.jpg,32518
https://www.1tv.am/hy/video/Հարցազրույց-Վահագն-Ալեքսանյանի-հետ/234635,https://www.youtube.com/embed/lXqEuNcSoB4?autoplay=1&autohide=1,Հարցազրույց Վահագն Ալեքսանյանի հետ,22:10,"09 Հնս, 2025",9,Հնս,2025,6,2025-06-09,վահագն ալեքսանյան,lXqEuNcSoB4,00:21:20,https://i.ytimg.com/vi/lXqEuNcSoB4/hqdefault.jpg,74008
https://www.1tv.am/hy/video/Հարցազրույց-Գայանե-Աբրահամյանի-հետ/234524,https://www.youtube.com/embed/I8XW7f98sKI?autoplay=1&autohide=1,Հարցազրույց Գայանե Աբրահամյանի հետ,22:10,"06 Հնս, 2025",6,Հնս,2025,6,2025-06-06,գայանե աբրահամյան,I8XW7f98sKI,00:22:45,https://i.ytimg.com/vi/I8XW7f98sKI/hqdefault.jpg,23759
https://www.1tv.am/hy/video/Հարցազրույց-Արման-Բաբաջանյանի-հետ/234481,https://www.youtube.com/embed/bR85x0q5nSI?autoplay=1&autohide=1,Հարցազրույց Արման Բաբաջանյանի հետ,22:10,"05 Հնս, 2025",5,Հնս,2025,6,2025-06-05,արման բաբաջանյան,bR85x0q5nSI,00:23:04,https://i.ytimg.com/vi/bR85x0q5nSI/hqdefault.jpg,36428
https://www.1tv.am/hy/video/Հարցազրույց-Հայկ-Հովյանի-հետ/234118,https://www.youtube.com/embed/dD8PMpjziew?autoplay=1&autohide=1,Հարցազրույց Հայկ Հովյանի հետ,22:10,"23 Մայ, 2025",23,Մայ,2025,5,2025-05-23,հայկ հովյան,dD8PMpjziew,00:23:31,https://i.ytimg.com/vi/dD8PMpjziew/hqdefault.jpg,20330
https://www.1tv.am/hy/video/Հարցազրույց-Էնրիկո-Դելլա-Կասայի-հետ/234050,https://www.youtube.com/embed/0WyNm0kfdkg?autoplay=1&autohide=1,Հարցազրույց Էնրիկո Դելլա Կասայի հետ,22:10,"22 Մայ, 2025",22,Մայ,2025,5,2025-05-22,էնրիկո դելլա կասայ,0WyNm0kfdkg,00:17:31,https://i.ytimg.com/vi/0WyNm0kfdkg/hqdefault.jpg,4802
https://www.1tv.am/hy/video/Հարցազրույց-Անիտա-Դիմիտրիուի-հետ/234022,https://www.youtube.com/embed/QzlgWDC63qE?autoplay=1&autohide=1,Հարցազրույց Անիտա Դիմիտրիուի հետ,22:10,"21 Մայ, 2025",21,Մայ,2025,5,2025-05-21,անիտա դիմիտրիու,QzlgWDC63qE,N/A,N/A,N/A
https://www.1tv.am/hy/video/Հարցազրույց-Հայկ-Կոնջորյանի-հետ/233997,https://www.youtube.com/embed/IQ9Ghx8vWHQ?autoplay=1&autohide=1,Հարցազրույց Հայկ Կոնջորյանի հետ,22:10,"20 Մայ, 2025",20,Մայ,2025,5,2025-05-20,հայկ կոնջորյան,IQ9Ghx8vWHQ,00:27:00,https://i.ytimg.com/vi/IQ9Ghx8vWHQ/hqdefault.jpg,51734
https://www.1tv.am/hy/video/Հարցազրույց-Արամ-Սարգսյանի-հետ/233946,https://www.youtube.com/embed/ZoxxSL1qUps?autoplay=1&autohide=1,Հարցազրույց Արամ Սարգսյանի հետ,22:10,"19 Մայ, 2025",19,Մայ,2025,5,2025-05-19,արամ սարգսյան,ZoxxSL1qUps,00:34:51,https://i.ytimg.com/vi/ZoxxSL1qUps/hqdefault.jpg,76806
https://www.1tv.am/hy/video/Հարցազրույց-Տիգրան-Հակոբյանի-հետ/233842,https://www.youtube.com/embed/9aeOF-4ZWf0?autoplay=1&autohide=1,Հարցազրույց Տիգրան Հակոբյանի հետ,22:10,"16 Մայ, 2025",16,Մայ,2025,5,2025-05-16,տիգրան հակոբյան,9aeOF-4ZWf0,00:30:10,https://i.ytimg.com/vi/9aeOF-4ZWf0/hqdefault.jpg,19439
https://www.1tv.am/hy/video/Հարցազրույց-Ռուբեն-Ռուբինյանի-հետ/233751,https://www.youtube.com/embed/1hIJrTDufbE?autoplay=1&autohide=1,Հարցազրույց Ռուբեն Ռուբինյանի հետ,22:10,"14 Մայ, 2025",14,Մայ,2025,5,2025-05-14,ռուբեն ռուբինյան,1hIJrTDufbE,00:27:16,https://i.ytimg.com/vi/1hIJrTDufbE/hqdefault.jpg,77789
https://www.1tv.am/hy/video/Հարցազրույց-Հայկ-Սարգսյանի-հետ/233726,https://www.youtube.com/embed/WsJQYLxGo9I?autoplay=1&autohide=1,Հարցազրույց Հայկ Սարգսյանի հետ,22:10,"13 Մայ, 2025",13,Մայ,2025,5,2025-05-13,հայկ սարգսյան,WsJQYLxGo9I,00:30:55,https://i.ytimg.com/vi/WsJQYLxGo9I/hqdefault.jpg,26480
https://www.1tv.am/hy/video/Հարցազրույց-Վահագն-Ալեքսանյանի-հետ/233685,https://www.youtube.com/embed/XUc3kLWgZQg?autoplay=1&autohide=1,Հարցազրույց Վահագն Ալեքսանյանի հետ,22:10,"12 Մայ, 2025",12,Մայ,2025,5,2025-05-12,վահագն ալեքսանյան,XUc3kLWgZQg,00:26:11,https://i.ytimg.com/vi/XUc3kLWgZQg/hqdefault.jpg,65962
https://www.1tv.am/hy/video/Հարցազրույց-Արծրուն-Հովհաննիսյանի-հետ/233603,https://www.youtube.com/embed/NLFYH-I985g?autoplay=1&autohide=1,Հարցազրույց Արծրուն Հովհաննիսյանի հետ,22:10,"09 Մայ, 2025",9,Մայ,2025,5,2025-05-09,արծրուն հովհաննիսյան,NLFYH-I985g,00:28:31,https://i.ytimg.com/vi/NLFYH-I985g/hqdefault.jpg,108503
https://www.1tv.am/hy/video/Հարցազրույց-Աննա-Վարդապետյանի-հետ/233596,https://www.youtube.com/embed/9KDAEGmyy-4?autoplay=1&autohide=1,Հարցազրույց Աննա Վարդապետյանի հետ,22:10,"08 Մայ, 2025",8,Մայ,2025,5,2025-05-08,աննա վարդապետյան,9KDAEGmyy-4,00:29:01,https://i.ytimg.com/vi/9KDAEGmyy-4/hqdefault.jpg,82301
https://www.1tv.am/hy/video/Հարցազրույց-Գառնիկ-Դանիելյանի-հետ/233590,https://www.youtube.com/embed/kwPt9TXlRgk?autoplay=1&autohide=1,Հարցազրույց Գառնիկ Դանիելյանի հետ,22:10,"07 Մայ, 2025",7,Մայ,2025,5,2025-05-07,գառնիկ դանիելյան,kwPt9TXlRgk,00:40:45,https://i.ytimg.com/vi/kwPt9TXlRgk/hqdefault.jpg,49920
https://www.1tv.am/hy/video/Հարցազրույց-Արթուր-Նահապետյանի-հետ/233462,https://www.youtube.com/embed/6LnkR5jb46k?autoplay=1&autohide=1,Հարցազրույց Արթուր Նահապետյանի հետ,22:10,"06 Մայ, 2025",6,Մայ,2025,5,2025-05-06,արթուր նահապետյան,6LnkR5jb46k,00:23:36,https://i.ytimg.com/vi/6LnkR5jb46k/hqdefault.jpg,12946
https://www.1tv.am/hy/video/Հարցազրույց-Համո-Սուքիասյանի-հետ/233408,https://www.youtube.com/embed/rR4w1tKb1M0?autoplay=1&autohide=1,Հարցազրույց Համո Սուքիասյանի հետ,22:10,"05 Մայ, 2025",5,Մայ,2025,5,2025-05-05,համո սուքիասյան,rR4w1tKb1M0,00:27:51,https://i.ytimg.com/vi/rR4w1tKb1M0/hqdefault.jpg,20321
https://www.1tv.am/hy/video/Հարցազրույց-Իվան-Տիմոֆեևի-հետ/233314,https://www.youtube.com/embed/i13ZLwYoLnE?autoplay=1&autohide=1,Հարցազրույց Իվան Տիմոֆեևի հետ,22:10,"02 Մայ, 2025",2,Մայ,2025,5,2025-05-02,իվան տիմոֆեև,i13ZLwYoLnE,00:29:06,https://i.ytimg.com/vi/i13ZLwYoLnE/hqdefault.jpg,30447
https://www.1tv.am/hy/video/Հարցազրույց-Գեղամ-Նազարյանի-հետ/233243,https://www.youtube.com/embed/wZPqzqnfylg?autoplay=1&autohide=1,Հարցազրույց Գեղամ Նազարյանի հետ,22:10,"01 Մայ, 2025",1,Մայ,2025,5,2025-05-01,գեղամ նազարյան,wZPqzqnfylg,00:25:21,https://i.ytimg.com/vi/wZPqzqnfylg/hqdefault.jpg,52495
https://www.1tv.am/hy/video/Հարցազրույց-Տարոն-Չախոյանի-հետ/233242,https://www.youtube.com/embed/plzW6EQKlYQ?autoplay=1&autohide=1,Հարցազրույց Տարոն Չախոյանի հետ,22:10,"30 Ապր, 2025",30,Ապր,2025,4,2025-04-30,տարոն չախոյան,plzW6EQKlYQ,00:25:10,https://i.ytimg.com/vi/plzW6EQKlYQ/hqdefault.jpg,43284
https://www.1tv.am/hy/video/Հարցազրույց-Սրբուհի-Գալյանի-հետ/233177,https://www.youtube.com/embed/hcLhnUIN7Y0?autoplay=1&autohide=1,Հարցազրույց Սրբուհի Գալյանի հետ,22:10,"29 Ապր, 2025",29,Ապր,2025,4,2025-04-29,սրբուհ գալյան,hcLhnUIN7Y0,00:27:21,https://i.ytimg.com/vi/hcLhnUIN7Y0/hqdefault.jpg,23257
https://www.1tv.am/hy/video/Հարցազրույց-Լիլիթ-Մինասյանի-հետ/233120,https://www.youtube.com/embed/lqmSDYB-_hY?autoplay=1&autohide=1,Հարցազրույց Լիլիթ Մինասյանի հետ,22:10,"28 Ապր, 2025",28,Ապր,2025,4,2025-04-28,լիլիթ մինասյան,lqmSDYB-_hY,00:25:06,https://i.ytimg.com/vi/lqmSDYB-_hY/hqdefault.jpg,27006
https://www.1tv.am/hy/video/Հարցազրույց-Հակոբ-Մովսեսի-հետ/233051,https://www.youtube.com/embed/62_pUJLnvlo?autoplay=1&autohide=1,Հարցազրույց Հակոբ Մովսեսի հետ,22:10,"25 Ապր, 2025",25,Ապր,2025,4,2025-04-25,հակոբ մովսես,62_pUJLnvlo,00:22:10,https://i.ytimg.com/vi/62_pUJLnvlo/hqdefault.jpg,28135
https://www.1tv.am/hy/video/Հարցազրույց-Ռուբեն-Սաֆրաստյանի-հետ/232999,https://www.youtube.com/embed/tbQATYApYSI?autoplay=1&autohide=1,Հարցազրույց Ռուբեն Սաֆրաստյանի հետ,22:10,"24 Ապր, 2025",24,Ապր,2025,4,2025-04-24,ռուբեն սաֆրաստյան,tbQATYApYSI,00:16:06,https://i.ytimg.com/vi/tbQATYApYSI/hqdefault.jpg,21646
https://www.1tv.am/hy/video/Հարցազրույց-Արծվիկ-Մինասյանի-հետ/232980,https://www.youtube.com/embed/kJLWgZQ-myI?autoplay=1&autohide=1,Հարցազրույց Արծվիկ Մինասյանի հետ,22:10,"23 Ապր, 2025",23,Ապր,2025,4,2025-04-23,արծվիկ մինասյան,kJLWgZQ-myI,00:31:21,https://i.ytimg.com/vi/kJLWgZQ-myI/hqdefault.jpg,82480
https://www.1tv.am/hy/video/Հարցազրույց-Էդուարդ-Հակոբյանի-հետ/232933,https://www.youtube.com/embed/330z2yi8DG0?autoplay=1&autohide=1,Հարցազրույց Էդուարդ Հակոբյանի հետ,22:10,"22 Ապր, 2025",22,Ապր,2025,4,2025-04-22,էդուարդ հակոբյան,330z2yi8DG0,00:27:06,https://i.ytimg.com/vi/330z2yi8DG0/hqdefault.jpg,10715
https://www.1tv.am/hy/video/Հարցազրույց-Արփինե-Սարգսյանի-հետ/232895,https://www.youtube.com/embed/yGrd3FBdix8?autoplay=1&autohide=1,Հարցազրույց Արփինե Սարգսյանի հետ,22:10,"21 Ապր, 2025",21,Ապր,2025,4,2025-04-21,արփինե սարգսյան,yGrd3FBdix8,00:34:10,https://i.ytimg.com/vi/yGrd3FBdix8/hqdefault.jpg,32642
https://www.1tv.am/hy/video/Հարցազրույց-Հարություն-Մկրտչյանի-հետ/232743,https://www.youtube.com/embed/11H4Oqi5jXU?autoplay=1&autohide=1,Հարցազրույց Հարություն Մկրտչյանի հետ,22:10,"16 Ապր, 2025",16,Ապր,2025,4,2025-04-16,հարություն մկրտչյան,11H4Oqi5jXU,00:36:40,https://i.ytimg.com/vi/11H4Oqi5jXU/hqdefault.jpg,56597
https://www.1tv.am/hy/video/Հարցազրույց-Անդրանիկ-Քոչարյանի-հետ/232723,https://www.youtube.com/embed/s8z730bpo2Y?autoplay=1&autohide=1,Հարցազրույց Անդրանիկ Քոչարյանի հետ,22:10,"15 Ապր, 2025",15,Ապր,2025,4,2025-04-15,անդրանիկ քոչարյան,s8z730bpo2Y,00:28:06,https://i.ytimg.com/vi/s8z730bpo2Y/hqdefault.jpg,54529
https://www.1tv.am/hy/video/Հարցազրույց-Գեղամ-Ստեփանյանի-հետ/232706,https://www.youtube.com/embed/nCr1QheWiAQ?autoplay=1&autohide=1,Հարցազրույց Գեղամ Ստեփանյանի հետ,22:10,"14 Ապր, 2025",14,Ապր,2025,4,2025-04-14,գեղամ ստեփանյան,nCr1QheWiAQ,00:38:30,https://i.ytimg.com/vi/nCr1QheWiAQ/hqdefault.jpg,44385
https://www.1tv.am/hy/video/Հարցազրույց-Ստաս-Նամինի-հետ/232536,https://www.youtube.com/embed/joSP83VHA3I?autoplay=1&autohide=1,Հարցազրույց Ստաս Նամինի հետ,22:10,"09 Ապր, 2025",9,Ապր,2025,4,2025-04-09,ստաս նամին,joSP83VHA3I,00:25:21,https://i.ytimg.com/vi/joSP83VHA3I/hqdefault.jpg,46021
https://www.1tv.am/hy/video/Հարցազրույց-Ռոդիոն-Միրոշնիկի-հետ/232513,https://www.youtube.com/embed/T4wlpkrrpTM?autoplay=1&autohide=1,Հարցազրույց Ռոդիոն Միրոշնիկի հետ,22:10,"08 Ապր, 2025",8,Ապր,2025,4,2025-04-08,ռոդիոն միրոշնիկ,T4wlpkrrpTM,00:25:46,https://i.ytimg.com/vi/T4wlpkrrpTM/hqdefault.jpg,40736
https://www.1tv.am/hy/video/Հարցազրույց-Տիգրան-Խաչատրյանի-հետ/232466,https://www.youtube.com/embed/8HStP0XZ5zQ?autoplay=1&autohide=1,Հարցազրույց Տիգրան Խաչատրյանի հետ,22:10,"07 Ապր, 2025",7,Ապր,2025,4,2025-04-07,տիգրան խաչատրյան,8HStP0XZ5zQ,00:25:30,https://i.ytimg.com/vi/8HStP0XZ5zQ/hqdefault.jpg,18856
https://www.1tv.am/hy/video/Հարցազրույց-Վահագն-Ալեքսանյանի-հետ/232383,https://www.youtube.com/embed/DEqd9AROqe4?autoplay=1&autohide=1,Հարցազրույց Վահագն Ալեքսանյանի հետ,22:10,"04 Ապր, 2025",4,Ապր,2025,4,2025-04-04,վահագն ալեքսանյան,DEqd9AROqe4,00:20:40,https://i.ytimg.com/vi/DEqd9AROqe4/hqdefault.jpg,78120
https://www.1tv.am/hy/video/Հարցազրույց-Արմեն-Նուրբեկյանի-հետ/232322,https://www.youtube.com/embed/ciTvwcUaanE?autoplay=1&autohide=1,Հարցազրույց Արմեն Նուրբեկյանի հետ,22:10,"03 Ապր, 2025",3,Ապր,2025,4,2025-04-03,արմեն նուրբեկյան,ciTvwcUaanE,00:29:51,https://i.ytimg.com/vi/ciTvwcUaanE/hqdefault.jpg,24654
https://www.1tv.am/hy/video/Հարցազրույց-Վահրամ-Թոքմաջյանի-հետ/232294,https://www.youtube.com/embed/W4U6OGE1Sdk?autoplay=1&autohide=1,Հարցազրույց Վահրամ Թոքմաջյանի հետ,22:10,"02 Ապր, 2025",2,Ապր,2025,4,2025-04-02,վահրամ թոքմաջյան,W4U6OGE1Sdk,00:28:36,https://i.ytimg.com/vi/W4U6OGE1Sdk/hqdefault.jpg,55883
https://www.1tv.am/hy/video/Հարցազրույց-Լիլիթ-Դալլաքյանի-հետ/232282,https://www.youtube.com/embed/XQUhqQOUACE?autoplay=1&autohide=1,Հարցազրույց Լիլիթ Դալլաքյանի հետ,22:10,"01 Ապր, 2025",1,Ապր,2025,4,2025-04-01,լիլիթ դալլաքյան,XQUhqQOUACE,00:23:10,https://i.ytimg.com/vi/XQUhqQOUACE/hqdefault.jpg,62087
https://www.1tv.am/hy/video/Հարցազրույց-Արեգ-Քոչինյանի-հետ/232225,https://www.youtube.com/embed/34FcpDxd3nY?autoplay=1&autohide=1,Հարցազրույց Արեգ Քոչինյանի հետ,22:10,"31 Մար, 2025",31,Մար,2025,3,2025-03-31,արեգ քոչինյան,34FcpDxd3nY,00:19:31,https://i.ytimg.com/vi/34FcpDxd3nY/hqdefault.jpg,51212
https://www.1tv.am/hy/video/Հարցազրույց-Սարիկ-Մինասյանի-հետ/232165,https://www.youtube.com/embed/AkJy5NJ5ds4?autoplay=1&autohide=1,Հարցազրույց Սարիկ Մինասյանի հետ,22:10,"28 Մար, 2025",28,Մար,2025,3,2025-03-28,սարիկ մինասյան,AkJy5NJ5ds4,00:24:06,https://i.ytimg.com/vi/AkJy5NJ5ds4/hqdefault.jpg,27692
https://www.1tv.am/hy/video/Հարցազրույց-Մարտուն-Գրիգորյանի-հետ/232157,https://www.youtube.com/embed/qOem8WMgRqI?autoplay=1&autohide=1,Հարցազրույց Մարտուն Գրիգորյանի հետ,19:00,"28 Մար, 2025",28,Մար,2025,3,2025-03-28,մարտուն գրիգորյան,qOem8WMgRqI,00:28:20,https://i.ytimg.com/vi/qOem8WMgRqI/hqdefault.jpg,30934
https://www.1tv.am/hy/video/Հարցազրույց-Լևոն-Բարսեղյանի-հետ/232064,https://www.youtube.com/embed/7utSMb_5Dkw?autoplay=1&autohide=1,Հարցազրույց Լևոն Բարսեղյանի հետ,22:10,"26 Մար, 2025",26,Մար,2025,3,2025-03-26,լևոն բարսեղյան,7utSMb_5Dkw,00:25:51,https://i.ytimg.com/vi/7utSMb_5Dkw/hqdefault.jpg,31370
https://www.1tv.am/hy/video/Հարցազրույց-Արտյոմ-Ղարաղազարյանի-հետ/232055,https://www.youtube.com/embed/JHPaKoFH3Ec?autoplay=1&autohide=1,Հարցազրույց Արտյոմ Ղարաղազարյանի հետ,20:30,"26 Մար, 2025",26,Մար,2025,3,2025-03-26,արտյոմ ղարաղազարյան,JHPaKoFH3Ec,00:21:05,https://i.ytimg.com/vi/JHPaKoFH3Ec/hqdefault.jpg,9939
https://www.1tv.am/hy/video/Հարցազրույց-Վարդան-Ղուկասյանի-հետ/232024,https://www.youtube.com/embed/foNM1cFHOTo?autoplay=1&autohide=1,Հարցազրույց Վարդան Ղուկասյանի հետ,22:10,"25 Մար, 2025",25,Մար,2025,3,2025-03-25,վարդան ղուկասյան,foNM1cFHOTo,00:28:55,https://i.ytimg.com/vi/foNM1cFHOTo/hqdefault.jpg,129531
https://www.1tv.am/hy/video/Հարցազրույց-Կարեն-Սիմոնյանի-հետ/231979,https://www.youtube.com/embed/QXe6voYx9r4?autoplay=1&autohide=1,Հարցազրույց Կարեն Սիմոնյանի հետ,22:10,"24 Մար, 2025",24,Մար,2025,3,2025-03-24,կարեն սիմոնյան,QXe6voYx9r4,00:27:51,https://i.ytimg.com/vi/QXe6voYx9r4/hqdefault.jpg,14145
https://www.1tv.am/hy/video/Հարցազրույց-Արտյոմ-Թումանյանի-հետ/231978,https://www.youtube.com/embed/NqmM11ROeBw?autoplay=1&autohide=1,Հարցազրույց Արտյոմ Թումանյանի հետ,20:30,"24 Մար, 2025",24,Մար,2025,3,2025-03-24,արտյոմ թումանյան,NqmM11ROeBw,00:24:40,https://i.ytimg.com/vi/NqmM11ROeBw/hqdefault.jpg,35228
https://www.1tv.am/hy/video/Հարցազրույց-Անդերս-Ֆոգ-Ռասմուսենի-հետ/231848,https://www.youtube.com/embed/xqMrtijccuM?autoplay=1&autohide=1,Հարցազրույց Անդերս Ֆոգ Ռասմուսենի հետ,22:10,"20 Մար, 2025",20,Մար,2025,3,2025-03-20,անդերս ֆոգ ռասմուսեն,xqMrtijccuM,00:25:40,https://i.ytimg.com/vi/xqMrtijccuM/hqdefault.jpg,48692
https://www.1tv.am/hy/video/Հարցազրույց-Քրիստինե-Վարդանյանի-հետ/231800,https://www.youtube.com/embed/2f2bBulNidU?autoplay=1&autohide=1,Հարցազրույց Քրիստինե Վարդանյանի հետ,22:10,"19 Մար, 2025",19,Մար,2025,3,2025-03-19,քրիստինե վարդանյան,2f2bBulNidU,00:33:44,https://i.ytimg.com/vi/2f2bBulNidU/hqdefault.jpg,42754
https://www.1tv.am/hy/video/Հարցազրույց-Արեգ-Քոչինյանի-հետ/231782,https://www.youtube.com/embed/HaOw3W2h5Yg?autoplay=1&autohide=1,Հարցազրույց Արեգ Քոչինյանի հետ,22:10,"18 Մար, 2025",18,Մար,2025,3,2025-03-18,արեգ քոչինյան,HaOw3W2h5Yg,00:25:46,https://i.ytimg.com/vi/HaOw3W2h5Yg/hqdefault.jpg,48257
https://www.1tv.am/hy/video/Հարցազրույց-Արսեն-Թորոսյանի-հետ/231714,https://www.youtube.com/embed/JWmKXMjNULo?autoplay=1&autohide=1,Հարցազրույց Արսեն Թորոսյանի հետ,22:10,"17 Մար, 2025",17,Մար,2025,3,2025-03-17,արսեն թորոսյան,JWmKXMjNULo,00:21:53,https://i.ytimg.com/vi/JWmKXMjNULo/hqdefault.jpg,24115
https://www.1tv.am/hy/video/Հարցազրույց-Հայկ-Կոնջորյանի-հետ/231637,https://www.youtube.com/embed/EtbizvjWz5A?autoplay=1&autohide=1,Հարցազրույց Հայկ Կոնջորյանի հետ,22:10,"14 Մար, 2025",14,Մար,2025,3,2025-03-14,հայկ կոնջորյան,EtbizvjWz5A,00:26:10,https://i.ytimg.com/vi/EtbizvjWz5A/hqdefault.jpg,43979
https://www.1tv.am/hy/video/Հարցազրույց-Կարեն-Կարագուլյանի-և-Վաչե-Թովմասյանի-հետ/231457,https://www.youtube.com/embed/MT9t2a7a3j8?autoplay=1&autohide=1,Հարցազրույց Կարեն Կարագուլյանի և Վաչե Թովմասյանի հետ,20:20,"04 Մար, 2025",4,Մար,2025,3,2025-03-04,կարեն կարագուլյան և վաչե թովմասյան,MT9t2a7a3j8,00:32:41,https://i.ytimg.com/vi/MT9t2a7a3j8/hqdefault.jpg,176717
https://www.1tv.am/hy/video/Հարցազրույց-Երվանդ-Թարվերդյանի-հետ/231445,https://www.youtube.com/embed/vKDlqqbhRuU?autoplay=1&autohide=1,Հարցազրույց Երվանդ Թարվերդյանի հետ,22:10,"03 Մար, 2025",3,Մար,2025,3,2025-03-03,երվանդ թարվերդյան,vKDlqqbhRuU,00:21:20,https://i.ytimg.com/vi/vKDlqqbhRuU/hqdefault.jpg,12320
https://www.1tv.am/hy/video/Հարցազրույց-Դավիթ-Առուշանյանի-հետ/231397,https://www.youtube.com/embed/SPhG9lFMvZg?autoplay=1&autohide=1,Հարցազրույց Դավիթ Առուշանյանի հետ,22:10,"28 Փտր, 2025",28,Փտր,2025,2,2025-02-28,դավիթ առուշանյան,SPhG9lFMvZg,00:27:01,https://i.ytimg.com/vi/SPhG9lFMvZg/hqdefault.jpg,11047
https://www.1tv.am/hy/video/Հարցազրույց-Վահագն-Ալեքսանյանի-հետ/231379,https://www.youtube.com/embed/VP-3f82wC6o?autoplay=1&autohide=1,Հարցազրույց Վահագն Ալեքսանյանի հետ,22:10,"27 Փտր, 2025",27,Փտր,2025,2,2025-02-27,վահագն ալեքսանյան,VP-3f82wC6o,00:21:35,https://i.ytimg.com/vi/VP-3f82wC6o/hqdefault.jpg,39867
https://www.1tv.am/hy/video/Հարցազրույց-Սերգեյ-Մինասյանի-հետ/231366,https://www.youtube.com/embed/oKH47mw0Zpw?autoplay=1&autohide=1,Հարցազրույց Սերգեյ Մինասյանի հետ,22:10,"26 Փտր, 2025",26,Փտր,2025,2,2025-02-26,սերգեյ մինասյան,oKH47mw0Zpw,00:23:31,https://i.ytimg.com/vi/oKH47mw0Zpw/hqdefault.jpg,12734
https://www.1tv.am/hy/video/Հարցազրույց-Խոսրով-Հարությունյանի-հետ/231350,https://www.youtube.com/embed/iA6jfsTpWkc?autoplay=1&autohide=1,Հարցազրույց Խոսրով Հարությունյանի հետ,22:10,"25 Փտր, 2025",25,Փտր,2025,2,2025-02-25,խոսրով հարությունյան,iA6jfsTpWkc,00:36:45,https://i.ytimg.com/vi/iA6jfsTpWkc/hqdefault.jpg,22637
https://www.1tv.am/hy/video/Հարցազրույց-Վլադիմիր-Վարդանյանի-հետ/231337,https://www.youtube.com/embed/fDJUutoThxo?autoplay=1&autohide=1,Հարցազրույց Վլադիմիր Վարդանյանի հետ,22:10,"24 Փտր, 2025",24,Փտր,2025,2,2025-02-24,վլադիմիր վարդանյան,fDJUutoThxo,00:26:40,https://i.ytimg.com/vi/fDJUutoThxo/hqdefault.jpg,14688
https://www.1tv.am/hy/video/Հարցազրույց-Հայկ-Կոնջորյանի-հետ/231263,https://www.youtube.com/embed/KubiymERfVA?autoplay=1&autohide=1,Հարցազրույց Հայկ Կոնջորյանի հետ,22:10,"20 Փտր, 2025",20,Փտր,2025,2,2025-02-20,հայկ կոնջորյան,KubiymERfVA,00:27:10,https://i.ytimg.com/vi/KubiymERfVA/hqdefault.jpg,34004
https://www.1tv.am/hy/video/Հարցազրույց-Տարոն-Չախոյանի-հետ/231225,https://www.youtube.com/embed/g6BXBertBbg?si=D4rdLo9ti5KLCDb9?autoplay=1&autohide=1,Հարցազրույց Տարոն Չախոյանի հետ,22:10,"18 Փտր, 2025",18,Փտր,2025,2,2025-02-18,տարոն չախոյան,g6BXBertBbg,00:26:52,https://i.ytimg.com/vi/g6BXBertBbg/hqdefault.jpg,44862
https://www.1tv.am/hy/video/Հարցազրույց-Արման-Բաբաջանյանի-հետ/231205,https://www.youtube.com/embed/-ocRwHq4qqM?autoplay=1&autohide=1,Հարցազրույց Արման Բաբաջանյանի հետ,22:10,"17 Փտր, 2025",17,Փտր,2025,2,2025-02-17,արման բաբաջանյան,-ocRwHq4qqM,00:23:40,https://i.ytimg.com/vi/-ocRwHq4qqM/hqdefault.jpg,39530
https://www.1tv.am/hy/video/Հարցազրույց-Հայկ-Սուքիասյանի-հետ/231158,https://www.youtube.com/embed/azYrbMmjW9Y?autoplay=1&autohide=1,Հարցազրույց Հայկ Սուքիասյանի հետ,22:10,"14 Փտր, 2025",14,Փտր,2025,2,2025-02-14,հայկ սուքիասյան,azYrbMmjW9Y,00:23:01,https://i.ytimg.com/vi/azYrbMmjW9Y/hqdefault.jpg,46043
https://www.1tv.am/hy/video/Հարցազրույց-Սերգեյ-Գոլուբի-և-Հայկուհի-Գեոկչյանի-հետ/231117,https://www.youtube.com/embed/mFd1WNIQXg0?autoplay=1&autohide=1,Հարցազրույց Սերգեյ Գոլուբի և Հայկուհի Գեոկչյանի հետ,22:10,"13 Փտր, 2025",13,Փտր,2025,2,2025-02-13,սերգեյ գոլուբ և հայկուհ գեոկչյան,mFd1WNIQXg0,00:22:35,https://i.ytimg.com/vi/mFd1WNIQXg0/hqdefault.jpg,5703
https://www.1tv.am/hy/video/Հարցազրույց-Արման-Եղոյանի-հետ/231094,https://www.youtube.com/embed/sO-HjfA2B3M?autoplay=1&autohide=1,Հարցազրույց Արման Եղոյանի հետ,22:10,"12 Փտր, 2025",12,Փտր,2025,2,2025-02-12,արման եղոյան,sO-HjfA2B3M,00:21:46,https://i.ytimg.com/vi/sO-HjfA2B3M/hqdefault.jpg,21012
https://www.1tv.am/hy/video/Հարցազրույց-Վիգեն-Չըթըրյանի-հետ/231050,https://www.youtube.com/embed/wMpMHwlRaIw?autoplay=1&autohide=1,Հարցազրույց Վիգեն Չըթըրյանի հետ,22:10,"10 Փտր, 2025",10,Փտր,2025,2,2025-02-10,վիգեն չըթըրյան,wMpMHwlRaIw,00:21:35,https://i.ytimg.com/vi/wMpMHwlRaIw/hqdefault.jpg,17083
https://www.1tv.am/hy/video/Հարցազրույց-Հայկ-Կոնջորյանի-հետ/231033,https://www.youtube.com/embed/rCEb9pU7Rko?autoplay=1&autohide=1,Հարցազրույց Հայկ Կոնջորյանի հետ,22:10,"07 Փտր, 2025",7,Փտր,2025,2,2025-02-07,հայկ կոնջորյան,rCEb9pU7Rko,00:21:40,https://i.ytimg.com/vi/rCEb9pU7Rko/hqdefault.jpg,37344
https://www.1tv.am/hy/video/Հարցազրույց-Բաբկեն-Թունյանի-հետ/230991,https://www.youtube.com/embed/9QovpP63kGY?autoplay=1&autohide=1,Հարցազրույց Բաբկեն Թունյանի հետ,22:10,"06 Փտր, 2025",6,Փտր,2025,2,2025-02-06,բաբկեն թունյան,9QovpP63kGY,00:22:25,https://i.ytimg.com/vi/9QovpP63kGY/hqdefault.jpg,14531
https://www.1tv.am/hy/video/Հարցազրույց-Գառնիկ-Դանիելյանի-հետ/230986,https://www.youtube.com/embed/2beBtQAXlbo?autoplay=1&autohide=1,Հարցազրույց Գառնիկ Դանիելյանի հետ,22:10,"05 Փտր, 2025",5,Փտր,2025,2,2025-02-05,գառնիկ դանիելյան,2beBtQAXlbo,00:31:06,https://i.ytimg.com/vi/2beBtQAXlbo/hqdefault.jpg,56320
https://www.1tv.am/hy/video/Հարցազրույց-Միքայել-Զոլյանի-հետ/230942,https://www.youtube.com/embed/CigKPH_vhLo?autoplay=1&autohide=1,Հարցազրույց Միքայել Զոլյանի հետ,22:10,"03 Փտր, 2025",3,Փտր,2025,2,2025-02-03,միքայել զոլյան,CigKPH_vhLo,00:32:25,https://i.ytimg.com/vi/CigKPH_vhLo/hqdefault.jpg,27854
https://www.1tv.am/hy/video/Հարցազրույց-Գարո-Փայլանի-հետ/230894,https://www.youtube.com/embed/0FKCAATFOJc?autoplay=1&autohide=1,Հարցազրույց Գարո Փայլանի հետ,22:10,"31 Հնվ, 2025",31,Հնվ,2025,1,2025-01-31,գարո փայլան,0FKCAATFOJc,00:25:01,https://i.ytimg.com/vi/0FKCAATFOJc/hqdefault.jpg,39892
https://www.1tv.am/hy/video/Հարցազրույց-Տիգրան-Ավինյանի-հետ/230853,https://www.youtube.com/embed/VmE3cOfaLxk?autoplay=1&autohide=1,Հարցազրույց Տիգրան Ավինյանի հետ,22:10,"29 Հնվ, 2025",29,Հնվ,2025,1,2025-01-29,տիգրան ավինյան,VmE3cOfaLxk,00:23:21,https://i.ytimg.com/vi/VmE3cOfaLxk/hqdefault.jpg,40335
https://www.1tv.am/hy/video/Հարցազրույց-Անդրանիկ-Քոչարյանի-հետ/230822,https://www.youtube.com/embed/2Nk4_8inWsE?autoplay=1&autohide=1,Հարցազրույց Անդրանիկ Քոչարյանի հետ,22:00,"28 Հնվ, 2025",28,Հնվ,2025,1,2025-01-28,անդրանիկ քոչարյան,2Nk4_8inWsE,00:27:06,https://i.ytimg.com/vi/2Nk4_8inWsE/hqdefault.jpg,53959
https://www.1tv.am/hy/video/Հարցազրույց-Գայանե-Աբրահամյանի-հետ/230816,https://www.youtube.com/embed/FXXijvwGagk?autoplay=1&autohide=1,Հարցազրույց Գայանե Աբրահամյանի հետ,22:10,"27 Հնվ, 2025",27,Հնվ,2025,1,2025-01-27,գայանե աբրահամյան,FXXijvwGagk,00:24:25,https://i.ytimg.com/vi/FXXijvwGagk/hqdefault.jpg,30237
https://www.1tv.am/hy/video/Պետրոս-Ղազարյանի-հարցազրույցը-ՀՀ-վարչապետ-Նիկոլ-Փաշինյանի-հետ/230754,https://www.youtube.com/embed/olE-AcwQWfc?autoplay=1&autohide=1,Պետրոս Ղազարյանի հարցազրույցը ՀՀ վարչապետ Նիկոլ Փաշինյանի հետ,21:50,"25 Հնվ, 2025",25,Հնվ,2025,1,2025-01-25,նիկոլ փաշինյան,olE-AcwQWfc,00:51:45,https://i.ytimg.com/vi/olE-AcwQWfc/hqdefault.jpg,109376
https://www.1tv.am/hy/video/Հարցազրույց-Սուրեն-Գրիգորյանի-հետ/230750,https://www.youtube.com/embed/3EZ3YxznGGg?autoplay=1&autohide=1,Հարցազրույց Սուրեն Գրիգորյանի հետ,22:10,"24 Հնվ, 2025",24,Հնվ,2025,1,2025-01-24,սուրեն գրիգորյան,3EZ3YxznGGg,00:25:36,https://i.ytimg.com/vi/3EZ3YxznGGg/hqdefault.jpg,17029
https://www.1tv.am/hy/video/Հարցազրույց-Արթուր-Հովհաննիսյանի-հետ/230713,https://www.youtube.com/embed/bDchPif3RP4?autoplay=1&autohide=1,Հարցազրույց Արթուր Հովհաննիսյանի հետ,22:10,"23 Հնվ, 2025",23,Հնվ,2025,1,2025-01-23,արթուր հովհաննիսյան,bDchPif3RP4,00:22:15,https://i.ytimg.com/vi/bDchPif3RP4/hqdefault.jpg,24064
https://www.1tv.am/hy/video/Հարցազրույց-Վահե-Հովհաննիսյանի-հետ/230697,https://www.youtube.com/embed/M5Lse4GEyxE?autoplay=1&autohide=1,Հարցազրույց Վահե Հովհաննիսյանի հետ,22:10,"22 Հնվ, 2025",22,Հնվ,2025,1,2025-01-22,վահե հովհաննիսյան,M5Lse4GEyxE,00:23:46,https://i.ytimg.com/vi/M5Lse4GEyxE/hqdefault.jpg,13052
https://www.1tv.am/hy/video/Հարցազրույց-Էդուարդ-Հակոբյանի-հետ/230655,https://www.youtube.com/embed/vlZFyYDeDrU?autoplay=1&autohide=1,Հարցազրույց Էդուարդ Հակոբյանի հետ,22:10,"21 Հնվ, 2025",21,Հնվ,2025,1,2025-01-21,էդուարդ հակոբյան,vlZFyYDeDrU,00:31:55,https://i.ytimg.com/vi/vlZFyYDeDrU/hqdefault.jpg,17522
https://www.1tv.am/hy/video/Հարցազրույց-Լևոն-Բարխուդարյանի-հետ/230642,https://www.youtube.com/embed/N-I33eg13Pc?autoplay=1&autohide=1,Հարցազրույց Լևոն Բարխուդարյանի հետ,22:10,"20 Հնվ, 2025",20,Հնվ,2025,1,2025-01-20,լևոն բարխուդարյան,N-I33eg13Pc,00:30:40,https://i.ytimg.com/vi/N-I33eg13Pc/hqdefault.jpg,25515
https://www.1tv.am/hy/video/Հարցազրույց-Գեորգի-Դերլուգյանի-հետ/230553,https://www.youtube.com/embed/wUryATZPzKY?autoplay=1&autohide=1,Հարցազրույց Գեորգի Դերլուգյանի հետ,22:10,"17 Հնվ, 2025",17,Հնվ,2025,1,2025-01-17,գեորգ դերլուգյան,wUryATZPzKY,00:41:33,https://i.ytimg.com/vi/wUryATZPzKY/hqdefault.jpg,32533
https://www.1tv.am/hy/video/Հարցազրույց-Արեգ-Քոչինյանի-հետ/230522,https://www.youtube.com/embed/r4QAYCSbP98?autoplay=1&autohide=1,Հարցազրույց Արեգ Քոչինյանի հետ,22:10,"16 Հնվ, 2025",16,Հնվ,2025,1,2025-01-16,արեգ քոչինյան,r4QAYCSbP98,00:23:56,https://i.ytimg.com/vi/r4QAYCSbP98/hqdefault.jpg,50870
https://www.1tv.am/hy/video/Հարցազրույց-Արման-Բաբաջանյանի-հետ/230456,https://www.youtube.com/embed/fH8UILDdcdo?autoplay=1&autohide=1,Հարցազրույց Արման Բաբաջանյանի հետ,22:10,"14 Հնվ, 2025",14,Հնվ,2025,1,2025-01-14,արման բաբաջանյան,fH8UILDdcdo,00:30:01,https://i.ytimg.com/vi/fH8UILDdcdo/hqdefault.jpg,42584
https://www.1tv.am/hy/video/Հարցազրույց-Սուրեն-Գրիգորյանի-հետ/230432,https://www.youtube.com/embed/QFAwX1AvYJU?autoplay=1&autohide=1,Հարցազրույց Սուրեն Գրիգորյանի հետ,22:10,"13 Հնվ, 2025",13,Հնվ,2025,1,2025-01-13,սուրեն գրիգորյան,QFAwX1AvYJU,00:28:40,https://i.ytimg.com/vi/QFAwX1AvYJU/hqdefault.jpg,16558
https://www.1tv.am/hy/video/Հարցազրույց-Տիգրան-Հակոբյանի-հետ/230396,https://www.youtube.com/embed/X2BIon6sok4?autoplay=1&autohide=1,Հարցազրույց Տիգրան Հակոբյանի հետ,22:50,"10 Հնվ, 2025",10,Հնվ,2025,1,2025-01-10,տիգրան հակոբյան,X2BIon6sok4,00:28:40,https://i.ytimg.com/vi/X2BIon6sok4/hqdefault.jpg,24172
https://www.1tv.am/hy/video/Հարցազրույց-Արմեն-Մուրադյանի-հետ/230380,https://www.youtube.com/embed/PQivdPGlwj4?autoplay=1&autohide=1,Հարցազրույց Արմեն Մուրադյանի հետ,21:50,"09 Հնվ, 2025",9,Հնվ,2025,1,2025-01-09,արմեն մուրադյան,PQivdPGlwj4,00:27:45,https://i.ytimg.com/vi/PQivdPGlwj4/hqdefault.jpg,12759
https://www.1tv.am/hy/video/Հարցազրույց-Արամ-Սարգսյանի-հետ/230361,https://www.youtube.com/embed/mpPiJlun5eE?autoplay=1&autohide=1,Հարցազրույց Արամ Սարգսյանի հետ,21:50,"08 Հնվ, 2025",8,Հնվ,2025,1,2025-01-08,արամ սարգսյան,mpPiJlun5eE,00:35:31,https://i.ytimg.com/vi/mpPiJlun5eE/hqdefault.jpg,110934
https://www.1tv.am/hy/video/Հարցազրույց-Ստեփան-Գրիգորյանի-հետ/230351,https://www.youtube.com/embed/NjXcxV5sTTw?autoplay=1&autohide=1,Հարցազրույց Ստեփան Գրիգորյանի հետ,21:50,"07 Հնվ, 2025",7,Հնվ,2025,1,2025-01-07,ստեփան գրիգորյան,NjXcxV5sTTw,00:25:15,https://i.ytimg.com/vi/NjXcxV5sTTw/hqdefault.jpg,47558
https://www.1tv.am/hy/video/Հարցազրույց-Խաչատուր-Սուքիասյանի-հետ/230288,https://www.youtube.com/embed/pXq9TSDdhyU?autoplay=1&autohide=1,Հարցազրույց Խաչատուր Սուքիասյանի հետ,22:10,"27 Դեկ, 2024",27,Դեկ,2024,12,2024-12-27,խաչատուր սուքիասյան,pXq9TSDdhyU,00:32:08,https://i.ytimg.com/vi/pXq9TSDdhyU/hqdefault.jpg,94714
https://www.1tv.am/hy/video/Հարցազրույց-Արփինե-Սարգսյանի-հետ/230219,https://www.youtube.com/embed/8PIsv-uAsR4?autoplay=1&autohide=1,Հարցազրույց Արփինե Սարգսյանի հետ,22:10,"26 Դեկ, 2024",26,Դեկ,2024,12,2024-12-26,արփինե սարգսյան,8PIsv-uAsR4,00:32:15,https://i.ytimg.com/vi/8PIsv-uAsR4/hqdefault.jpg,26501
https://www.1tv.am/hy/video/Հարցազրույց-Տարոն-Չախոյանի-հետ/230206,https://www.youtube.com/embed/7TfNyvzPZWA?autoplay=1&autohide=1,Հարցազրույց Տարոն Չախոյանի հետ,22:10,"25 Դեկ, 2024",25,Դեկ,2024,12,2024-12-25,տարոն չախոյան,7TfNyvzPZWA,00:25:10,https://i.ytimg.com/vi/7TfNyvzPZWA/hqdefault.jpg,26051
https://www.1tv.am/hy/video/Հարցազրույց-Նարեկ-Մկրտչյանի-հետ/230173,https://www.youtube.com/embed/hqF9xPxwaE8?autoplay=1&autohide=1,Հարցազրույց Նարեկ Մկրտչյանի հետ,22:10,"24 Դեկ, 2024",24,Դեկ,2024,12,2024-12-24,նարեկ մկրտչյան,hqF9xPxwaE8,00:26:21,https://i.ytimg.com/vi/hqF9xPxwaE8/hqdefault.jpg,4851
https://www.1tv.am/hy/video/Հարցազրույց-Մարտին-Գալստյանի-հետ/230137,https://www.youtube.com/embed/hCvAVvxN1EE?autoplay=1&autohide=1,Հարցազրույց Մարտին Գալստյանի հետ,22:10,"23 Դեկ, 2024",23,Դեկ,2024,12,2024-12-23,մարտին գալստյան,hCvAVvxN1EE,00:20:10,https://i.ytimg.com/vi/hCvAVvxN1EE/hqdefault.jpg,6925
https://www.1tv.am/hy/video/Հարցազրույց-Լուսինե-Գևորգյանի-հետ/230042,https://www.youtube.com/embed/b9jI1eztRgA?autoplay=1&autohide=1,Հարցազրույց Լուսինե Գևորգյանի հետ,22:10,"20 Դեկ, 2024",20,Դեկ,2024,12,2024-12-20,լուսինե գևորգյան,b9jI1eztRgA,00:25:31,https://i.ytimg.com/vi/b9jI1eztRgA/hqdefault.jpg,8560
https://www.1tv.am/hy/video/Հարցազրույց-Անահիտ-Մանասյանի-հետ/229965,https://www.youtube.com/embed/ucjRgCU9JCU?autoplay=1&autohide=1,Հարցազրույց Անահիտ Մանասյանի հետ,22:10,"19 Դեկ, 2024",19,Դեկ,2024,12,2024-12-19,անահիտ մանասյան,ucjRgCU9JCU,00:28:51,https://i.ytimg.com/vi/ucjRgCU9JCU/hqdefault.jpg,6380
https://www.1tv.am/hy/video/Հարցազրույց-Գևորգ-Պապոյանի-հետ/229926,https://www.youtube.com/embed/xINTn3NkvbM?si=kM9-QVJfaS4oZ3u2?autoplay=1&autohide=1,Հարցազրույց Գևորգ Պապոյանի հետ,22:10,"18 Դեկ, 2024",18,Դեկ,2024,12,2024-12-18,գևորգ պապոյան,xINTn3NkvbM,00:32:48,https://i.ytimg.com/vi/xINTn3NkvbM/hqdefault.jpg,18611
https://www.1tv.am/hy/video/Հարցազրույց-Տիգրան-Ջրբաշյանի-հետ/229896,https://www.youtube.com/embed/dpIm085pYEQ?autoplay=1&autohide=1,Հարցազրույց Տիգրան Ջրբաշյանի հետ,22:10,"17 Դեկ, 2024",17,Դեկ,2024,12,2024-12-17,տիգրան ջրբաշյան,dpIm085pYEQ,00:24:31,https://i.ytimg.com/vi/dpIm085pYEQ/hqdefault.jpg,13065
https://www.1tv.am/hy/video/Հարցազրույց-Պետրոս-Մարտիրոսյանի-հետ/229822,https://www.youtube.com/embed/euqOeivpwsE?autoplay=1&autohide=1,Հարցազրույց Պետրոս Մարտիրոսյանի հետ,22:10,"16 Դեկ, 2024",16,Դեկ,2024,12,2024-12-16,պետրոս մարտիրոսյան,euqOeivpwsE,00:28:06,https://i.ytimg.com/vi/euqOeivpwsE/hqdefault.jpg,18977
https://www.1tv.am/hy/video/Հարցազրույց-Ջոն-Ալելոյի-հետ/229739,https://www.youtube.com/embed/7XrUEmCANV8?autoplay=1&autohide=1,Հարցազրույց Ջոն Ալելոյի հետ,22:10,"13 Դեկ, 2024",13,Դեկ,2024,12,2024-12-13,ջոն ալելոյ,7XrUEmCANV8,00:19:55,https://i.ytimg.com/vi/7XrUEmCANV8/hqdefault.jpg,7844
https://www.1tv.am/hy/video/Հարցազրույց-Ռուբեն-Ռուբինյանի-հետ/229655,https://www.youtube.com/embed/0b3NJn2zZvM?autoplay=1&autohide=1,Հարցազրույց Ռուբեն Ռուբինյանի հետ,22:10,"12 Դեկ, 2024",12,Դեկ,2024,12,2024-12-12,ռուբեն ռուբինյան,0b3NJn2zZvM,00:29:11,https://i.ytimg.com/vi/0b3NJn2zZvM/hqdefault.jpg,54099
https://www.1tv.am/hy/video/Հարցազրույց-Արամ-Սարգսյանի-հետ/229619,https://www.youtube.com/embed/jSrGnqY-n0Q?autoplay=1&autohide=1,Հարցազրույց Արամ Սարգսյանի հետ,20:30,"11 Դեկ, 2024",11,Դեկ,2024,12,2024-12-11,արամ սարգսյան,jSrGnqY-n0Q,00:32:36,https://i.ytimg.com/vi/jSrGnqY-n0Q/hqdefault.jpg,75161
https://www.1tv.am/hy/video/Հարցազրույց-Արա-Գոչունյանի-հետ/229579,https://www.youtube.com/embed/EXWRHTqYNfI?autoplay=1&autohide=1,Հարցազրույց Արա Գոչունյանի հետ,22:10,"10 Դեկ, 2024",10,Դեկ,2024,12,2024-12-10,արա գոչունյան,EXWRHTqYNfI,00:24:36,https://i.ytimg.com/vi/EXWRHTqYNfI/hqdefault.jpg,11032
https://www.1tv.am/hy/video/Հարցազրույց-Արաքս-Փաշայանի-հետ/229523,https://www.youtube.com/embed/I7ZsAp58-0s?autoplay=1&autohide=1,Հարցազրույց Արաքս Փաշայանի հետ,20:30,"09 Դեկ, 2024",9,Դեկ,2024,12,2024-12-09,արաքս փաշայան,I7ZsAp58-0s,00:24:21,https://i.ytimg.com/vi/I7ZsAp58-0s/hqdefault.jpg,18476
https://www.1tv.am/hy/video/Հարցազրույց-Մխիթար-Հայրապետյանի-հետ/229469,https://www.youtube.com/embed/qI4O8gruurc?autoplay=1&autohide=1,Հարցազրույց Մխիթար Հայրապետյանի հետ,22:10,"06 Դեկ, 2024",6,Դեկ,2024,12,2024-12-06,մխիթար հայրապետյան,qI4O8gruurc,00:25:46,https://i.ytimg.com/vi/qI4O8gruurc/hqdefault.jpg,18369
https://www.1tv.am/hy/video/Հարցազրույց-Հայկակ-Արշամյանի-հետ/229392,https://www.youtube.com/embed/VNmW-qHcIqU?autoplay=1&autohide=1,Հարցազրույց Հայկակ Արշամյանի հետ,22:10,"05 Դեկ, 2024",5,Դեկ,2024,12,2024-12-05,հայկակ արշամյան,VNmW-qHcIqU,00:23:16,https://i.ytimg.com/vi/VNmW-qHcIqU/hqdefault.jpg,7451
https://www.1tv.am/hy/video/Հարցազրույց-Վահե-Հովհաննիսյանի-հետ/229358,https://www.youtube.com/embed/q2CaNQc5Z0o?autoplay=1&autohide=1,Հարցազրույց Վահե Հովհաննիսյանի հետ,22:10,"04 Դեկ, 2024",4,Դեկ,2024,12,2024-12-04,վահե հովհաննիսյան,q2CaNQc5Z0o,00:20:00,https://i.ytimg.com/vi/q2CaNQc5Z0o/hqdefault.jpg,8400
https://www.1tv.am/hy/video/Հարցազրույց-Տիգրան-Ավինյանի-հետ/229318,https://www.youtube.com/embed/hRxjIrmN0qY?autoplay=1&autohide=1,Հարցազրույց Տիգրան Ավինյանի հետ,22:10,"03 Դեկ, 2024",3,Դեկ,2024,12,2024-12-03,տիգրան ավինյան,hRxjIrmN0qY,00:30:36,https://i.ytimg.com/vi/hRxjIrmN0qY/hqdefault.jpg,69966
https://www.1tv.am/hy/video/Հարցազրույց-Գեղամ-Նազարյանի-հետ/229281,https://www.youtube.com/embed/AJ6u0V0RpQk?autoplay=1&autohide=1,Հարցազրույց Գեղամ Նազարյանի հետ,22:10,"02 Դեկ, 2024",2,Դեկ,2024,12,2024-12-02,գեղամ նազարյան,AJ6u0V0RpQk,00:28:15,https://i.ytimg.com/vi/AJ6u0V0RpQk/hqdefault.jpg,71630
https://www.1tv.am/hy/video/Հարցազրույց-Արմինե-Մարգարյանի-հետ/228997,https://www.youtube.com/embed/rW_c8P4O2KI?si=F8KjukDyJPDENI5d?autoplay=1&autohide=1,Հարցազրույց Արմինե Մարգարյանի հետ,22:10,"21 Նմբ, 2024",21,Նմբ,2024,11,2024-11-21,արմինե մարգարյան,rW_c8P4O2KI,00:21:28,https://i.ytimg.com/vi/rW_c8P4O2KI/hqdefault.jpg,13594
https://www.1tv.am/hy/video/Հարցազրույց-Բաբկեն-Թունյանի-հետ/228871,https://www.youtube.com/embed/Pgb95pBpMeE?autoplay=1&autohide=1,Հարցազրույց Բաբկեն Թունյանի հետ,22:10,"20 Նմբ, 2024",20,Նմբ,2024,11,2024-11-20,բաբկեն թունյան,Pgb95pBpMeE,00:24:10,https://i.ytimg.com/vi/Pgb95pBpMeE/hqdefault.jpg,20392
https://www.1tv.am/hy/video/Հարցազրույց-Լեոնիդ-Ներսիսյանի-հետ/228835,https://www.youtube.com/embed/9ANZMW7_sE8?autoplay=1&autohide=1,Հարցազրույց Լեոնիդ Ներսիսյանի հետ,22:10,"19 Նմբ, 2024",19,Նմբ,2024,11,2024-11-19,լեոնիդ ներսիսյան,9ANZMW7_sE8,00:24:40,https://i.ytimg.com/vi/9ANZMW7_sE8/hqdefault.jpg,30572
https://www.1tv.am/hy/video/Հարցազրույց-Վահագն-Ալեքսանյանի-հետ/228801,https://www.youtube.com/embed/SqDFUZxVtvM?autoplay=1&autohide=1,Հարցազրույց Վահագն Ալեքսանյանի հետ,22:10,"18 Նմբ, 2024",18,Նմբ,2024,11,2024-11-18,վահագն ալեքսանյան,SqDFUZxVtvM,00:20:15,https://i.ytimg.com/vi/SqDFUZxVtvM/hqdefault.jpg,64677
https://www.1tv.am/hy/video/Հարցազրույց-Արմեն-Քթոյանի-հետ/228696,https://www.youtube.com/embed/6BV4LPvlcpg?autoplay=1&autohide=1,Հարցազրույց Արմեն Քթոյանի հետ,22:10,"15 Նմբ, 2024",15,Նմբ,2024,11,2024-11-15,արմեն քթոյան,6BV4LPvlcpg,00:21:20,https://i.ytimg.com/vi/6BV4LPvlcpg/hqdefault.jpg,10600
https://www.1tv.am/hy/video/Հարցազրույց-Գեղամ-Գևորգյանի-հետ/228647,https://www.youtube.com/embed/XkJKjJAE998?autoplay=1&autohide=1,Հարցազրույց Գեղամ Գևորգյանի հետ,22:10,"14 Նմբ, 2024",14,Նմբ,2024,11,2024-11-14,գեղամ գևորգյան,XkJKjJAE998,00:22:05,https://i.ytimg.com/vi/XkJKjJAE998/hqdefault.jpg,11404
https://www.1tv.am/hy/video/Հարցազրույց-Սուրեն-Գրիգորյանի-հետ/228612,https://www.youtube.com/embed/HPyFJSQQTe0?autoplay=1&autohide=1,Հարցազրույց Սուրեն Գրիգորյանի հետ,22:10,"13 Նմբ, 2024",13,Նմբ,2024,11,2024-11-13,սուրեն գրիգորյան,HPyFJSQQTe0,00:31:15,https://i.ytimg.com/vi/HPyFJSQQTe0/hqdefault.jpg,20637
https://www.1tv.am/hy/video/Հարցազրույց-Թաթուլ-Հակոբյանի-հետ/228583,https://www.youtube.com/embed/kfs6q9ic0fc?autoplay=1&autohide=1,Հարցազրույց Թաթուլ Հակոբյանի հետ,22:10,"12 Նմբ, 2024",12,Նմբ,2024,11,2024-11-12,թաթուլ հակոբյան,kfs6q9ic0fc,00:27:06,https://i.ytimg.com/vi/kfs6q9ic0fc/hqdefault.jpg,36805
https://www.1tv.am/hy/video/Հարցազրույց-Արեգ-Քոչինյանի-հետ/228534,https://www.youtube.com/embed/4GA3qOLST18?autoplay=1&autohide=1,Հարցազրույց Արեգ Քոչինյանի հետ,22:10,"11 Նմբ, 2024",11,Նմբ,2024,11,2024-11-11,արեգ քոչինյան,4GA3qOLST18,00:22:20,https://i.ytimg.com/vi/4GA3qOLST18/hqdefault.jpg,29726
https://www.1tv.am/hy/video/Հարցազրույց-Արմեն-Ղազարյանի-հետ/228477,https://www.youtube.com/embed/7Q5KahHABqo?autoplay=1&autohide=1,Հարցազրույց Արմեն Ղազարյանի հետ,22:10,"08 Նմբ, 2024",8,Նմբ,2024,11,2024-11-08,արմեն ղազարյան,7Q5KahHABqo,00:23:56,https://i.ytimg.com/vi/7Q5KahHABqo/hqdefault.jpg,11762
https://www.1tv.am/hy/video/Հարցազրույց-Արմեն-Մելիքբեկյանի-հետ/228377,https://www.youtube.com/embed/Wz_uQc0uyD4?autoplay=1&autohide=1,Հարցազրույց Արմեն Մելիքբեկյանի հետ,22:10,"07 Նմբ, 2024",7,Նմբ,2024,11,2024-11-07,արմեն մելիքբեկյան,Wz_uQc0uyD4,00:32:41,https://i.ytimg.com/vi/Wz_uQc0uyD4/hqdefault.jpg,31964
https://www.1tv.am/hy/video/Հարցազրույց-Ալի-Բեման-Էղբալիզարչի-հետ/228333,https://www.youtube.com/embed/13e-2EwUjOk?autoplay=1&autohide=1,Հարցազրույց Ալի Բեման Էղբալիզարչի հետ,22:10,"05 Նմբ, 2024",5,Նմբ,2024,11,2024-11-05,ալ բեման էղբալիզարչ,13e-2EwUjOk,00:24:36,https://i.ytimg.com/vi/13e-2EwUjOk/hqdefault.jpg,10271
https://www.1tv.am/hy/video/Հարցազրույց-Վահագն-Ալեքսանյանի-հետ/228306,https://www.youtube.com/embed/0y5Ji_cPPIo?autoplay=1&autohide=1,Հարցազրույց Վահագն Ալեքսանյանի հետ,22:10,"04 Նմբ, 2024",4,Նմբ,2024,11,2024-11-04,վահագն ալեքսանյան,0y5Ji_cPPIo,00:21:00,https://i.ytimg.com/vi/0y5Ji_cPPIo/hqdefault.jpg,51986
https://www.1tv.am/hy/video/Հարցազրույց-Ջոնի-Մելիքյանի-հետ/228134,https://www.youtube.com/embed/Rcn5vsoSvjU?autoplay=1&autohide=1,Հարցազրույց Ջոնի Մելիքյանի հետ,22:10,"31 Հոկ, 2024",31,Հոկ,2024,10,2024-10-31,ջոն մելիքյան,Rcn5vsoSvjU,00:19:25,https://i.ytimg.com/vi/Rcn5vsoSvjU/hqdefault.jpg,11805
https://www.1tv.am/hy/video/Հարցազրույց-Խոսրով-Հարությունյանի-հետ/228090,https://www.youtube.com/embed/yIyHl-HNKaQ?autoplay=1&autohide=1,Հարցազրույց Խոսրով Հարությունյանի հետ,22:10,"30 Հոկ, 2024",30,Հոկ,2024,10,2024-10-30,խոսրով հարությունյան,yIyHl-HNKaQ,00:28:26,https://i.ytimg.com/vi/yIyHl-HNKaQ/hqdefault.jpg,41554
https://www.1tv.am/hy/video/Հարցազրույց-Հակոբ-Արշակյանի-հետ/228069,https://www.youtube.com/embed/AwqNmTjLtEw?autoplay=1&autohide=1,Հարցազրույց Հակոբ Արշակյանի հետ,22:10,"29 Հոկ, 2024",29,Հոկ,2024,10,2024-10-29,հակոբ արշակյան,AwqNmTjLtEw,00:20:01,https://i.ytimg.com/vi/AwqNmTjLtEw/hqdefault.jpg,33742
https://www.1tv.am/hy/video/Հարցազրույց-Վիգեն-Հովսեփյանի-հետ/228009,https://www.youtube.com/embed/H7qur88RWJo?autoplay=1&autohide=1,Հարցազրույց Վիգեն Հովսեփյանի հետ,22:10,"28 Հոկ, 2024",28,Հոկ,2024,10,2024-10-28,վիգեն հովսեփյան,H7qur88RWJo,00:26:45,https://i.ytimg.com/vi/H7qur88RWJo/hqdefault.jpg,26258
https://www.1tv.am/hy/video/Հարցազրույց-Անահիտ-Ավանեսյանի-հետ/227925,https://www.youtube.com/embed/Edf7mRxYoGQ?autoplay=1&autohide=1,Հարցազրույց Անահիտ Ավանեսյանի հետ,22:10,"25 Հոկ, 2024",25,Հոկ,2024,10,2024-10-25,անահիտ ավանեսյան,Edf7mRxYoGQ,00:23:36,https://i.ytimg.com/vi/Edf7mRxYoGQ/hqdefault.jpg,10796
https://www.1tv.am/hy/video/Հարցազրույց-Արման-Եղոյանի-հետ/227846,https://www.youtube.com/embed/zdYECJPAFZU?autoplay=1&autohide=1,Հարցազրույց Արման Եղոյանի հետ,22:10,"24 Հոկ, 2024",24,Հոկ,2024,10,2024-10-24,արման եղոյան,zdYECJPAFZU,00:23:05,https://i.ytimg.com/vi/zdYECJPAFZU/hqdefault.jpg,26066
https://www.1tv.am/hy/video/Հարցազրույց-Արծվիկ-Մինասյանի-հետ/227815,https://www.youtube.com/embed/yAkH9T3QUNE?autoplay=1&autohide=1,Հարցազրույց Արծվիկ Մինասյանի հետ,22:10,"23 Հոկ, 2024",23,Հոկ,2024,10,2024-10-23,արծվիկ մինասյան,yAkH9T3QUNE,00:38:51,https://i.ytimg.com/vi/yAkH9T3QUNE/hqdefault.jpg,74957
https://www.1tv.am/hy/video/Հարցազրույց-Վլադիմիր-Վարդանյանի-հետ/227780,https://www.youtube.com/embed/HG-HFDY-DHs?autoplay=1&autohide=1,Հարցազրույց Վլադիմիր Վարդանյանի հետ,22:10,"22 Հոկ, 2024",22,Հոկ,2024,10,2024-10-22,վլադիմիր վարդանյան,HG-HFDY-DHs,00:23:55,https://i.ytimg.com/vi/HG-HFDY-DHs/hqdefault.jpg,31983
https://www.1tv.am/hy/video/Հարցազրույց-Վարդան-Ոսկանյանի-հետ/227757,https://www.youtube.com/embed/X-8gzIEBCbM?autoplay=1&autohide=1,Հարցազրույց Վարդան Ոսկանյանի հետ,22:10,"21 Հոկ, 2024",21,Հոկ,2024,10,2024-10-21,վարդան ոսկանյան,X-8gzIEBCbM,00:22:31,https://i.ytimg.com/vi/X-8gzIEBCbM/hqdefault.jpg,26783
https://www.1tv.am/hy/video/Հարցազրույց-Արման-Բաբաջանյանի-հետ/227660,https://www.youtube.com/embed/iSJ1q0QVj0k?autoplay=1&autohide=1,Հարցազրույց Արման Բաբաջանյանի հետ,22:10,"18 Հոկ, 2024",18,Հոկ,2024,10,2024-10-18,արման բաբաջանյան,iSJ1q0QVj0k,00:22:25,https://i.ytimg.com/vi/iSJ1q0QVj0k/hqdefault.jpg,30003
https://www.1tv.am/hy/video/Հարցազրույց-Կարեն-Բեքարյանի-հետ/227569,https://www.youtube.com/embed/hLmrk_G72Gc?autoplay=1&autohide=1,Հարցազրույց Կարեն Բեքարյանի հետ,22:10,"17 Հոկ, 2024",17,Հոկ,2024,10,2024-10-17,կարեն բեքարյան,hLmrk_G72Gc,00:33:40,https://i.ytimg.com/vi/hLmrk_G72Gc/hqdefault.jpg,56064
https://www.1tv.am/hy/video/Հարցազրույց-Անդրանիկ-Քոչարյանի-հետ/227532,https://www.youtube.com/embed/AsoDpmDIxo4?autoplay=1&autohide=1,Հարցազրույց Անդրանիկ Քոչարյանի հետ,22:10,"16 Հոկ, 2024",16,Հոկ,2024,10,2024-10-16,անդրանիկ քոչարյան,AsoDpmDIxo4,00:26:25,https://i.ytimg.com/vi/AsoDpmDIxo4/hqdefault.jpg,104146
https://www.1tv.am/hy/video/Հարցազրույց-Արման-Սահակյանի-հետ/227510,https://www.youtube.com/embed/XLZrYXkF3ro?autoplay=1&autohide=1,Հարցազրույց Արման Սահակյանի հետ,22:10,"15 Հոկ, 2024",15,Հոկ,2024,10,2024-10-15,արման սահակյան,XLZrYXkF3ro,00:25:56,https://i.ytimg.com/vi/XLZrYXkF3ro/hqdefault.jpg,22247
https://www.1tv.am/hy/video/Հարցազրույց-Տարոն-Չախոյանի-հետ/227458,https://www.youtube.com/embed/Vs6NoZjUisc?autoplay=1&autohide=1,Հարցազրույց Տարոն Չախոյանի հետ,22:10,"14 Հոկ, 2024",14,Հոկ,2024,10,2024-10-14,տարոն չախոյան,Vs6NoZjUisc,00:22:31,https://i.ytimg.com/vi/Vs6NoZjUisc/hqdefault.jpg,45039
https://www.1tv.am/hy/video/Հարցազրույց-Արգիշտի-Քյարամյանի-հետ/227400,https://www.youtube.com/embed/eV9G4rg4YU0?autoplay=1&autohide=1,Հարցազրույց Արգիշտի Քյարամյանի հետ,22:10,"11 Հոկ, 2024",11,Հոկ,2024,10,2024-10-11,արգիշտ քյարամյան,eV9G4rg4YU0,00:29:21,https://i.ytimg.com/vi/eV9G4rg4YU0/hqdefault.jpg,83929
https://www.1tv.am/hy/video/Հարցազրույց-Ստյոպա-Սաֆարյանի-հետ/227342,https://www.youtube.com/embed/DH2LESGJaVo?autoplay=1&autohide=1,Հարցազրույց Ստյոպա Սաֆարյանի հետ,22:10,"10 Հոկ, 2024",10,Հոկ,2024,10,2024-10-10,ստյոպա սաֆարյան,DH2LESGJaVo,00:25:51,https://i.ytimg.com/vi/DH2LESGJaVo/hqdefault.jpg,54482
https://www.1tv.am/hy/video/Հարցազրույց-Արամ-Սարգսյանի-հետ/227315,https://www.youtube.com/embed/jkmQRjsLKCU?autoplay=1&autohide=1,Հարցազրույց Արամ Սարգսյանի հետ,22:10,"09 Հոկ, 2024",9,Հոկ,2024,10,2024-10-09,արամ սարգսյան,jkmQRjsLKCU,00:32:01,https://i.ytimg.com/vi/jkmQRjsLKCU/hqdefault.jpg,102976
https://www.1tv.am/hy/video/Հարցազրույց-Վահե-Գրիգորյանի-հետ/227282,https://www.youtube.com/embed/zRwftjDiMrI?autoplay=1&autohide=1,Հարցազրույց Վահե Գրիգորյանի հետ,22:10,"08 Հոկ, 2024",8,Հոկ,2024,10,2024-10-08,վահե գրիգորյան,zRwftjDiMrI,00:36:51,https://i.ytimg.com/vi/zRwftjDiMrI/hqdefault.jpg,55791
https://www.1tv.am/hy/video/Հարցազրույց-Սոնա-Ղազարյանի-հետ/227228,https://www.youtube.com/embed/xAgiRDst-CY?autoplay=1&autohide=1,Հարցազրույց Սոնա Ղազարյանի հետ,22:10,"07 Հոկ, 2024",7,Հոկ,2024,10,2024-10-07,սոնա ղազարյան,xAgiRDst-CY,00:23:25,https://i.ytimg.com/vi/xAgiRDst-CY/hqdefault.jpg,27498
https://www.1tv.am/hy/video/Հարցազրույց-Լիլիթ-Դալլաքյանի-հետ/227138,https://www.youtube.com/embed/m4TtZNNyQBA?autoplay=1&autohide=1,Հարցազրույց Լիլիթ Դալլաքյանի հետ,20:30,"04 Հոկ, 2024",4,Հոկ,2024,10,2024-10-04,լիլիթ դալլաքյան,m4TtZNNyQBA,00:22:10,https://i.ytimg.com/vi/m4TtZNNyQBA/hqdefault.jpg,87677
https://www.1tv.am/hy/video/Հարցազրույց-Կարեն-Հարությունյանի-հետ/227071,https://www.youtube.com/embed/Yr_pK0f8UQk?autoplay=1&autohide=1,Հարցազրույց Կարեն Հարությունյանի հետ,22:10,"03 Հոկ, 2024",3,Հոկ,2024,10,2024-10-03,կարեն հարությունյան,Yr_pK0f8UQk,00:27:55,https://i.ytimg.com/vi/Yr_pK0f8UQk/hqdefault.jpg,16728
https://www.1tv.am/hy/video/Հարցազրույց-Վահագն-Ալեքսանյանի-հետ/227036,https://www.youtube.com/embed/73f0SVOfh48?autoplay=1&autohide=1,Հարցազրույց Վահագն Ալեքսանյանի հետ,22:10,"02 Հոկ, 2024",2,Հոկ,2024,10,2024-10-02,վահագն ալեքսանյան,73f0SVOfh48,00:21:56,https://i.ytimg.com/vi/73f0SVOfh48/hqdefault.jpg,62125
https://www.1tv.am/hy/video/Հարցազրույց-Հայկ-Քոչարյանի-հետ/227014,https://www.youtube.com/embed/BJ0Q4SL0U7g?autoplay=1&autohide=1,Հարցազրույց Հայկ Քոչարյանի հետ,22:10,"01 Հոկ, 2024",1,Հոկ,2024,10,2024-10-01,հայկ քոչարյան,BJ0Q4SL0U7g,00:25:01,https://i.ytimg.com/vi/BJ0Q4SL0U7g/hqdefault.jpg,18538
https://www.1tv.am/hy/video/Հարցազրույց-Ռուի-Մոտայի-և-Աննա-Օհանյանի-հետ/226952,https://www.youtube.com/embed/SFPbopNNKs4?autoplay=1&autohide=1,Հարցազրույց Ռուի Մոտայի և Աննա Օհանյանի հետ,22:10,"30 Սեպ, 2024",30,Սեպ,2024,9,2024-09-30,ռու մոտայ և աննա օհանյան,SFPbopNNKs4,00:19:50,https://i.ytimg.com/vi/SFPbopNNKs4/hqdefault.jpg,7634
https://www.1tv.am/hy/video/Հարցազրույց-Արմեն-Խաչատրյանի-հետ/226756,https://www.youtube.com/embed/3rRtFC-ihc4?autoplay=1&autohide=1,Հարցազրույց Արմեն Խաչատրյանի հետ,23:50,"20 Սեպ, 2024",20,Սեպ,2024,9,2024-09-20,արմեն խաչատրյան,3rRtFC-ihc4,00:21:55,https://i.ytimg.com/vi/3rRtFC-ihc4/hqdefault.jpg,31692
https://www.1tv.am/hy/video/Հարցազրույց-Վահան-Ավագյանի-հետ/226736,https://www.youtube.com/embed/w1mAKVM-zjE?autoplay=1&autohide=1,Հարցազրույց Վահան Ավագյանի հետ,22:10,"19 Սեպ, 2024",19,Սեպ,2024,9,2024-09-19,վահան ավագյան,w1mAKVM-zjE,00:20:10,https://i.ytimg.com/vi/w1mAKVM-zjE/hqdefault.jpg,37746
https://www.1tv.am/hy/video/Հարցազրույց-Մխիթար-Հայրապետյանի-հետ/226695,https://www.youtube.com/embed/1TugC4jX4W0?autoplay=1&autohide=1,Հարցազրույց Մխիթար Հայրապետյանի հետ,22:10,"18 Սեպ, 2024",18,Սեպ,2024,9,2024-09-18,մխիթար հայրապետյան,1TugC4jX4W0,00:23:41,https://i.ytimg.com/vi/1TugC4jX4W0/hqdefault.jpg,22273
https://www.1tv.am/hy/video/Հարցազրույց-Գարո-Փայլանի-հետ/226668,https://www.youtube.com/embed/o5TYqG2LBa8?autoplay=1&autohide=1,Հարցազրույց Գարո Փայլանի հետ,22:10,"17 Սեպ, 2024",17,Սեպ,2024,9,2024-09-17,գարո փայլան,o5TYqG2LBa8,00:28:01,https://i.ytimg.com/vi/o5TYqG2LBa8/hqdefault.jpg,27657
https://www.1tv.am/hy/video/Հարցազրույց-Արման-Բաբաջանյանի-հետ/226654,https://www.youtube.com/embed/hksmN7TbAeA?autoplay=1&autohide=1,Հարցազրույց Արման Բաբաջանյանի հետ,22:10,"16 Սեպ, 2024",16,Սեպ,2024,9,2024-09-16,արման բաբաջանյան,hksmN7TbAeA,00:25:46,https://i.ytimg.com/vi/hksmN7TbAeA/hqdefault.jpg,39077
https://www.1tv.am/hy/video/Պետրոս-Ղազարյանի-հարցազրույցը-Արթուր-Հովհաննիսյանի-հետ/226596,https://www.youtube.com/embed/2fylx1KlbJU?autoplay=1&autohide=1,Պետրոս Ղազարյանի հարցազրույցը Արթուր Հովհաննիսյանի հետ,22:10,"12 Սեպ, 2024",12,Սեպ,2024,9,2024-09-12,արթուր հովհաննիսյան,2fylx1KlbJU,00:22:41,https://i.ytimg.com/vi/2fylx1KlbJU/hqdefault.jpg,46860
https://www.1tv.am/hy/video/Պետրոս-Ղազարյանի-հարցազրույցը-Անդրանիկ-Սեդոյանի-հետ/226582,https://www.youtube.com/embed/9rRDU75C2Wg?autoplay=1&autohide=1,Պետրոս Ղազարյանի հարցազրույցը Անդրանիկ Սեդոյանի հետ,22:10,"11 Սեպ, 2024",11,Սեպ,2024,9,2024-09-11,անդրանիկ սեդոյան,9rRDU75C2Wg,00:22:16,https://i.ytimg.com/vi/9rRDU75C2Wg/hqdefault.jpg,6928
https://www.1tv.am/hy/video/Պետրոս-Ղազարյանի-հարցազրույցը-Զարեհ-Սինանյանի-հետ/226566,https://www.youtube.com/embed/POLRZC0umeM?autoplay=1&autohide=1,Պետրոս Ղազարյանի հարցազրույցը Զարեհ Սինանյանի հետ,22:10,"10 Սեպ, 2024",10,Սեպ,2024,9,2024-09-10,զարեհ սինանյան,POLRZC0umeM,00:22:56,https://i.ytimg.com/vi/POLRZC0umeM/hqdefault.jpg,18241
https://www.1tv.am/hy/video/Պետրոս-Ղազարյանի-հարցազրույցը-Հայկ-Կոնջորյանի-հետ/226536,https://www.youtube.com/embed/RGwBAdNzSqw?autoplay=1&autohide=1,Պետրոս Ղազարյանի հարցազրույցը Հայկ Կոնջորյանի հետ,22:10,"09 Սեպ, 2024",9,Սեպ,2024,9,2024-09-09,հայկ կոնջորյան,RGwBAdNzSqw,00:22:05,https://i.ytimg.com/vi/RGwBAdNzSqw/hqdefault.jpg,54262
https://www.1tv.am/hy/video/Պետրոս-Ղազարյանի-հարցազրույցը-Սարգիս-Խանդանյանի-հետ/226479,https://www.youtube.com/embed/IqpgdSKpSLE?autoplay=1&autohide=1,Պետրոս Ղազարյանի հարցազրույցը Սարգիս Խանդանյանի հետ,22:10,"06 Սեպ, 2024",6,Սեպ,2024,9,2024-09-06,սարգիս խանդանյան,IqpgdSKpSLE,00:21:04,https://i.ytimg.com/vi/IqpgdSKpSLE/hqdefault.jpg,18922
https://www.1tv.am/hy/video/Պետրոս-Ղազարյանի-հարցազրույցը-Անդրանիկ-Քոչարյանի-հետ/226456,https://www.youtube.com/embed/AM2Hm3SHdfI?autoplay=1&autohide=1,Պետրոս Ղազարյանի հարցազրույցը Անդրանիկ Քոչարյանի հետ,22:10,"05 Սեպ, 2024",5,Սեպ,2024,9,2024-09-05,անդրանիկ քոչարյան,AM2Hm3SHdfI,00:31:55,https://i.ytimg.com/vi/AM2Hm3SHdfI/hqdefault.jpg,102602
https://www.1tv.am/hy/video/Պետրոս-Ղազարյանի-հարցազրույցը-Հրանուշ-Խառատյանի-հետ/226443,https://www.youtube.com/embed/GqyHLaXJXkE?autoplay=1&autohide=1,Պետրոս Ղազարյանի հարցազրույցը Հրանուշ Խառատյանի հետ,22:10,"04 Սեպ, 2024",4,Սեպ,2024,9,2024-09-04,հրանուշ խառատյան,GqyHLaXJXkE,00:22:50,https://i.ytimg.com/vi/GqyHLaXJXkE/hqdefault.jpg,29381
https://www.1tv.am/hy/video/Պետրոս-Ղազարյանի-հարցազրույցը-Սուրեն-Պետրոսյանի-հետ/226438,https://www.youtube.com/embed/ywyeZIlCGKY?autoplay=1&autohide=1,Պետրոս Ղազարյանի հարցազրույցը Սուրեն Պետրոսյանի հետ,22:10,"03 Սեպ, 2024",3,Սեպ,2024,9,2024-09-03,սուրեն պետրոսյան,ywyeZIlCGKY,00:26:10,https://i.ytimg.com/vi/ywyeZIlCGKY/hqdefault.jpg,92823
https://www.1tv.am/hy/video/Պետրոս-Ղազարյանի-հարցազրույցը-Ստեփան-Գրիգորյանի-հետ/226417,https://www.youtube.com/embed/Rv_5uLtCNXM?autoplay=1&autohide=1,Պետրոս Ղազարյանի հարցազրույցը Ստեփան Գրիգորյանի հետ,22:10,"02 Սեպ, 2024",2,Սեպ,2024,9,2024-09-02,ստեփան գրիգորյան,Rv_5uLtCNXM,00:24:11,https://i.ytimg.com/vi/Rv_5uLtCNXM/hqdefault.jpg,63478
https://www.1tv.am/hy/video/Պետրոս-Ղազարյանի-հարցազրույցը-ԱԺ-«Ամառային-դպրոց»-3-րդ-ծրագրի-մասնակիցների-հետ/226379,https://www.youtube.com/embed/5cz1Hed3888?autoplay=1&autohide=1,Պետրոս Ղազարյանի հարցազրույցը ԱԺ «Ամառային դպրոց» 3-րդ ծրագրի մասնակիցների հետ,22:00,"30 Օգս, 2024",30,Օգս,2024,8,2024-08-30,աժ «ամառային դպրոց» 3-րդ ծրագր մասնակիցներ,5cz1Hed3888,00:22:35,https://i.ytimg.com/vi/5cz1Hed3888/hqdefault.jpg,12113
https://www.1tv.am/hy/video/Պետրոս-Ղազարյանի-հարցազրույցը-Արեգ-Քոչինյանի-հետ/226362,https://www.youtube.com/embed/mnjFcR-vK4Y?autoplay=1&autohide=1,Պետրոս Ղազարյանի հարցազրույցը Արեգ Քոչինյանի հետ,00:15,"30 Օգս, 2024",30,Օգս,2024,8,2024-08-30,արեգ քոչինյան,mnjFcR-vK4Y,00:21:45,https://i.ytimg.com/vi/mnjFcR-vK4Y/hqdefault.jpg,52772
https://www.1tv.am/hy/video/Պետրոս-Ղազարյանի-հարցազրույցը-Դավիթ-Խաժակյանի-հետ/226359,https://www.youtube.com/embed/i861aEpiytc?autoplay=1&autohide=1,Պետրոս Ղազարյանի հարցազրույցը Դավիթ Խաժակյանի հետ,22:00,"28 Օգս, 2024",28,Օգս,2024,8,2024-08-28,դավիթ խաժակյան,i861aEpiytc,00:27:31,https://i.ytimg.com/vi/i861aEpiytc/hqdefault.jpg,23484
https://www.1tv.am/hy/video/Պետրոս-Ղազարյանի-հարցազրույցը-Սոսի-Թաթիկյանի-հետ/226354,https://www.youtube.com/embed/MZ5FU62k6o4?autoplay=1&autohide=1,Պետրոս Ղազարյանի հարցազրույցը Սոսի Թաթիկյանի հետ,22:00,"27 Օգս, 2024",27,Օգս,2024,8,2024-08-27,սոս թաթիկյան,MZ5FU62k6o4,00:28:15,https://i.ytimg.com/vi/MZ5FU62k6o4/hqdefault.jpg,30389
https://www.1tv.am/hy/video/Պետրոս-Ղազարյանի-հարցազրույցը-Թաթուլ-Հակոբյանի-հետ/226327,https://www.youtube.com/embed/SfwDLzyn240?si=cvw_k9CV7sm8DgSt?autoplay=1&autohide=1,Պետրոս Ղազարյանի հարցազրույցը Թաթուլ Հակոբյանի հետ,22:00,"26 Օգս, 2024",26,Օգս,2024,8,2024-08-26,թաթուլ հակոբյան,SfwDLzyn240,00:27:20,https://i.ytimg.com/vi/SfwDLzyn240/hqdefault.jpg,62373
https://www.1tv.am/hy/video/Պետրոս-Ղազարյանի-հարցազրույցը-Գարեգին-Բաղրամյանի-հետ/226305,https://www.youtube.com/embed/pfN07Yi2d0A?autoplay=1&autohide=1,Պետրոս Ղազարյանի հարցազրույցը Գարեգին Բաղրամյանի հետ,22:10,"23 Օգս, 2024",23,Օգս,2024,8,2024-08-23,գարեգին բաղրամյան,pfN07Yi2d0A,00:23:25,https://i.ytimg.com/vi/pfN07Yi2d0A/hqdefault.jpg,9760
https://www.1tv.am/hy/video/Պետրոս-Ղազարյանի-հարցազրույցը-Գրիգորի-Բալասանյանի-հետ/226293,https://www.youtube.com/embed/KJxhyyVsgV0?autoplay=1&autohide=1,Պետրոս Ղազարյանի հարցազրույցը Գրիգորի Բալասանյանի հետ,22:50,"22 Օգս, 2024",22,Օգս,2024,8,2024-08-22,գրիգոր բալասանյան,KJxhyyVsgV0,00:22:10,https://i.ytimg.com/vi/KJxhyyVsgV0/hqdefault.jpg,21709
https://www.1tv.am/hy/video/Պետրոս-Ղազարյանի-հարցազրույցը-Արամ-Սարգսյանի-հետ/226278,https://www.youtube.com/embed/Lc8kSZE_MKg?autoplay=1&autohide=1,Պետրոս Ղազարյանի հարցազրույցը Արամ Սարգսյանի հետ,22:10,"21 Օգս, 2024",21,Օգս,2024,8,2024-08-21,արամ սարգսյան,Lc8kSZE_MKg,00:29:16,https://i.ytimg.com/vi/Lc8kSZE_MKg/hqdefault.jpg,124427
https://www.1tv.am/hy/video/Պետրոս-Ղազարյանի-հարցազրույցը-Գևորգ-Պապոյանի-հետ/226261,https://www.youtube.com/embed/8oB-V8s-wEw?autoplay=1&autohide=1,Պետրոս Ղազարյանի հարցազրույցը Գևորգ Պապոյանի հետ,22:50,"20 Օգս, 2024",20,Օգս,2024,8,2024-08-20,գևորգ պապոյան,8oB-V8s-wEw,00:34:31,https://i.ytimg.com/vi/8oB-V8s-wEw/hqdefault.jpg,28911
https://www.1tv.am/hy/video/Պետրոս-Ղազարյանի-հարցազրույցը-Լիլիթ-Դալլաքյանի-հետ/226240,https://www.youtube.com/embed/1ORu2pUTzt4?autoplay=1&autohide=1,Պետրոս Ղազարյանի հարցազրույցը Լիլիթ Դալլաքյանի հետ,22:10,"19 Օգս, 2024",19,Օգս,2024,8,2024-08-19,լիլիթ դալլաքյան,1ORu2pUTzt4,00:20:05,https://i.ytimg.com/vi/1ORu2pUTzt4/hqdefault.jpg,87586
https://www.1tv.am/hy/video/Պետրոս-Ղազարյանի-հարցազրույցը-Արա-Խզմալյանի-հետ/226046,https://www.youtube.com/embed/jQhNqVkIiw4?autoplay=1&autohide=1,Պետրոս Ղազարյանի հարցազրույցը Արա Խզմալյանի հետ,20:30,"29 Հլս, 2024",29,Հլս,2024,7,2024-07-29,արա խզմալյան,jQhNqVkIiw4,00:23:15,https://i.ytimg.com/vi/jQhNqVkIiw4/hqdefault.jpg,14469
https://www.1tv.am/hy/video/Պետրոս-Ղազարյանի-հարցազրույցը-Հոկսեն-Միրզոյանի-և-Իսրայել-Միլիտոսյանի-հետ/225996,https://www.youtube.com/embed/PY4JORSyBIM?autoplay=1&autohide=1,Պետրոս Ղազարյանի հարցազրույցը Հոկսեն Միրզոյանի և Իսրայել Միլիտոսյանի հետ,20:30,"26 Հլս, 2024",26,Հլս,2024,7,2024-07-26,հոկսեն միրզոյան և իսրայել միլիտոսյան,PY4JORSyBIM,00:29:20,https://i.ytimg.com/vi/PY4JORSyBIM/hqdefault.jpg,21327
https://www.1tv.am/hy/video/Պետրոս-Ղազարյանի-հարցազրույցը-Ստեփան-Գրիգորյանի-հետ/225965,https://www.youtube.com/embed/QH-Hm7Rd5MA?autoplay=1&autohide=1,Պետրոս Ղազարյանի հարցազրույցը Ստեփան Գրիգորյանի հետ,23:05,"25 Հլս, 2024",25,Հլս,2024,7,2024-07-25,ստեփան գրիգորյան,QH-Hm7Rd5MA,00:23:40,https://i.ytimg.com/vi/QH-Hm7Rd5MA/hqdefault.jpg,64900
https://www.1tv.am/hy/video/Պետրոս-Ղազարյանի-հարցազրույցը-Սուրեն-Սուրենյանցի-հետ/225947,https://www.youtube.com/embed/uEOI6mLS2T8?autoplay=1&autohide=1,Պետրոս Ղազարյանի հարցազրույցը Սուրեն Սուրենյանցի հետ,22:10,"24 Հլս, 2024",24,Հլս,2024,7,2024-07-24,սուրեն սուրենյանց,uEOI6mLS2T8,00:24:21,https://i.ytimg.com/vi/uEOI6mLS2T8/hqdefault.jpg,34520
https://www.1tv.am/hy/video/Պետրոս-Ղազարյանի-հարցազրույցը-Վահագն-Ալեքսանյանի-հետ/225920,https://www.youtube.com/embed/zZJCm9NacrQ?autoplay=1&autohide=1,Պետրոս Ղազարյանի հարցազրույցը Վահագն Ալեքսանյանի հետ,22:10,"23 Հլս, 2024",23,Հլս,2024,7,2024-07-23,վահագն ալեքսանյան,zZJCm9NacrQ,00:23:51,https://i.ytimg.com/vi/zZJCm9NacrQ/hqdefault.jpg,91718
https://www.1tv.am/hy/video/Պետրոս-Ղազարյանի-հարցազրույցը-Արման-Բաբաջանյանի-հետ/225905,https://www.youtube.com/embed/fiqeoaFDnc8?autoplay=1&autohide=1,Պետրոս Ղազարյանի հարցազրույցը Արման Բաբաջանյանի հետ,22:10,"22 Հլս, 2024",22,Հլս,2024,7,2024-07-22,արման բաբաջանյան,fiqeoaFDnc8,00:25:55,https://i.ytimg.com/vi/fiqeoaFDnc8/hqdefault.jpg,51792
https://www.1tv.am/hy/video/Պետրոս-Ղազարյանի-հարցազրույցը-Կարեն-Գիլոյանի-Մալխաս-Ամոյանի-և-Արսեն-Հարությունյանի-հետ/225864,https://www.youtube.com/embed/WICVXHk2C0g?autoplay=1&autohide=1,"Պետրոս Ղազարյանի հարցազրույցը Կարեն Գիլոյանի, Մալխաս Ամոյանի և Արսեն Հարությունյանի հետ",22:10,"19 Հլս, 2024",19,Հլս,2024,7,2024-07-19,"կարեն գիլոյան, մալխաս ամոյան և արսեն հարությունյան",WICVXHk2C0g,00:24:31,https://i.ytimg.com/vi/WICVXHk2C0g/hqdefault.jpg,22084
https://www.1tv.am/hy/video/Պետրոս-Ղազարյանի-հարցազրույցը-Դանիել-Իոաննիսյանի-հետ/225842,https://www.youtube.com/embed/IQIcWF0BgsA?autoplay=1&autohide=1,Պետրոս Ղազարյանի հարցազրույցը Դանիել Իոաննիսյանի հետ,23:50,"18 Հլս, 2024",18,Հլս,2024,7,2024-07-18,դանիել իոաննիսյան,IQIcWF0BgsA,00:24:45,https://i.ytimg.com/vi/IQIcWF0BgsA/hqdefault.jpg,21312
https://www.1tv.am/hy/video/Պետրոս-Ղազարյանի-հարցազրույցը-Կարեն-Անդրեասյանի-հետ/225807,https://www.youtube.com/embed/UNhjmxJvy7o?autoplay=1&autohide=1,Պետրոս Ղազարյանի հարցազրույցը Կարեն Անդրեասյանի հետ,22:10,"17 Հլս, 2024",17,Հլս,2024,7,2024-07-17,կարեն անդրեասյան,UNhjmxJvy7o,00:31:11,https://i.ytimg.com/vi/UNhjmxJvy7o/hqdefault.jpg,52323
https://www.1tv.am/hy/video/Պետրոս-Ղազարյանի-հարցազրույցը-Նարեկ-Մկրտչյանի-հետ/225772,https://www.youtube.com/embed/ow3kyZ03GEQ?autoplay=1&autohide=1,Պետրոս Ղազարյանի հարցազրույցը Նարեկ Մկրտչյանի հետ,23:10,"16 Հլս, 2024",16,Հլս,2024,7,2024-07-16,նարեկ մկրտչյան,ow3kyZ03GEQ,00:23:14,https://i.ytimg.com/vi/ow3kyZ03GEQ/hqdefault.jpg,11734
https://www.1tv.am/hy/video/Պետրոս-Ղազարյանի-հարցազրույցը-Լիլիթ-Դալլաքյանի-հետ/225742,https://www.youtube.com/embed/Q2jyhCsf8D8?autoplay=1&autohide=1,Պետրոս Ղազարյանի հարցազրույցը  Լիլիթ Դալլաքյանի հետ,22:10,"15 Հլս, 2024",15,Հլս,2024,7,2024-07-15,լիլիթ դալլաքյան,Q2jyhCsf8D8,00:23:05,https://i.ytimg.com/vi/Q2jyhCsf8D8/hqdefault.jpg,72704
https://www.1tv.am/hy/video/Պետրոս-Ղազարյանի-հարցազրույցը-Հրաչյա-Արզումանյանի-հետ/225707,https://www.youtube.com/embed/woyucxM5Khg?autoplay=1&autohide=1,Պետրոս Ղազարյանի հարցազրույցը Հրաչյա Արզումանյանի հետ,22:10,"12 Հլս, 2024",12,Հլս,2024,7,2024-07-12,հրաչյա արզումանյան,woyucxM5Khg,00:26:54,https://i.ytimg.com/vi/woyucxM5Khg/hqdefault.jpg,46972
https://www.1tv.am/hy/video/Պետրոս-Ղազարյանի-հարցազրույցը-Խորեն-Հովհաննիսյանի-հետ/225678,https://www.youtube.com/embed/jz_YuxNR8Rw?autoplay=1&autohide=1,Պետրոս Ղազարյանի հարցազրույցը Խորեն Հովհաննիսյանի հետ,23:10,"11 Հլս, 2024",11,Հլս,2024,7,2024-07-11,խորեն հովհաննիսյան,jz_YuxNR8Rw,00:21:35,https://i.ytimg.com/vi/jz_YuxNR8Rw/hqdefault.jpg,32373
https://www.1tv.am/hy/video/Պետրոս-Ղազարյանի-հարցազրույցը-Սամանթա-Փաուերի-հետ/225669,https://www.youtube.com/embed/4N7f1dxZgHY?autoplay=1&autohide=1,Պետրոս Ղազարյանի հարցազրույցը Սամանթա Փաուերի հետ,22:10,"10 Հլս, 2024",10,Հլս,2024,7,2024-07-10,սամանթա փաուեր,4N7f1dxZgHY,00:24:26,https://i.ytimg.com/vi/4N7f1dxZgHY/hqdefault.jpg,66483
https://www.1tv.am/hy/video/Պետրոս-Ղազարյանի-հարցազրույցը-Արեն-Մկրտչյանի-հետ/225640,https://www.youtube.com/embed/8V1P4oBxihg?autoplay=1&autohide=1,Պետրոս Ղազարյանի հարցազրույցը Արեն Մկրտչյանի հետ,22:10,"09 Հլս, 2024",9,Հլս,2024,7,2024-07-09,արեն մկրտչյան,8V1P4oBxihg,00:18:40,https://i.ytimg.com/vi/8V1P4oBxihg/hqdefault.jpg,11356
https://www.1tv.am/hy/video/Պետրոս-Ղազարյանի-հարցազրույցը-Աննա-Գևորգյանի-հետ/225626,https://www.youtube.com/embed/KvNvPA-S3X8?autoplay=1&autohide=1,Պետրոս Ղազարյանի հարցազրույցը Աննա Գևորգյանի հետ,22:10,"08 Հլս, 2024",8,Հլս,2024,7,2024-07-08,աննա գևորգյան,KvNvPA-S3X8,00:23:45,https://i.ytimg.com/vi/KvNvPA-S3X8/hqdefault.jpg,24782
https://www.1tv.am/hy/video/Պետրոս-Ղազարյանի-հարցազրույցը-Արթուր-Սաքունցի-հետ/225550,https://www.youtube.com/embed/2SSpuvfl3Zk?autoplay=1&autohide=1,Պետրոս Ղազարյանի հարցազրույցը Արթուր Սաքունցի հետ,22:10,"05 Հլս, 2024",5,Հլս,2024,7,2024-07-05,արթուր սաքունց,2SSpuvfl3Zk,00:24:30,https://i.ytimg.com/vi/2SSpuvfl3Zk/hqdefault.jpg,38821
https://www.1tv.am/hy/video/Պետրոս-Ղազարյանի-հարցազրույցը-Գայանե-Աբրահամյանի-հետ/225543,https://www.youtube.com/embed/1VXlYnVEpGA?autoplay=1&autohide=1,Պետրոս Ղազարյանի հարցազրույցը Գայանե Աբրահամյանի հետ,22:10,"04 Հլս, 2024",4,Հլս,2024,7,2024-07-04,գայանե աբրահամյան,1VXlYnVEpGA,00:30:25,https://i.ytimg.com/vi/1VXlYnVEpGA/hqdefault.jpg,47263
https://www.1tv.am/hy/video/Պետրոս-Ղազարյանի-հարցազրույցը-Ռուբեն-Հախվերդյանի-հետ/225479,https://www.youtube.com/embed/aUdl7-LMoA0?autoplay=1&autohide=1,Պետրոս Ղազարյանի հարցազրույցը Ռուբեն Հախվերդյանի հետ,22:10,"03 Հլս, 2024",3,Հլս,2024,7,2024-07-03,ռուբեն հախվերդյան,aUdl7-LMoA0,00:23:55,https://i.ytimg.com/vi/aUdl7-LMoA0/hqdefault.jpg,216607
https://www.1tv.am/hy/video/Պետրոս-Ղազարյանի-հարցազրույցը-Ալեքսանդր-Սիրունյանի-հետ/225354,https://www.youtube.com/embed/mJRwTKPUvA4?autoplay=1&autohide=1,Պետրոս Ղազարյանի հարցազրույցը Ալեքսանդր Սիրունյանի հետ,22:10,"28 Հնս, 2024",28,Հնս,2024,6,2024-06-28,ալեքսանդր սիրունյան,mJRwTKPUvA4,00:21:10,https://i.ytimg.com/vi/mJRwTKPUvA4/hqdefault.jpg,94684
https://www.1tv.am/hy/video/Պետրոս-Ղազարյանի-հարցազրույցը-Արծվիկ-Մինասյանի-հետ/225330,https://www.youtube.com/embed/tj8WbqcpUR8?autoplay=1&autohide=1,Պետրոս Ղազարյանի հարցազրույցը Արծվիկ Մինասյանի հետ,22:10,"27 Հնս, 2024",27,Հնս,2024,6,2024-06-27,արծվիկ մինասյան,tj8WbqcpUR8,00:30:01,https://i.ytimg.com/vi/tj8WbqcpUR8/hqdefault.jpg,144820
https://www.1tv.am/hy/video/Պետրոս-Ղազարյանի-հարցազրույցը-Արման-Եղոյանի-հետ/225067,https://www.youtube.com/embed/mG3eCgDjx9Q?autoplay=1&autohide=1,Պետրոս Ղազարյանի հարցազրույցը Արման Եղոյանի հետ,22:10,"26 Հնս, 2024",26,Հնս,2024,6,2024-06-26,արման եղոյան,mG3eCgDjx9Q,00:21:56,https://i.ytimg.com/vi/mG3eCgDjx9Q/hqdefault.jpg,41805
https://www.1tv.am/hy/video/Պետրոս-Ղազարյանի-հարցազրույցը-Դմիտրի-Տրենինի-հետ/225045,https://www.youtube.com/embed/SpeYjelh0RA?autoplay=1&autohide=1,Պետրոս Ղազարյանի հարցազրույցը Դմիտրի Տրենինի հետ,22:10,"17 Հնս, 2024",17,Հնս,2024,6,2024-06-17,դմիտր տրենին,SpeYjelh0RA,00:27:56,https://i.ytimg.com/vi/SpeYjelh0RA/hqdefault.jpg,84462
https://www.1tv.am/hy/video/Պետրոս-Ղազարյանի-հարցազրույցը/224956,https://www.youtube.com/embed/b4WiPcrPAsk?autoplay=1&autohide=1,Պետրոս Ղազարյանի հարցազրույցը Արա Ֆիդանյանի հետ,21:00,"14 Հնս, 2024",14,Հնս,2024,6,2024-06-14,արա ֆիդանյան,b4WiPcrPAsk,00:23:31,https://i.ytimg.com/vi/b4WiPcrPAsk/hqdefault.jpg,48942
https://www.1tv.am/hy/video/Պետրոս-Ղազարյանի-հարցազրույցը/224911,https://www.youtube.com/embed/tRESYuOqBR4?autoplay=1&autohide=1,Պետրոս Ղազարյանի հարցազրույցը Ռուբեն Ռուբինյանի հետ,22:10,"13 Հնս, 2024",13,Հնս,2024,6,2024-06-13,ռուբեն ռուբինյան,tRESYuOqBR4,00:27:55,https://i.ytimg.com/vi/tRESYuOqBR4/hqdefault.jpg,108150
https://www.1tv.am/hy/video/Պետրոս-Ղազարյանի-հարցազրույցը-ՀՀ-Ազգային-ժողովի-նախագահ-Ալեն-Սիմոնյանի-հետ/224888,https://www.youtube.com/embed/J7DrnQOjazg?autoplay=1&autohide=1,Պետրոս Ղազարյանի հարցազրույցը ՀՀ Ազգային ժողովի նախագահ Ալեն Սիմոնյանի հետ,21:30,"12 Հնս, 2024",12,Հնս,2024,6,2024-06-12,ալեն սիմոնյան,J7DrnQOjazg,00:32:00,https://i.ytimg.com/vi/J7DrnQOjazg/hqdefault.jpg,139957
https://www.1tv.am/hy/video/Հարցազրույց-Վահագն-Ալեքսանյանի-հետ/224871,https://www.youtube.com/embed/_ChFJvpOdm8?autoplay=1&autohide=1,Հարցազրույց Վահագն Ալեքսանյանի հետ,21:30,"11 Հնս, 2024",11,Հնս,2024,6,2024-06-11,վահագն ալեքսանյան,_ChFJvpOdm8,00:22:25,https://i.ytimg.com/vi/_ChFJvpOdm8/hqdefault.jpg,118803
https://www.1tv.am/hy/video/Հարցազրույց-Վահագն-Ալեքսանյանի-հետ/224840,https://www.youtube.com/embed/_ChFJvpOdm8?autoplay=1&autohide=1,Հարցազրույց Վահագն Ալեքսանյանի հետ,21:30,"10 Հնս, 2024",10,Հնս,2024,6,2024-06-10,վահագն ալեքսանյան,_ChFJvpOdm8,00:22:25,https://i.ytimg.com/vi/_ChFJvpOdm8/hqdefault.jpg,118803
https://www.1tv.am/hy/video/Հարցազրույց-Խոսրով-Հարությունյանի-հետ/224792,https://www.youtube.com/embed/YVFw5ZWOmpo?autoplay=1&autohide=1,Հարցազրույց Խոսրով Հարությունյանի հետ,21:20,"07 Հնս, 2024",7,Հնս,2024,6,2024-06-07,խոսրով հարությունյան,YVFw5ZWOmpo,00:24:11,https://i.ytimg.com/vi/YVFw5ZWOmpo/hqdefault.jpg,104885
https://www.1tv.am/hy/video/Հարցազրույց-Արսեն-Թորոսյանի-հետ/224750,https://www.youtube.com/embed/8pQh2vwhmaY?autoplay=1&autohide=1,Հարցազրույց Արսեն Թորոսյանի հետ,21:45,"06 Հնս, 2024",6,Հնս,2024,6,2024-06-06,արսեն թորոսյան,8pQh2vwhmaY,00:20:46,https://i.ytimg.com/vi/8pQh2vwhmaY/hqdefault.jpg,49661
https://www.1tv.am/hy/video/Հարցազրույց-Գոռ-Ծառուկյանի-հետ/224711,https://www.youtube.com/embed/tomsORzyUpA?autoplay=1&autohide=1,Հարցազրույց Գոռ Ծառուկյանի հետ,21:45,"05 Հնս, 2024",5,Հնս,2024,6,2024-06-05,գոռ ծառուկյան,tomsORzyUpA,00:19:05,https://i.ytimg.com/vi/tomsORzyUpA/hqdefault.jpg,29860
https://www.1tv.am/hy/video/Հարցազրույց-Աննա-Գևորգյանի-հետ/224653,https://www.youtube.com/embed/iuBafPV_Sqc?autoplay=1&autohide=1,Հարցազրույց Աննա Գևորգյանի հետ,21:30,"04 Հնս, 2024",4,Հնս,2024,6,2024-06-04,աննա գևորգյան,iuBafPV_Sqc,00:25:55,https://i.ytimg.com/vi/iuBafPV_Sqc/hqdefault.jpg,33218
https://www.1tv.am/hy/video/Լուրեր-Գլխավոր-թողարկում/224654,https://www.youtube.com/embed/-1OLdIPm6XQ?autoplay=1&autohide=1,Լուրեր. Գլխավոր թողարկում,21:00,"04 Հնս, 2024",4,Հնս,2024,6,2024-06-04,լուրեր. գլխավոր թողարկում,-1OLdIPm6XQ,00:56:15,https://i.ytimg.com/vi/-1OLdIPm6XQ/hqdefault.jpg,36065
https://www.1tv.am/hy/video/Հարցազրույց-Համբիկ-Սարաֆյանի-հետ/224634,https://www.youtube.com/embed/YIYYSrtk7yw?autoplay=1&autohide=1,Հարցազրույց Համբիկ Սարաֆյանի հետ,21:45,"03 Հնս, 2024",3,Հնս,2024,6,2024-06-03,համբիկ սարաֆյան,YIYYSrtk7yw,00:23:21,https://i.ytimg.com/vi/YIYYSrtk7yw/hqdefault.jpg,59365
https://www.1tv.am/hy/video/Պետրոս-Ղազարյանի-հարցազրույցները-աղետի-գոտուց/224524,https://www.youtube.com/embed/PjgYWo1B1wA?autoplay=1&autohide=1,Պետրոս Ղազարյանի հարցազրույցները աղետի գոտուց,21:30,"31 Մայ, 2024",31,Մայ,2024,5,2024-05-31,պետրոս ղազարյան հարցազրույցները աղետ գոտուց,PjgYWo1B1wA,00:17:45,https://i.ytimg.com/vi/PjgYWo1B1wA/hqdefault.jpg,22471
https://www.1tv.am/hy/video/Պետրոս-Ղազարյանի-հարցազրույցները-աղետի-գոտուց/224465,https://www.youtube.com/embed/RiA6AveQ2V8?autoplay=1&autohide=1,Պետրոս Ղազարյանի հարցազրույցները աղետի գոտուց,21:45,"30 Մայ, 2024",30,Մայ,2024,5,2024-05-30,պետրոս ղազարյան հարցազրույցները աղետ գոտուց,RiA6AveQ2V8,00:20:31,https://i.ytimg.com/vi/RiA6AveQ2V8/hqdefault.jpg,63839
https://www.1tv.am/hy/video/Հարցազրույց-Լևոն-Շիրինյանի-հետ/224414,https://www.youtube.com/embed/BySOXc11yJ8?autoplay=1&autohide=1,Հարցազրույց Լևոն Շիրինյանի հետ,21:45,"28 Մայ, 2024",28,Մայ,2024,5,2024-05-28,լևոն շիրինյան,BySOXc11yJ8,00:25:36,https://i.ytimg.com/vi/BySOXc11yJ8/hqdefault.jpg,110214
https://www.1tv.am/hy/video/Հարցազրույց-Արթուր-Խաչիկյանի-հետ/224421,https://www.youtube.com/embed/ezRrhOhf8tI?autoplay=1&autohide=1,Հարցազրույց Արթուր Խաչիկյանի հետ,21:35,"27 Մայ, 2024",27,Մայ,2024,5,2024-05-27,արթուր խաչիկյան,ezRrhOhf8tI,00:23:05,https://i.ytimg.com/vi/ezRrhOhf8tI/hqdefault.jpg,123569
https://www.1tv.am/hy/video/Հարցազրույց-Տիգրան-Խզմալյանի-հետ/224344,https://www.youtube.com/embed/Q-P3wVewXQo?autoplay=1&autohide=1,Հարցազրույց Տիգրան Խզմալյանի հետ,21:45,"24 Մայ, 2024",24,Մայ,2024,5,2024-05-24,տիգրան խզմալյան,Q-P3wVewXQo,00:22:55,https://i.ytimg.com/vi/Q-P3wVewXQo/hqdefault.jpg,82485
https://www.1tv.am/hy/video/Հարցազրույց-Տիգրան-Խաչատրյանի-հետ/224299,https://www.youtube.com/embed/33J04DjiSPg?autoplay=1&autohide=1,Հարցազրույց Տիգրան Խաչատրյանի հետ,21:45,"23 Մայ, 2024",23,Մայ,2024,5,2024-05-23,տիգրան խաչատրյան,33J04DjiSPg,00:23:15,https://i.ytimg.com/vi/33J04DjiSPg/hqdefault.jpg,23132
https://www.1tv.am/hy/video/Հարցազրույց-Սուրեն-Պետրոսյանի-հետ/224274,https://www.youtube.com/embed/AXTsrWmCfmA?autoplay=1&autohide=1,Հարցազրույց Սուրեն Պետրոսյանի հետ,21:45,"22 Մայ, 2024",22,Մայ,2024,5,2024-05-22,սուրեն պետրոսյան,AXTsrWmCfmA,00:33:51,https://i.ytimg.com/vi/AXTsrWmCfmA/hqdefault.jpg,194944
https://www.1tv.am/hy/video/Հարցազրույց-Արտակ-Փիլոյանի-հետ/224218,https://www.youtube.com/embed/JHWXB8z1O9Q?autoplay=1&autohide=1,Հարցազրույց Արտակ Փիլոյանի հետ,21:45,"21 Մայ, 2024",21,Մայ,2024,5,2024-05-21,արտակ փիլոյան,JHWXB8z1O9Q,00:22:16,https://i.ytimg.com/vi/JHWXB8z1O9Q/hqdefault.jpg,38982
https://www.1tv.am/hy/video/Հարցազրույց-Գնել-Սանոսյանի-հետ/224203,https://www.youtube.com/embed/zJYXRaV6yhI?autoplay=1&autohide=1,Հարցազրույց Գնել Սանոսյանի հետ,21:45,"20 Մայ, 2024",20,Մայ,2024,5,2024-05-20,գնել սանոսյան,zJYXRaV6yhI,00:17:55,https://i.ytimg.com/vi/zJYXRaV6yhI/hqdefault.jpg,37936
https://www.1tv.am/hy/video/Հարցազրույց-Վահե-Հովհաննիսյանի-հետ/224134,https://www.youtube.com/embed/wnT6yYujL9Y?autoplay=1&autohide=1,Հարցազրույց Վահե Հովհաննիսյանի հետ,21:45,"17 Մայ, 2024",17,Մայ,2024,5,2024-05-17,վահե հովհաննիսյան,wnT6yYujL9Y,00:20:05,https://i.ytimg.com/vi/wnT6yYujL9Y/hqdefault.jpg,36326
https://www.1tv.am/hy/video/Հարցազրույց-Արմեն-Գրիգորյանի-հետ/224059,https://www.youtube.com/embed/Wj3XhKOoG1U?autoplay=1&autohide=1,Հարցազրույց Արմեն Գրիգորյանի հետ,21:45,"16 Մայ, 2024",16,Մայ,2024,5,2024-05-16,արմեն գրիգորյան,Wj3XhKOoG1U,00:28:23,https://i.ytimg.com/vi/Wj3XhKOoG1U/hqdefault.jpg,116302
https://www.1tv.am/hy/video/Հարցազրույց-Ռուբեն-Բաբայանի-հետ/224020,https://www.youtube.com/embed/Cg_cJCwkDss?autoplay=1&autohide=1,Հարցազրույց Ռուբեն Բաբայանի հետ,21:45,"15 Մայ, 2024",15,Մայ,2024,5,2024-05-15,ռուբեն բաբայան,Cg_cJCwkDss,00:27:21,https://i.ytimg.com/vi/Cg_cJCwkDss/hqdefault.jpg,48598
https://www.1tv.am/hy/video/Հարցազրույց-Արամ-Սարգսյանի-հետ/223998,https://www.youtube.com/embed/ABR_1WqlTZU?autoplay=1&autohide=1,Հարցազրույց Արամ Սարգսյանի հետ,21:55,"14 Մայ, 2024",14,Մայ,2024,5,2024-05-14,արամ սարգսյան,ABR_1WqlTZU,00:24:40,https://i.ytimg.com/vi/ABR_1WqlTZU/hqdefault.jpg,62417
https://www.1tv.am/hy/video/Հարցազրույց-Անահիտ-Մանասյանի-հետ/223987,https://www.youtube.com/embed/ddHRkugTi_A?autoplay=1&autohide=1,Հարցազրույց Անահիտ Մանասյանի հետ,21:50,"13 Մայ, 2024",13,Մայ,2024,5,2024-05-13,անահիտ մանասյան,ddHRkugTi_A,00:22:50,https://i.ytimg.com/vi/ddHRkugTi_A/hqdefault.jpg,19998
https://www.1tv.am/hy/video/Հարցազրույց-Վահագն-Ալեքսանյանի-հետ/223890,https://www.youtube.com/embed/VHtRBfjRNdc?autoplay=1&autohide=1,Հարցազրույց Վահագն Ալեքսանյանի հետ,21:30,"10 Մայ, 2024",10,Մայ,2024,5,2024-05-10,վահագն ալեքսանյան,VHtRBfjRNdc,00:17:50,https://i.ytimg.com/vi/VHtRBfjRNdc/hqdefault.jpg,98443
https://www.1tv.am/hy/video/Հարցազրույց-Արեգ-Քոչինյանի-հետ/223894,https://www.youtube.com/embed/wUfX0_JIIk4?autoplay=1&autohide=1,Հարցազրույց Արեգ Քոչինյանի հետ,21:30,"10 Մայ, 2024",10,Մայ,2024,5,2024-05-10,արեգ քոչինյան,wUfX0_JIIk4,00:20:31,https://i.ytimg.com/vi/wUfX0_JIIk4/hqdefault.jpg,59204
https://www.1tv.am/hy/video/Հարցազրույց-Վահագն-Ալեքսանյանի-հետ/223824,https://www.youtube.com/embed/VHtRBfjRNdc?autoplay=1&autohide=1,Հարցազրույց Վահագն Ալեքսանյանի հետ,22:30,"09 Մայ, 2024",9,Մայ,2024,5,2024-05-09,վահագն ալեքսանյան,VHtRBfjRNdc,00:17:50,https://i.ytimg.com/vi/VHtRBfjRNdc/hqdefault.jpg,98443
https://www.1tv.am/hy/video/Հարցազրույց-Արեգ-Քոչինյանի-հետ/223822,https://www.youtube.com/embed/wUfX0_JIIk4?autoplay=1&autohide=1,Հարցազրույց Արեգ Քոչինյանի հետ,21:45,"09 Մայ, 2024",9,Մայ,2024,5,2024-05-09,արեգ քոչինյան,wUfX0_JIIk4,00:20:31,https://i.ytimg.com/vi/wUfX0_JIIk4/hqdefault.jpg,59204
https://www.1tv.am/hy/video/Հարցազրույց-Արման-Բաբաջանյանի-հետ/223832,https://www.youtube.com/embed/PTw7dc0tZSQ?autoplay=1&autohide=1,Հարցազրույց Արման Բաբաջանյանի հետ,21:45,"08 Մայ, 2024",8,Մայ,2024,5,2024-05-08,արման բաբաջանյան,PTw7dc0tZSQ,00:24:30,https://i.ytimg.com/vi/PTw7dc0tZSQ/hqdefault.jpg,48768
https://www.1tv.am/hy/video/Հարցազրույց-Հարություն-Մկրտչյանի-հետ/223779,https://www.youtube.com/embed/lzZ0vsymG3A?autoplay=1&autohide=1,Հարցազրույց Հարություն Մկրտչյանի հետ,21:45,"07 Մայ, 2024",7,Մայ,2024,5,2024-05-07,հարություն մկրտչյան,lzZ0vsymG3A,00:22:50,https://i.ytimg.com/vi/lzZ0vsymG3A/hqdefault.jpg,47611
https://www.1tv.am/hy/video/Հարցազրույց-Արծվիկ-Մինասյանի-հետ/223760,https://www.youtube.com/embed/J48udh1ZKC8?autoplay=1&autohide=1,Հարցազրույց Արծվիկ Մինասյանի հետ,21:45,"06 Մայ, 2024",6,Մայ,2024,5,2024-05-06,արծվիկ մինասյան,J48udh1ZKC8,00:30:06,https://i.ytimg.com/vi/J48udh1ZKC8/hqdefault.jpg,98667
https://www.1tv.am/hy/video/Հարցազրույց-Արամ-Սարգսյանի-հետ/223581,https://www.youtube.com/embed/dUJbecsnzoY?autoplay=1&autohide=1,Հարցազրույց Արամ Սարգսյանի հետ,21:35,"03 Մայ, 2024",3,Մայ,2024,5,2024-05-03,արամ սարգսյան,dUJbecsnzoY,00:31:36,https://i.ytimg.com/vi/dUJbecsnzoY/hqdefault.jpg,118043
https://www.1tv.am/hy/video/Հարցազրույց-Աննա-Վարդապետյանի-հետ/223540,https://www.youtube.com/embed/BwWkIfsGsXc?autoplay=1&autohide=1,Հարցազրույց Աննա Վարդապետյանի հետ,21:45,"02 Մայ, 2024",2,Մայ,2024,5,2024-05-02,աննա վարդապետյան,BwWkIfsGsXc,00:28:31,https://i.ytimg.com/vi/BwWkIfsGsXc/hqdefault.jpg,38235
https://www.1tv.am/hy/video/Հարցազրույց-Նիկոլ-Փաշինյանի-հետ/223491,https://www.youtube.com/embed/VSndRdSAf-Q?autoplay=1&autohide=1,Հարցազրույց Նիկոլ Փաշինյանի հետ,21:45,"01 Մայ, 2024",1,Մայ,2024,5,2024-05-01,նիկոլ փաշինյան,VSndRdSAf-Q,01:08:40,https://i.ytimg.com/vi/VSndRdSAf-Q/hqdefault.jpg,73769
https://www.1tv.am/hy/video/Հարցազրույց-Ռուբեն-Ռուբինյանի-հետ/223502,https://www.youtube.com/embed/cKzlY63XC2s?autoplay=1&autohide=1,Հարցազրույց Ռուբեն Ռուբինյանի հետ,21:45,"30 Ապր, 2024",30,Ապր,2024,4,2024-04-30,ռուբեն ռուբինյան,cKzlY63XC2s,00:28:06,https://i.ytimg.com/vi/cKzlY63XC2s/hqdefault.jpg,48311
https://www.1tv.am/hy/video/Հարցազրույց-Արման-Եղոյանի-հետ/223457,https://www.youtube.com/embed/zNaOOchKiQc?autoplay=1&autohide=1,Հարցազրույց Արման Եղոյանի հետ,21:55,"29 Ապր, 2024",29,Ապր,2024,4,2024-04-29,արման եղոյան,zNaOOchKiQc,00:26:01,https://i.ytimg.com/vi/zNaOOchKiQc/hqdefault.jpg,24365
https://www.1tv.am/hy/video/Հարցազրույց-Սուրեն-Սուրենյանցի-հետ/223364,https://www.youtube.com/embed/CzwKQlSgnrc?autoplay=1&autohide=1,Հարցազրույց Սուրեն Սուրենյանցի հետ,21:50,"25 Ապր, 2024",25,Ապր,2024,4,2024-04-25,սուրեն սուրենյանց,CzwKQlSgnrc,00:32:51,https://i.ytimg.com/vi/CzwKQlSgnrc/hqdefault.jpg,52226
https://www.1tv.am/hy/video/Հարցազրույց-Անդրանիկ-Քոչարյանի-հետ/223303,https://www.youtube.com/embed/LbiqCbP9wR8?autoplay=1&autohide=1,Հարցազրույց Անդրանիկ Քոչարյանի հետ,21:30,"24 Ապր, 2024",24,Ապր,2024,4,2024-04-24,անդրանիկ քոչարյան,LbiqCbP9wR8,00:29:25,https://i.ytimg.com/vi/LbiqCbP9wR8/hqdefault.jpg,61232
https://www.1tv.am/hy/video/Հարցազրույց-Թաթուլ-Հակոբյանի-հետ/223289,https://www.youtube.com/embed/g5fL1qfk0Rg?autoplay=1&autohide=1,Հարցազրույց Թաթուլ Հակոբյանի հետ,21:15,"23 Ապր, 2024",23,Ապր,2024,4,2024-04-23,թաթուլ հակոբյան,g5fL1qfk0Rg,00:28:40,https://i.ytimg.com/vi/g5fL1qfk0Rg/hqdefault.jpg,39158
https://www.1tv.am/hy/video/Հարցազրույց-Արայիկ-Հարությունյանի-հետ/223176,https://www.youtube.com/embed/pO0eEFZYLNg?autoplay=1&autohide=1,Հարցազրույց Արայիկ Հարությունյանի հետ,21:30,"19 Ապր, 2024",19,Ապր,2024,4,2024-04-19,արայիկ հարությունյան,pO0eEFZYLNg,00:19:45,https://i.ytimg.com/vi/pO0eEFZYLNg/hqdefault.jpg,38613
https://www.1tv.am/hy/video/Հարցազրույց-Հրաչյա-Արզումանյանի-հետ/223124,https://www.youtube.com/embed/4scZc98sheA?autoplay=1&autohide=1,Հարցազրույց Հրաչյա Արզումանյանի հետ,21:45,"18 Ապր, 2024",18,Ապր,2024,4,2024-04-18,հրաչյա արզումանյան,4scZc98sheA,00:27:25,https://i.ytimg.com/vi/4scZc98sheA/hqdefault.jpg,39929
https://www.1tv.am/hy/video/Հարցազրույց-Բաբկեն-Թունյանի-հետ/223087,https://www.youtube.com/embed/YOWlvu2TvLU?autoplay=1&autohide=1,Հարցազրույց Բաբկեն Թունյանի հետ,21:30,"17 Ապր, 2024",17,Ապր,2024,4,2024-04-17,բաբկեն թունյան,YOWlvu2TvLU,00:24:21,https://i.ytimg.com/vi/YOWlvu2TvLU/hqdefault.jpg,16099
https://www.1tv.am/hy/video/Հարցազրույց-Մխիթար-Հայրապետյանի-հետ/223067,https://www.youtube.com/embed/zoEZ5s9hjZ4?autoplay=1&autohide=1,Հարցազրույց Մխիթար Հայրապետյանի հետ,21:30,"16 Ապր, 2024",16,Ապր,2024,4,2024-04-16,մխիթար հայրապետյան,zoEZ5s9hjZ4,00:30:21,https://i.ytimg.com/vi/zoEZ5s9hjZ4/hqdefault.jpg,24458
https://www.1tv.am/hy/video/Հարցազրույց-Ռուբեն-Սաֆրաստյանի-հետ/223029,https://www.youtube.com/embed/DcEvYFdFs4g?autoplay=1&autohide=1,Հարցազրույց Ռուբեն Սաֆրաստյանի հետ,20:45,"15 Ապր, 2024",15,Ապր,2024,4,2024-04-15,ռուբեն սաֆրաստյան,DcEvYFdFs4g,00:27:21,https://i.ytimg.com/vi/DcEvYFdFs4g/hqdefault.jpg,27126
https://www.1tv.am/hy/video/Հարցազրույց-Զարուհի-Բաթոյանի-հետ/222967,https://www.youtube.com/embed/m-oRsklF2Yg?autoplay=1&autohide=1,Հարցազրույց Զարուհի Բաթոյանի հետ,21:45,"12 Ապր, 2024",12,Ապր,2024,4,2024-04-12,զարուհ բաթոյան,m-oRsklF2Yg,00:23:55,https://i.ytimg.com/vi/m-oRsklF2Yg/hqdefault.jpg,11758
https://www.1tv.am/hy/video/Հարցազրույց-Արա-Գոչունյանի-հետ/222915,https://www.youtube.com/embed/Yhdzn3Vc0Lk?autoplay=1&autohide=1,Հարցազրույց Արա Գոչունյանի հետ,21:45,"11 Ապր, 2024",11,Ապր,2024,4,2024-04-11,արա գոչունյան,Yhdzn3Vc0Lk,00:24:16,https://i.ytimg.com/vi/Yhdzn3Vc0Lk/hqdefault.jpg,17825
https://www.1tv.am/hy/video/Հարցազրույց-Տարոն-Չախոյանի-հետ/222871,https://www.youtube.com/embed/mJJ6irUeLXk?autoplay=1&autohide=1,Հարցազրույց Տարոն Չախոյանի հետ,21:45,"10 Ապր, 2024",10,Ապր,2024,4,2024-04-10,տարոն չախոյան,mJJ6irUeLXk,00:25:30,https://i.ytimg.com/vi/mJJ6irUeLXk/hqdefault.jpg,42448
https://www.1tv.am/hy/video/Հարցազրույց-Վարդան-Մկրտչյանի-հետ/222816,https://www.youtube.com/embed/v3Cyeua8sYM?autoplay=1&autohide=1,Հարցազրույց Վարդան Մկրտչյանի հետ,21:40,"09 Ապր, 2024",9,Ապր,2024,4,2024-04-09,վարդան մկրտչյան,v3Cyeua8sYM,00:28:46,https://i.ytimg.com/vi/v3Cyeua8sYM/hqdefault.jpg,17000
https://www.1tv.am/hy/video/Հարցազրույց-Արարատ-Միրզոյանի-հետ/222694,https://www.youtube.com/embed/B2anFCRgyOk?autoplay=1&autohide=1,Հարցազրույց Արարատ Միրզոյանի հետ,21:35,"05 Ապր, 2024",5,Ապր,2024,4,2024-04-05,արարատ միրզոյան,B2anFCRgyOk,00:34:30,https://i.ytimg.com/vi/B2anFCRgyOk/hqdefault.jpg,134411
https://www.1tv.am/hy/video/Հարցազրույց-Արմեն-Գրիգորյանի-հետ/222651,https://www.youtube.com/embed/3gRiNNNrmLA?autoplay=1&autohide=1,Հարցազրույց Արմեն Գրիգորյանի հետ,21:55,"04 Ապր, 2024",4,Ապր,2024,4,2024-04-04,արմեն գրիգորյան,3gRiNNNrmLA,00:19:15,https://i.ytimg.com/vi/3gRiNNNrmLA/hqdefault.jpg,66502
https://www.1tv.am/hy/video/Հարցազրույց-Վլադիմիր-Վարդանյանի-հետ/222588,https://www.youtube.com/embed/4LdTueHwxV8?autoplay=1&autohide=1,Հարցազրույց Վլադիմիր Վարդանյանի հետ,21:30,"02 Ապր, 2024",2,Ապր,2024,4,2024-04-02,վլադիմիր վարդանյան,4LdTueHwxV8,00:26:56,https://i.ytimg.com/vi/4LdTueHwxV8/hqdefault.jpg,49729
https://www.1tv.am/hy/video/Հարցազրույց-Գեղամ-Մանուկյանի-հետ/222557,https://www.youtube.com/embed/z6Zi8ZGkiH4?autoplay=1&autohide=1,Հարցազրույց Գեղամ Մանուկյանի հետ,21:40,"01 Ապր, 2024",1,Ապր,2024,4,2024-04-01,գեղամ մանուկյան,z6Zi8ZGkiH4,00:31:25,https://i.ytimg.com/vi/z6Zi8ZGkiH4/hqdefault.jpg,82145
https://www.1tv.am/hy/video/Հարցազրույց-Ազատ-Արշակյանի-հետ/222435,https://www.youtube.com/embed/rUGYF9BmfkE?autoplay=1&autohide=1,Հարցազրույց Ազատ Արշակյանի հետ,21:30,"30 Մար, 2024",30,Մար,2024,3,2024-03-30,ազատ արշակյան,rUGYF9BmfkE,00:23:00,https://i.ytimg.com/vi/rUGYF9BmfkE/hqdefault.jpg,39508
https://www.1tv.am/hy/video/Հարցազրույց-Ալեն-Սիմոնյանի-հետ/222397,https://www.youtube.com/embed/Uf66PtHwM7Y?autoplay=1&autohide=1,Հարցազրույց Ալեն Սիմոնյանի հետ,22:00,"28 Մար, 2024",28,Մար,2024,3,2024-03-28,ալեն սիմոնյան,Uf66PtHwM7Y,00:36:00,https://i.ytimg.com/vi/Uf66PtHwM7Y/hqdefault.jpg,107743
https://www.1tv.am/hy/video/Հարցազրույց-Անդրանիկ-Քոչարյանի-հետ/222362,https://www.youtube.com/embed/YH1TULmGVH8?autoplay=1&autohide=1,Հարցազրույց Անդրանիկ Քոչարյանի հետ,21:45,"27 Մար, 2024",27,Մար,2024,3,2024-03-27,անդրանիկ քոչարյան,YH1TULmGVH8,00:25:16,https://i.ytimg.com/vi/YH1TULmGVH8/hqdefault.jpg,52481
https://www.1tv.am/hy/video/Հարցազրույց-Գուրգեն-Սիմոնյանի-հետ/222306,https://www.youtube.com/embed/_6waVTkb3Y0?autoplay=1&autohide=1,Հարցազրույց Գուրգեն Սիմոնյանի հետ,21:45,"26 Մար, 2024",26,Մար,2024,3,2024-03-26,գուրգեն սիմոնյան,_6waVTkb3Y0,00:25:51,https://i.ytimg.com/vi/_6waVTkb3Y0/hqdefault.jpg,114815
https://www.1tv.am/hy/video/Հարցազրույց-Վահագն-Ալեքսանյանի-հետ/222284,https://www.youtube.com/embed/knYMgdQonuo?autoplay=1&autohide=1,Հարցազրույց Վահագն Ալեքսանյանի հետ,21:45,"25 Մար, 2024",25,Մար,2024,3,2024-03-25,վահագն ալեքսանյան,knYMgdQonuo,00:24:31,https://i.ytimg.com/vi/knYMgdQonuo/hqdefault.jpg,53695
https://www.1tv.am/hy/video/Հարցազրույց-Արեգ-Քոչինյանի-հետ/222072,https://www.youtube.com/embed/j5kKjGLMT7E?autoplay=1&autohide=1,Հարցազրույց Արեգ Քոչինյանի հետ,21:45,"18 Մար, 2024",18,Մար,2024,3,2024-03-18,արեգ քոչինյան,j5kKjGLMT7E,00:25:40,https://i.ytimg.com/vi/j5kKjGLMT7E/hqdefault.jpg,46049
https://www.1tv.am/hy/video/Հարցազրույց-Արփինե-Սարգսյանի-հետ/221685,https://www.youtube.com/embed/USlxnOrSSgA?autoplay=1&autohide=1,Հարցազրույց Արփինե Սարգսյանի հետ,21:45,"06 Մար, 2024",6,Մար,2024,3,2024-03-06,արփինե սարգսյան,USlxnOrSSgA,00:22:55,https://i.ytimg.com/vi/USlxnOrSSgA/hqdefault.jpg,16011
https://www.1tv.am/hy/video/Հարցազրույց-Ստեֆան-Շուտցի-և-Թոբիաս-Քայելի-հետ/221666,https://www.youtube.com/embed/JQ1ZjsXTvdY?autoplay=1&autohide=1,Հարցազրույց Ստեֆան Շուտցի և Թոբիաս Քայելի հետ,21:30,"05 Մար, 2024",5,Մար,2024,3,2024-03-05,ստեֆան շուտց և թոբիաս քայել,JQ1ZjsXTvdY,00:18:01,https://i.ytimg.com/vi/JQ1ZjsXTvdY/hqdefault.jpg,19978
https://www.1tv.am/hy/video/Հարցազրույց-Հայկ-Կոնջորյանի-հետ/221649,https://www.youtube.com/embed/skJkro5bJzY?autoplay=1&autohide=1,Հարցազրույց Հայկ Կոնջորյանի հետ,21:30,"04 Մար, 2024",4,Մար,2024,3,2024-03-04,հայկ կոնջորյան,skJkro5bJzY,00:28:56,https://i.ytimg.com/vi/skJkro5bJzY/hqdefault.jpg,50226
https://www.1tv.am/hy/video/Հարցազրույց-Վասիլիս-Մարագոսի-հետ/221595,https://www.youtube.com/embed/qMmTobosmcM?autoplay=1&autohide=1,Հարցազրույց Վասիլիս Մարագոսի հետ,21:30,"02 Մար, 2024",2,Մար,2024,3,2024-03-02,վասիլիս մարագոս,qMmTobosmcM,00:32:21,https://i.ytimg.com/vi/qMmTobosmcM/hqdefault.jpg,31233
https://www.1tv.am/hy/video/Հարցազրույց-Արմեն-Գրիգորյանի-հետ/221594,https://www.youtube.com/embed/ZkdH5aF3DAk?autoplay=1&autohide=1,Հարցազրույց Արմեն Գրիգորյանի հետ,21:45,"01 Մար, 2024",1,Մար,2024,3,2024-03-01,արմեն գրիգորյան,ZkdH5aF3DAk,00:21:01,https://i.ytimg.com/vi/ZkdH5aF3DAk/hqdefault.jpg,71624
https://www.1tv.am/hy/video/Հարցազրույց-Վասիլիս-Մարագոսի-հետ/221566,https://www.youtube.com/embed/qMmTobosmcM?autoplay=1&autohide=1,Հարցազրույց Վասիլիս Մարագոսի հետ,21:35,"29 Փտր, 2024",29,Փտր,2024,2,2024-02-29,վասիլիս մարագոս,qMmTobosmcM,00:32:21,https://i.ytimg.com/vi/qMmTobosmcM/hqdefault.jpg,31233
https://www.1tv.am/hy/video/Հարցազրույց-Անահիտ-Մանասյանի-հետ/221540,https://www.youtube.com/embed/7XrO8ccWArs?autoplay=1&autohide=1,Հարցազրույց Անահիտ Մանասյանի հետ,21:30,"28 Փտր, 2024",28,Փտր,2024,2,2024-02-28,անահիտ մանասյան,7XrO8ccWArs,00:22:11,https://i.ytimg.com/vi/7XrO8ccWArs/hqdefault.jpg,8814
https://www.1tv.am/hy/video/Հարցազրույց-Տիգրան-Խաչատրյանի-հետ/221529,https://www.youtube.com/embed/xVjZdguzkys?autoplay=1&autohide=1,Հարցազրույց Տիգրան Խաչատրյանի հետ,21:30,"27 Փտր, 2024",27,Փտր,2024,2,2024-02-27,տիգրան խաչատրյան,xVjZdguzkys,00:27:30,https://i.ytimg.com/vi/xVjZdguzkys/hqdefault.jpg,22336
https://www.1tv.am/hy/video/Հարցազրույց-Արսեն-Թորոսյանի-հետ/221502,https://www.youtube.com/embed/zflfomFFofg?autoplay=1&autohide=1,Հարցազրույց Արսեն Թորոսյանի հետ,21:45,"26 Փտր, 2024",26,Փտր,2024,2,2024-02-26,արսեն թորոսյան,zflfomFFofg,00:21:35,https://i.ytimg.com/vi/zflfomFFofg/hqdefault.jpg,19256
https://www.1tv.am/hy/video/Հարցազրույց-Դմիտրի-Սուսլովի-հետ/221449,https://www.youtube.com/embed/IdoYd42QTRE?autoplay=1&autohide=1,Հարցազրույց Դմիտրի Սուսլովի հետ,21:35,"23 Փտր, 2024",23,Փտր,2024,2,2024-02-23,դմիտր սուսլով,IdoYd42QTRE,00:25:00,https://i.ytimg.com/vi/IdoYd42QTRE/hqdefault.jpg,102766
https://www.1tv.am/hy/video/Հարցազրույց-Վախթանգ-Աբրահամյանի-հետ/221418,https://www.youtube.com/embed/ha_NJLG8If8?autoplay=1&autohide=1,Հարցազրույց Վախթանգ Աբրահամյանի հետ,21:30,"22 Փտր, 2024",22,Փտր,2024,2,2024-02-22,վախթանգ աբրահամյան,ha_NJLG8If8,00:23:27,https://i.ytimg.com/vi/ha_NJLG8If8/hqdefault.jpg,13701
https://www.1tv.am/hy/video/Հարցազրույց-Հակոբ-Արշակյանի-հետ/221387,https://www.youtube.com/embed/oVOy3eDlPhY?autoplay=1&autohide=1,Հարցազրույց Հակոբ Արշակյանի հետ,21:35,"20 Փտր, 2024",20,Փտր,2024,2,2024-02-20,հակոբ արշակյան,oVOy3eDlPhY,00:25:06,https://i.ytimg.com/vi/oVOy3eDlPhY/hqdefault.jpg,26271
https://www.1tv.am/hy/video/Հարցազրույց-Հայկ-Խալաթյանի-հետ/221366,https://www.youtube.com/embed/afuEHCoJA2E?autoplay=1&autohide=1,Հարցազրույց Հայկ Խալաթյանի հետ,21:30,"19 Փտր, 2024",19,Փտր,2024,2,2024-02-19,հայկ խալաթյան,afuEHCoJA2E,00:26:06,https://i.ytimg.com/vi/afuEHCoJA2E/hqdefault.jpg,36392
https://www.1tv.am/hy/video/Հարցազրույց-Անդրանիկ-Քոչարյանի-հետ/221304,https://www.youtube.com/embed/hHUesUcWV0k?autoplay=1&autohide=1,Հարցազրույց Անդրանիկ Քոչարյանի հետ,20:00,"16 Փտր, 2024",16,Փտր,2024,2,2024-02-16,անդրանիկ քոչարյան,hHUesUcWV0k,00:28:25,https://i.ytimg.com/vi/hHUesUcWV0k/hqdefault.jpg,70339
https://www.1tv.am/hy/video/Հարցազրույց-Հակոբ-Մովսեսի-հետ/221283,https://www.youtube.com/embed/zRUD0321XcY?autoplay=1&autohide=1,Հարցազրույց Հակոբ Մովսեսի հետ,21:30,"15 Փտր, 2024",15,Փտր,2024,2,2024-02-15,հակոբ մովսես,zRUD0321XcY,00:31:25,https://i.ytimg.com/vi/zRUD0321XcY/hqdefault.jpg,26730
https://www.1tv.am/hy/video/Հարցազրույց-Միքայել-Զոլյանի-հետ/221261,https://www.youtube.com/embed/maAEfEWP-SA?autoplay=1&autohide=1,Հարցազրույց Միքայել Զոլյանի հետ,21:30,"14 Փտր, 2024",14,Փտր,2024,2,2024-02-14,միքայել զոլյան,maAEfEWP-SA,00:23:36,https://i.ytimg.com/vi/maAEfEWP-SA/hqdefault.jpg,19017
https://www.1tv.am/hy/video/Հարցազրույց-Եղիշե-Կիրակոսյանի-հետ/221174,https://www.youtube.com/embed/xwTX22wR-_k?autoplay=1&autohide=1,Հարցազրույց Եղիշե Կիրակոսյանի հետ,21:30,"13 Փտր, 2024",13,Փտր,2024,2,2024-02-13,եղիշե կիրակոսյան,xwTX22wR-_k,00:24:21,https://i.ytimg.com/vi/xwTX22wR-_k/hqdefault.jpg,27774
https://www.1tv.am/hy/video/Հարցազրույց-Վահե-Հովհաննիսյանի-հետ/221065,https://www.youtube.com/embed/18G5YE9X97E?autoplay=1&autohide=1,Հարցազրույց Վահե Հովհաննիսյանի հետ,21:30,"09 Փտր, 2024",9,Փտր,2024,2,2024-02-09,վահե հովհաննիսյան,18G5YE9X97E,00:24:46,https://i.ytimg.com/vi/18G5YE9X97E/hqdefault.jpg,13097
https://www.1tv.am/hy/video/Հարցազրույց-Արմեն-Մուրադյանի-հետ/221043,https://www.youtube.com/embed/A0KZPUWXN6E?autoplay=1&autohide=1,Հարցազրույց Արմեն Մուրադյանի հետ,21:15,"08 Փտր, 2024",8,Փտր,2024,2,2024-02-08,արմեն մուրադյան,A0KZPUWXN6E,00:20:50,https://i.ytimg.com/vi/A0KZPUWXN6E/hqdefault.jpg,16065
https://www.1tv.am/hy/video/Հարցազրույց-Մանուկ-Սուքիասյանի-հետ/221013,https://www.youtube.com/embed/DnkfW5rPmso?autoplay=1&autohide=1,Հարցազրույց Մանուկ Սուքիասյանի հետ,21:30,"07 Փտր, 2024",7,Փտր,2024,2,2024-02-07,մանուկ սուքիասյան,DnkfW5rPmso,00:29:20,https://i.ytimg.com/vi/DnkfW5rPmso/hqdefault.jpg,17570
https://www.1tv.am/hy/video/Հարցազրույց-Սուրեն-Գրիգորյանի-հետ/221003,https://www.youtube.com/embed/_3ywX35xoSA?autoplay=1&autohide=1,Հարցազրույց Սուրեն Գրիգորյանի հետ,21:30,"06 Փտր, 2024",6,Փտր,2024,2,2024-02-06,սուրեն գրիգորյան,_3ywX35xoSA,00:28:56,https://i.ytimg.com/vi/_3ywX35xoSA/hqdefault.jpg,18511
https://www.1tv.am/hy/video/Հարցազրույց-Դավիթ-Յանի-հետ/220978,https://www.youtube.com/embed/ObpKg0Je0oA?autoplay=1&autohide=1,Հարցազրույց Դավիթ Յանի հետ,21:30,"05 Փտր, 2024",5,Փտր,2024,2,2024-02-05,դավիթ յան,ObpKg0Je0oA,00:29:21,https://i.ytimg.com/vi/ObpKg0Je0oA/hqdefault.jpg,25579
https://www.1tv.am/hy/video/Հարցազրույց-Սուրեն-Պապիկյանի-հետ/220922,https://www.youtube.com/embed/Mmw85-iNCoA?autoplay=1&autohide=1,Հարցազրույց Սուրեն Պապիկյանի հետ,21:30,"02 Փտր, 2024",2,Փտր,2024,2,2024-02-02,սուրեն պապիկյան,Mmw85-iNCoA,00:26:40,https://i.ytimg.com/vi/Mmw85-iNCoA/hqdefault.jpg,57202
https://www.1tv.am/hy/video/Հարցազրույց-Վահան-Քերոբյանի-հետ/220867,https://www.youtube.com/embed/NcCIN8m6fvg?autoplay=1&autohide=1,Հարցազրույց Վահան Քերոբյանի հետ,21:25,"01 Փտր, 2024",1,Փտր,2024,2,2024-02-01,վահան քերոբյան,NcCIN8m6fvg,00:22:46,https://i.ytimg.com/vi/NcCIN8m6fvg/hqdefault.jpg,20715
https://www.1tv.am/hy/video/Հարցազրույց-Վարուժան-Հոկտանյանի-հետ/220838,https://www.youtube.com/embed/TuxxTyBtUWs?autoplay=1&autohide=1,Հարցազրույց Վարուժան Հոկտանյանի հետ,21:45,"31 Հնվ, 2024",31,Հնվ,2024,1,2024-01-31,վարուժան հոկտանյան,TuxxTyBtUWs,00:28:00,https://i.ytimg.com/vi/TuxxTyBtUWs/hqdefault.jpg,17047
https://www.1tv.am/hy/video/Հարցազրույց-Ռուբեն-Ռուբինյանի-հետ/220831,https://www.youtube.com/embed/a57sd54vr0A?autoplay=1&autohide=1,Հարցազրույց Ռուբեն Ռուբինյանի հետ,21:45,"30 Հնվ, 2024",30,Հնվ,2024,1,2024-01-30,ռուբեն ռուբինյան,a57sd54vr0A,00:25:00,https://i.ytimg.com/vi/a57sd54vr0A/hqdefault.jpg,40648
https://www.1tv.am/hy/video/Հարցազրույց-Վահան-Կոստանյանի-հետ/220802,https://www.youtube.com/embed/JxfANOY5LoA?autoplay=1&autohide=1,Հարցազրույց Վահան Կոստանյանի հետ,21:45,"29 Հնվ, 2024",29,Հնվ,2024,1,2024-01-29,վահան կոստանյան,JxfANOY5LoA,00:21:00,https://i.ytimg.com/vi/JxfANOY5LoA/hqdefault.jpg,13506
https://www.1tv.am/hy/video/Հարցազրույց-Հրաչյա-Արզումանյանի-հետ/220750,https://www.youtube.com/embed/9jlqL7YE0UM?autoplay=1&autohide=1,Հարցազրույց Հրաչյա Արզումանյանի հետ,21:45,"26 Հնվ, 2024",26,Հնվ,2024,1,2024-01-26,հրաչյա արզումանյան,9jlqL7YE0UM,00:25:35,https://i.ytimg.com/vi/9jlqL7YE0UM/hqdefault.jpg,31028
https://www.1tv.am/hy/video/Հարցազրույց-Հայկ-Կոնջորյանի-հետ/220719,https://www.youtube.com/embed/BqPziQlqhPU?autoplay=1&autohide=1,Հարցազրույց Հայկ Կոնջորյանի հետ,21:45,"25 Հնվ, 2024",25,Հնվ,2024,1,2024-01-25,հայկ կոնջորյան,BqPziQlqhPU,00:25:45,https://i.ytimg.com/vi/BqPziQlqhPU/hqdefault.jpg,37020
https://www.1tv.am/hy/video/Հարցազրույց-Մարիա-Կարապետյանի-հետ/220701,https://www.youtube.com/embed/bsMmhBZigBo?autoplay=1&autohide=1,Հարցազրույց Մարիա Կարապետյանի հետ,21:45,"24 Հնվ, 2024",24,Հնվ,2024,1,2024-01-24,մարիա կարապետյան,bsMmhBZigBo,00:20:20,https://i.ytimg.com/vi/bsMmhBZigBo/hqdefault.jpg,13742
https://www.1tv.am/hy/video/Հարցազրույց-Արեգ-Քոչինյանի-հետ/220670,https://www.youtube.com/embed/Wxt-S9oFsBQ?autoplay=1&autohide=1,Հարցազրույց Արեգ Քոչինյանի հետ,21:45,"23 Հնվ, 2024",23,Հնվ,2024,1,2024-01-23,արեգ քոչինյան,Wxt-S9oFsBQ,00:24:20,https://i.ytimg.com/vi/Wxt-S9oFsBQ/hqdefault.jpg,42147
https://www.1tv.am/hy/video/Հարցազրույց-Դանիել-Իոաննիսյանի-հետ/220597,https://www.youtube.com/embed/tA8bPijI4J4?autoplay=1&autohide=1,Հարցազրույց Դանիել Իոաննիսյանի հետ,21:30,"22 Հնվ, 2024",22,Հնվ,2024,1,2024-01-22,դանիել իոաննիսյան,tA8bPijI4J4,00:22:20,https://i.ytimg.com/vi/tA8bPijI4J4/hqdefault.jpg,20991
https://www.1tv.am/hy/video/Հարցազրույց-Լեոնիդ-Ներսիսյանի-հետ/220536,https://www.youtube.com/embed/I8VqgxeF-hw?autoplay=1&autohide=1,Հարցազրույց Լեոնիդ Ներսիսյանի հետ,21:45,"19 Հնվ, 2024",19,Հնվ,2024,1,2024-01-19,լեոնիդ ներսիսյան,I8VqgxeF-hw,00:21:15,https://i.ytimg.com/vi/I8VqgxeF-hw/hqdefault.jpg,27169
https://www.1tv.am/hy/video/Հարցազրույց-Վարդան-Վարդանյանի-հետ/220474,https://www.youtube.com/embed/EJ7UX4QWHDs?autoplay=1&autohide=1,Հարցազրույց Վարդան Վարդանյանի հետ,21:30,"18 Հնվ, 2024",18,Հնվ,2024,1,2024-01-18,վարդան վարդանյան,EJ7UX4QWHDs,00:18:41,https://i.ytimg.com/vi/EJ7UX4QWHDs/hqdefault.jpg,13021
https://www.1tv.am/hy/video/Հարցազրույց-Ռուբեն-Բաբայանի-հետ/220421,https://www.youtube.com/embed/zvo1FNR5_AA?autoplay=1&autohide=1,Հարցազրույց Ռուբեն Բաբայանի հետ,21:45,"16 Հնվ, 2024",16,Հնվ,2024,1,2024-01-16,ռուբեն բաբայան,zvo1FNR5_AA,00:20:35,https://i.ytimg.com/vi/zvo1FNR5_AA/hqdefault.jpg,22574
https://www.1tv.am/hy/video/Հարցազրույց-Արեն-Սարգսյանի-հետ/220381,https://www.youtube.com/embed/s4I0qcOBUS8?autoplay=1&autohide=1,Հարցազրույց Արեն Սարգսյանի հետ,21:30,"15 Հնվ, 2024",15,Հնվ,2024,1,2024-01-15,արեն սարգսյան,s4I0qcOBUS8,00:28:21,https://i.ytimg.com/vi/s4I0qcOBUS8/hqdefault.jpg,21480
https://www.1tv.am/hy/video/Հարցազրույց-Կարեն-Անդրեասյանի-հետ/220301,https://www.youtube.com/embed/I_VU1jyBasg?autoplay=1&autohide=1,Հարցազրույց Կարեն Անդրեասյանի հետ,21:30,"12 Հնվ, 2024",12,Հնվ,2024,1,2024-01-12,կարեն անդրեասյան,I_VU1jyBasg,00:33:36,https://i.ytimg.com/vi/I_VU1jyBasg/hqdefault.jpg,26882
https://www.1tv.am/hy/video/Հարցազրույց-Անդրանիկ-Քոչարյանի-հետ/220287,https://www.youtube.com/embed/98varhYvxlw?autoplay=1&autohide=1,Հարցազրույց Անդրանիկ Քոչարյանի հետ,21:55,"11 Հնվ, 2024",11,Հնվ,2024,1,2024-01-11,անդրանիկ քոչարյան,98varhYvxlw,00:24:55,https://i.ytimg.com/vi/98varhYvxlw/hqdefault.jpg,58689
https://www.1tv.am/hy/video/Հարցազրույց-Յակոբ-Ճռնազեանի-հետ/220251,https://www.youtube.com/embed/YiOMg56o6Ig?autoplay=1&autohide=1,Հարցազրույց Յակոբ Ճռնազեանի հետ,21:50,"10 Հնվ, 2024",10,Հնվ,2024,1,2024-01-10,յակոբ ճռնազեան,YiOMg56o6Ig,00:20:46,https://i.ytimg.com/vi/YiOMg56o6Ig/hqdefault.jpg,12744
https://www.1tv.am/hy/video/Հարցազրույց-Արթուր-Խաչատրյանի-հետ/220230,https://www.youtube.com/embed/ORZvPF0qBjQ?autoplay=1&autohide=1,Հարցազրույց Արթուր Խաչատրյանի հետ,22:05,"09 Հնվ, 2024",9,Հնվ,2024,1,2024-01-09,արթուր խաչատրյան,ORZvPF0qBjQ,00:24:36,https://i.ytimg.com/vi/ORZvPF0qBjQ/hqdefault.jpg,25883
https://www.1tv.am/hy/video/Հարցազրույց-Արմեն-Գրիգորյանի-հետ/220209,https://www.youtube.com/embed/uhhBEBOVhZo?autoplay=1&autohide=1,Հարցազրույց Արմեն Գրիգորյանի հետ,21:30,"08 Հնվ, 2024",8,Հնվ,2024,1,2024-01-08,արմեն գրիգորյան,uhhBEBOVhZo,00:21:36,https://i.ytimg.com/vi/uhhBEBOVhZo/hqdefault.jpg,45826
https://www.1tv.am/hy/video/Հարցազրույց-Տիգրան-Ավինյանի-հետ/220045,https://www.youtube.com/embed/Lzq16UlC-PQ?autoplay=1&autohide=1,Հարցազրույց Տիգրան Ավինյանի հետ,21:30,"31 Դեկ, 2023",31,Դեկ,2023,12,2023-12-31,տիգրան ավինյան,Lzq16UlC-PQ,00:25:30,https://i.ytimg.com/vi/Lzq16UlC-PQ/hqdefault.jpg,21325
https://www.1tv.am/hy/video/Հարցազրույց-Սերգեյ-Կոպիրկինի-հետ/219978,https://www.youtube.com/embed/50w6GE7-oes?autoplay=1&autohide=1,Հարցազրույց Սերգեյ Կոպիրկինի հետ,21:30,"28 Դեկ, 2023",28,Դեկ,2023,12,2023-12-28,սերգեյ կոպիրկին,50w6GE7-oes,00:38:25,https://i.ytimg.com/vi/50w6GE7-oes/hqdefault.jpg,50388
https://www.1tv.am/hy/video/Հարցազրույց-Մարտին-Գալստյանի-հետ/219918,https://www.youtube.com/embed/AEeUTBCmcrI?autoplay=1&autohide=1,Հարցազրույց Մարտին Գալստյանի հետ,21:30,"27 Դեկ, 2023",27,Դեկ,2023,12,2023-12-27,մարտին գալստյան,AEeUTBCmcrI,00:23:01,https://i.ytimg.com/vi/AEeUTBCmcrI/hqdefault.jpg,8578
https://www.1tv.am/hy/video/Հարցազրույց-Ռուստամ-Բադասյանի-հետ/219881,https://www.youtube.com/embed/ZdM0nemBEiY?autoplay=1&autohide=1,Հարցազրույց Ռուստամ Բադասյանի հետ,21:25,"26 Դեկ, 2023",26,Դեկ,2023,12,2023-12-26,ռուստամ բադասյան,ZdM0nemBEiY,00:24:06,https://i.ytimg.com/vi/ZdM0nemBEiY/hqdefault.jpg,12760
https://www.1tv.am/hy/video/Հարցազրույց-Արման-Նշանյանի-հետ/219801,https://www.youtube.com/embed/DIgP08P8cY0?autoplay=1&autohide=1,Հարցազրույց Արման Նշանյանի հետ,21:45,"25 Դեկ, 2023",25,Դեկ,2023,12,2023-12-25,արման նշանյան,DIgP08P8cY0,00:21:10,https://i.ytimg.com/vi/DIgP08P8cY0/hqdefault.jpg,11424
https://www.1tv.am/hy/video/Հարցազրույց-Արմեն-Մելիքբեկյանի-հետ/219711,https://www.youtube.com/embed/RBnXfCLqrOQ?autoplay=1&autohide=1,Հարցազրույց Արմեն Մելիքբեկյանի հետ,22:15,"22 Դեկ, 2023",22,Դեկ,2023,12,2023-12-22,արմեն մելիքբեկյան,RBnXfCLqrOQ,00:25:10,https://i.ytimg.com/vi/RBnXfCLqrOQ/hqdefault.jpg,15209
https://www.1tv.am/hy/video/Հարցազրույց-Արմեն-Մելիքբեկյանի-հետ/219703,https://www.youtube.com/embed/RBnXfCLqrOQ?autoplay=1&autohide=1,Հարցազրույց Արմեն Մելիքբեկյանի հետ,22:00,"22 Դեկ, 2023",22,Դեկ,2023,12,2023-12-22,արմեն մելիքբեկյան,RBnXfCLqrOQ,00:25:10,https://i.ytimg.com/vi/RBnXfCLqrOQ/hqdefault.jpg,15209
https://www.1tv.am/hy/video/Հարցազրույց-Սեյրան-Օհանյանի-հետ/219662,https://www.youtube.com/embed/qsReZgrtsOQ?autoplay=1&autohide=1,Հարցազրույց Սեյրան Օհանյանի հետ,21:45,"21 Դեկ, 2023",21,Դեկ,2023,12,2023-12-21,սեյրան օհանյան,qsReZgrtsOQ,00:29:15,https://i.ytimg.com/vi/qsReZgrtsOQ/hqdefault.jpg,46624
https://www.1tv.am/hy/video/Հարցազրույց-Աննա-Վարդապետյանի-հետ/219588,https://www.youtube.com/embed/uEfEVbN1KdM?autoplay=1&autohide=1,Հարցազրույց Աննա Վարդապետյանի հետ,21:30,"20 Դեկ, 2023",20,Դեկ,2023,12,2023-12-20,աննա վարդապետյան,uEfEVbN1KdM,00:23:01,https://i.ytimg.com/vi/uEfEVbN1KdM/hqdefault.jpg,35748
https://www.1tv.am/hy/video/Հարցազրույց-Նիկոլ-Փաշինյանի-հետ/219539,https://www.youtube.com/embed/7pfh0imwyLA?autoplay=1&autohide=1,Հարցազրույց Նիկոլ Փաշինյանի հետ,21:30,"19 Դեկ, 2023",19,Դեկ,2023,12,2023-12-19,նիկոլ փաշինյան,7pfh0imwyLA,01:04:32,https://i.ytimg.com/vi/7pfh0imwyLA/hqdefault.jpg,70425
https://www.1tv.am/hy/video/Հարցազրույց-Վահան-Քերոբյանի-հետ/219457,https://www.youtube.com/embed/jQvcuT2W8MM?autoplay=1&autohide=1,Հարցազրույց Վահան Քերոբյանի հետ,21:30,"18 Դեկ, 2023",18,Դեկ,2023,12,2023-12-18,վահան քերոբյան,jQvcuT2W8MM,00:24:46,https://i.ytimg.com/vi/jQvcuT2W8MM/hqdefault.jpg,13689
https://www.1tv.am/hy/video/Հարցազրույց-Արամ-Սարգսյանի-հետ/219364,https://www.youtube.com/embed/4nYUPGzzjM0?autoplay=1&autohide=1,Հարցազրույց Արամ Սարգսյանի հետ,21:50,"15 Դեկ, 2023",15,Դեկ,2023,12,2023-12-15,արամ սարգսյան,4nYUPGzzjM0,00:25:45,https://i.ytimg.com/vi/4nYUPGzzjM0/hqdefault.jpg,64113
https://www.1tv.am/hy/video/Հարցազրույց-Արման-Բաբաջանյանի-հետ/219303,https://www.youtube.com/embed/rdF62b_I0So?autoplay=1&autohide=1,Հարցազրույց Արման Բաբաջանյանի հետ,21:30,"14 Դեկ, 2023",14,Դեկ,2023,12,2023-12-14,արման բաբաջանյան,rdF62b_I0So,00:20:46,https://i.ytimg.com/vi/rdF62b_I0So/hqdefault.jpg,39740
https://www.1tv.am/hy/video/Հարցազրույց-էդմոն-Մարուքյանի-հետ/219275,https://www.youtube.com/embed/aWEaWTGOOT8?autoplay=1&autohide=1,Հարցազրույց էդմոն Մարուքյանի հետ,21:30,"13 Դեկ, 2023",13,Դեկ,2023,12,2023-12-13,էդմոն մարուքյան,aWEaWTGOOT8,00:25:10,https://i.ytimg.com/vi/aWEaWTGOOT8/hqdefault.jpg,42368
https://www.1tv.am/hy/video/Հարցազրույց-Հայկ-Սարգսյանի-հետ/219207,https://www.youtube.com/embed/mMWd5IloN7I?autoplay=1&autohide=1,Հարցազրույց Հայկ Սարգսյանի հետ,21:30,"12 Դեկ, 2023",12,Դեկ,2023,12,2023-12-12,հայկ սարգսյան,mMWd5IloN7I,00:21:25,https://i.ytimg.com/vi/mMWd5IloN7I/hqdefault.jpg,18165
https://www.1tv.am/hy/video/Հարցազրույց-Վահագն-Ալեքսանյանի-հետ/219164,https://www.youtube.com/embed/FsZSUgQG9Wg?autoplay=1&autohide=1,Հարցազրույց Վահագն Ալեքսանյանի հետ,21:30,"11 Դեկ, 2023",11,Դեկ,2023,12,2023-12-11,վահագն ալեքսանյան,FsZSUgQG9Wg,00:23:01,https://i.ytimg.com/vi/FsZSUgQG9Wg/hqdefault.jpg,36547
https://www.1tv.am/hy/video/Հարցազրույց-Արմեն-Գրիգորյանի-հետ/219068,https://www.youtube.com/embed/NC6cFo4P65U?autoplay=1&autohide=1,Հարցազրույց Արմեն Գրիգորյանի հետ,21:45,"09 Դեկ, 2023",9,Դեկ,2023,12,2023-12-09,արմեն գրիգորյան,NC6cFo4P65U,00:22:05,https://i.ytimg.com/vi/NC6cFo4P65U/hqdefault.jpg,60977
https://www.1tv.am/hy/video/Հարցազրույց-Սարգիս-Խանդանյանի-հետ/219078,https://www.youtube.com/embed/9UcAW12JG50?autoplay=1&autohide=1,Հարցազրույց Սարգիս Խանդանյանի հետ,21:45,"08 Դեկ, 2023",8,Դեկ,2023,12,2023-12-08,սարգիս խանդանյան,9UcAW12JG50,00:19:31,https://i.ytimg.com/vi/9UcAW12JG50/hqdefault.jpg,12283
https://www.1tv.am/hy/video/Հարցազրույց-Մկրտիչ-Արզումանյանի-հետ/219023,https://www.youtube.com/embed/2Y3rnGQ-D1s?autoplay=1&autohide=1,Հարցազրույց Մկրտիչ Արզումանյանի հետ,21:30,"07 Դեկ, 2023",7,Դեկ,2023,12,2023-12-07,մկրտիչ արզումանյան,2Y3rnGQ-D1s,00:22:16,https://i.ytimg.com/vi/2Y3rnGQ-D1s/hqdefault.jpg,20817
https://www.1tv.am/hy/video/Հարցազրույց-Էմրե-Դիների-հետ/218944,https://www.youtube.com/embed/QQcFBDZRfOM?autoplay=1&autohide=1,Հարցազրույց Էմրե Դիների հետ,21:30,"06 Դեկ, 2023",6,Դեկ,2023,12,2023-12-06,էմրե դիներ,QQcFBDZRfOM,00:23:41,https://i.ytimg.com/vi/QQcFBDZRfOM/hqdefault.jpg,12133
https://www.1tv.am/hy/video/Հարցազրույց-Դավիթ-Բաղդասարյանի-հետ/218911,https://www.youtube.com/embed/IxPLe8BE4H8?autoplay=1&autohide=1,Հարցազրույց Դավիթ Բաղդասարյանի հետ,21:30,"05 Դեկ, 2023",5,Դեկ,2023,12,2023-12-05,դավիթ բաղդասարյան,IxPLe8BE4H8,00:19:25,https://i.ytimg.com/vi/IxPLe8BE4H8/hqdefault.jpg,18632
https://www.1tv.am/hy/video/Հարցազրույց-Սեզար-Իդալգոյի-հետ/218856,https://www.youtube.com/embed/bN-dauH2I9Y?autoplay=1&autohide=1,Հարցազրույց Սեզար Իդալգոյի հետ,21:30,"04 Դեկ, 2023",4,Դեկ,2023,12,2023-12-04,սեզար իդալգոյ,bN-dauH2I9Y,00:16:16,https://i.ytimg.com/vi/bN-dauH2I9Y/hqdefault.jpg,12074
https://www.1tv.am/hy/video/Հարցազրույց-Սուրեն-Գրիգորյանի-հետ/218752,https://www.youtube.com/embed/rqYJiDnVll4?autoplay=1&autohide=1,Հարցազրույց Սուրեն Գրիգորյանի հետ,21:30,"01 Դեկ, 2023",1,Դեկ,2023,12,2023-12-01,սուրեն գրիգորյան,rqYJiDnVll4,00:24:11,https://i.ytimg.com/vi/rqYJiDnVll4/hqdefault.jpg,19060
https://www.1tv.am/hy/video/Հարցազրույց-Գրիգոր-Մինասյանի-հետ/218724,https://www.youtube.com/embed/pKQlTU6mGjQ?autoplay=1&autohide=1,Հարցազրույց Գրիգոր Մինասյանի հետ,21:15,"30 Նմբ, 2023",30,Նմբ,2023,11,2023-11-30,գրիգոր մինասյան,pKQlTU6mGjQ,00:25:16,https://i.ytimg.com/vi/pKQlTU6mGjQ/hqdefault.jpg,23345
https://www.1tv.am/hy/video/Հարցազրույց-Գրիգոր-Մինասյանի-հետ/218641,https://www.youtube.com/embed/pKQlTU6mGjQ?autoplay=1&autohide=1,Հարցազրույց Գրիգոր Մինասյանի հետ,21:30,"29 Նմբ, 2023",29,Նմբ,2023,11,2023-11-29,գրիգոր մինասյան,pKQlTU6mGjQ,00:25:16,https://i.ytimg.com/vi/pKQlTU6mGjQ/hqdefault.jpg,23345
https://www.1tv.am/hy/video/Հարցազրույց-Գևորգ-Պապոյանի-հետ/218592,https://www.youtube.com/embed/icgXA-q6eVc?autoplay=1&autohide=1,Հարցազրույց Գևորգ Պապոյանի հետ,21:30,"28 Նմբ, 2023",28,Նմբ,2023,11,2023-11-28,գևորգ պապոյան,icgXA-q6eVc,00:23:11,https://i.ytimg.com/vi/icgXA-q6eVc/hqdefault.jpg,23783
https://www.1tv.am/hy/video/Հարցազրույց-Անահիտ-Ավանեսյանի-հետ/218563,https://www.youtube.com/embed/2krxOPVLTwg?autoplay=1&autohide=1,Հարցազրույց Անահիտ Ավանեսյանի հետ,21:30,"27 Նմբ, 2023",27,Նմբ,2023,11,2023-11-27,անահիտ ավանեսյան,2krxOPVLTwg,00:27:06,https://i.ytimg.com/vi/2krxOPVLTwg/hqdefault.jpg,7320
https://www.1tv.am/hy/video/Հարցազրույց-Մարիամ-Ավագյանի-հետ/218468,https://www.youtube.com/embed/csk1ldoqD_g?autoplay=1&autohide=1,Հարցազրույց Մարիամ Ավագյանի հետ,21:50,"25 Նմբ, 2023",25,Նմբ,2023,11,2023-11-25,մարիամ ավագյան,csk1ldoqD_g,00:20:46,https://i.ytimg.com/vi/csk1ldoqD_g/hqdefault.jpg,16710
https://www.1tv.am/hy/video/Հարցազրույց-Հայկակ-Արշամյանի-հետ/218457,https://www.youtube.com/embed/Zu9sHlHs8yk?autoplay=1&autohide=1,Հարցազրույց Հայկակ Արշամյանի հետ,21:45,"23 Նմբ, 2023",23,Նմբ,2023,11,2023-11-23,հայկակ արշամյան,Zu9sHlHs8yk,00:21:10,https://i.ytimg.com/vi/Zu9sHlHs8yk/hqdefault.jpg,11114
https://www.1tv.am/hy/video/Հարցազրույց-Մխիթար-Հայրապետյանի-հետ/218360,https://www.youtube.com/embed/jFbN0jx2_Dg?autoplay=1&autohide=1,Հարցազրույց Մխիթար Հայրապետյանի հետ,21:45,"22 Նմբ, 2023",22,Նմբ,2023,11,2023-11-22,մխիթար հայրապետյան,jFbN0jx2_Dg,00:24:19,https://i.ytimg.com/vi/jFbN0jx2_Dg/hqdefault.jpg,21246
https://www.1tv.am/hy/video/Հարցազրույց-Լեո-Հուսակոսի-հետ/218309,https://www.youtube.com/embed/38v0lwnHpHw?autoplay=1&autohide=1,Հարցազրույց Լեո Հուսակոսի հետ,21:35,"21 Նմբ, 2023",21,Նմբ,2023,11,2023-11-21,լեո հուսակոս,38v0lwnHpHw,00:21:26,https://i.ytimg.com/vi/38v0lwnHpHw/hqdefault.jpg,27978
https://www.1tv.am/hy/video/Հարցազրույց-Գեղամ-Գևորգյանի-հետ/218275,https://www.youtube.com/embed/Bj3kujos6M0?autoplay=1&autohide=1,Հարցազրույց Գեղամ Գևորգյանի հետ,21:30,"20 Նմբ, 2023",20,Նմբ,2023,11,2023-11-20,գեղամ գևորգյան,Bj3kujos6M0,00:21:41,https://i.ytimg.com/vi/Bj3kujos6M0/hqdefault.jpg,18003
https://www.1tv.am/hy/video/Հարցազրույց-Էդմոն-Մարուքյանի-հետ/218189,https://www.youtube.com/embed/Q2HeFhKn_eY?autoplay=1&autohide=1,Հարցազրույց Էդմոն Մարուքյանի հետ,21:30,"17 Նմբ, 2023",17,Նմբ,2023,11,2023-11-17,էդմոն մարուքյան,Q2HeFhKn_eY,00:22:25,https://i.ytimg.com/vi/Q2HeFhKn_eY/hqdefault.jpg,49781
https://www.1tv.am/hy/video/Հարցազրույց-Հայկ-Սարգսյանի-հետ/218137,https://www.youtube.com/embed/B90ilwcT-9Y?autoplay=1&autohide=1,Հարցազրույց Հայկ Սարգսյանի հետ,21:30,"16 Նմբ, 2023",16,Նմբ,2023,11,2023-11-16,հայկ սարգսյան,B90ilwcT-9Y,00:25:21,https://i.ytimg.com/vi/B90ilwcT-9Y/hqdefault.jpg,23330
https://www.1tv.am/hy/video/Հարցազրույց-Վիլեն-Գաբրիելյանի-հետ/218057,https://www.youtube.com/embed/TGIAS0dXa3I?autoplay=1&autohide=1,Հարցազրույց Վիլեն Գաբրիելյանի հետ,22:00,"15 Նմբ, 2023",15,Նմբ,2023,11,2023-11-15,վիլեն գաբրիելյան,TGIAS0dXa3I,00:21:10,https://i.ytimg.com/vi/TGIAS0dXa3I/hqdefault.jpg,18408
https://www.1tv.am/hy/video/Հարցազրույց-Արմեն-Գրիգորյանի-հետ/218040,https://www.youtube.com/embed/g8M1mBgb2Ng?autoplay=1&autohide=1,Հարցազրույց Արմեն Գրիգորյանի հետ,21:30,"14 Նմբ, 2023",14,Նմբ,2023,11,2023-11-14,արմեն գրիգորյան,g8M1mBgb2Ng,00:23:05,https://i.ytimg.com/vi/g8M1mBgb2Ng/hqdefault.jpg,69938
https://www.1tv.am/hy/video/Հարցազրույց-Սարգիս-Խանդանյանի-հետ/217990,https://www.youtube.com/embed/ffT4agEAaNM?autoplay=1&autohide=1,Հարցազրույց Սարգիս Խանդանյանի հետ,21:50,"13 Նմբ, 2023",13,Նմբ,2023,11,2023-11-13,սարգիս խանդանյան,ffT4agEAaNM,00:26:45,https://i.ytimg.com/vi/ffT4agEAaNM/hqdefault.jpg,19731
https://www.1tv.am/hy/video/Հարցազրույց-Խոսրով-Հարությունյանի-հետ/217955,https://www.youtube.com/embed/744pWiOtt1U?autoplay=1&autohide=1,Հարցազրույց Խոսրով Հարությունյանի հետ,21:30,"10 Նմբ, 2023",10,Նմբ,2023,11,2023-11-10,խոսրով հարությունյան,744pWiOtt1U,00:29:05,https://i.ytimg.com/vi/744pWiOtt1U/hqdefault.jpg,55324
https://www.1tv.am/hy/video/Հարցազրույց-Ծովինար-Վարդանյանի-հետ/217852,https://www.youtube.com/embed/iosXlyLIPGE?autoplay=1&autohide=1,Հարցազրույց Ծովինար Վարդանյանի հետ,21:30,"09 Նմբ, 2023",9,Նմբ,2023,11,2023-11-09,ծովինար վարդանյան,iosXlyLIPGE,00:22:20,https://i.ytimg.com/vi/iosXlyLIPGE/hqdefault.jpg,18989
https://www.1tv.am/hy/video/Հարցազրույց-Յակոբ-Ճռնազեանի-հետ/217799,https://www.youtube.com/embed/Z-aMdYjmVC8?autoplay=1&autohide=1,Հարցազրույց Յակոբ Ճռնազեանի հետ,22:00,"08 Նմբ, 2023",8,Նմբ,2023,11,2023-11-08,յակոբ ճռնազեան,Z-aMdYjmVC8,00:22:40,https://i.ytimg.com/vi/Z-aMdYjmVC8/hqdefault.jpg,20445
https://www.1tv.am/hy/video/Հարցազրույց-Անդրանիկ-Քոչարյանի-հետ/217743,https://www.youtube.com/embed/mIBcvpip_RU?autoplay=1&autohide=1,Հարցազրույց Անդրանիկ Քոչարյանի հետ,21:45,"07 Նմբ, 2023",7,Նմբ,2023,11,2023-11-07,անդրանիկ քոչարյան,mIBcvpip_RU,00:25:36,https://i.ytimg.com/vi/mIBcvpip_RU/hqdefault.jpg,86731
https://www.1tv.am/hy/video/Հարցազրույց-Գեղամ-Նազարյանի-հետ/217724,https://www.youtube.com/embed/j_YeMAWqUrk?autoplay=1&autohide=1,Հարցազրույց Գեղամ Նազարյանի հետ,22:30,"06 Նմբ, 2023",6,Նմբ,2023,11,2023-11-06,գեղամ նազարյան,j_YeMAWqUrk,00:23:00,https://i.ytimg.com/vi/j_YeMAWqUrk/hqdefault.jpg,37942
https://www.1tv.am/hy/video/Հարցազրույց-Բաբկեն-Թունյանի-հետ/217659,https://www.youtube.com/embed/IJpxOiWRq30?autoplay=1&autohide=1,Հարցազրույց Բաբկեն Թունյանի հետ,21:30,"03 Նմբ, 2023",3,Նմբ,2023,11,2023-11-03,բաբկեն թունյան,IJpxOiWRq30,00:20:50,https://i.ytimg.com/vi/IJpxOiWRq30/hqdefault.jpg,18713
https://www.1tv.am/hy/video/Հարցազրույց-Գնել-Սանոսյանի-հետ/217574,https://www.youtube.com/embed/PQoTzVhXdoQ?autoplay=1&autohide=1,Հարցազրույց Գնել Սանոսյանի հետ,21:30,"01 Նմբ, 2023",1,Նմբ,2023,11,2023-11-01,գնել սանոսյան,PQoTzVhXdoQ,00:20:40,https://i.ytimg.com/vi/PQoTzVhXdoQ/hqdefault.jpg,22471
https://www.1tv.am/hy/video/Հարցազրույց-Արամ-Սարգսյանի-հետ/217442,https://www.youtube.com/embed/r8hIS2jSfnk?autoplay=1&autohide=1,Հարցազրույց Արամ Սարգսյանի հետ,21:30,"27 Հոկ, 2023",27,Հոկ,2023,10,2023-10-27,արամ սարգսյան,r8hIS2jSfnk,00:29:06,https://i.ytimg.com/vi/r8hIS2jSfnk/hqdefault.jpg,117957
https://www.1tv.am/hy/video/Հարցազրույց-Արուսյակ-Ջուլհակյանի-հետ/217362,https://www.youtube.com/embed/Z5ClJw5L9Zk?autoplay=1&autohide=1,Հարցազրույց Արուսյակ Ջուլհակյանի հետ,21:30,"26 Հոկ, 2023",26,Հոկ,2023,10,2023-10-26,արուսյակ ջուլհակյան,Z5ClJw5L9Zk,00:22:31,https://i.ytimg.com/vi/Z5ClJw5L9Zk/hqdefault.jpg,22152
https://www.1tv.am/hy/video/Հարցազրույց-Արծվիկ-Մինասյանի-հետ/217175,https://www.youtube.com/embed/xYMEpYij5NA?autoplay=1&autohide=1,Հարցազրույց Արծվիկ Մինասյանի հետ,21:30,"20 Հոկ, 2023",20,Հոկ,2023,10,2023-10-20,արծվիկ մինասյան,xYMEpYij5NA,00:34:45,https://i.ytimg.com/vi/xYMEpYij5NA/hqdefault.jpg,60701
https://www.1tv.am/hy/video/Հարցազրույց-Գեորգի-Դերլուգյանի-հետ/217191,https://www.youtube.com/embed/zlnIACkGoZ8?autoplay=1&autohide=1,Հարցազրույց Գեորգի Դերլուգյանի հետ,21:30,"20 Հոկ, 2023",20,Հոկ,2023,10,2023-10-20,գեորգ դերլուգյան,zlnIACkGoZ8,00:51:16,https://i.ytimg.com/vi/zlnIACkGoZ8/hqdefault.jpg,86140
https://www.1tv.am/hy/video/Հարցազրույց-Սմբատ-Հովհաննիսյանի-հետ/217123,https://www.youtube.com/embed/nV4Az4j2FiE?autoplay=1&autohide=1,Հարցազրույց Սմբատ Հովհաննիսյանի հետ,20:45,"19 Հոկ, 2023",19,Հոկ,2023,10,2023-10-19,սմբատ հովհաննիսյան,nV4Az4j2FiE,00:25:11,https://i.ytimg.com/vi/nV4Az4j2FiE/hqdefault.jpg,18085
https://www.1tv.am/hy/video/Հարցազրույց-Էդմոն-Մարուքյանի-հետ/217050,https://www.youtube.com/embed/D9Au17PkRTU?autoplay=1&autohide=1,Հարցազրույց Էդմոն Մարուքյանի հետ,21:45,"17 Հոկ, 2023",17,Հոկ,2023,10,2023-10-17,էդմոն մարուքյան,D9Au17PkRTU,00:21:41,https://i.ytimg.com/vi/D9Au17PkRTU/hqdefault.jpg,72526
https://www.1tv.am/hy/video/Հարցազրույց-Տիգրան-Ավինյանի-հետ/217016,https://www.youtube.com/embed/KAYCYM_l_BI?autoplay=1&autohide=1,Հարցազրույց Տիգրան Ավինյանի հետ,21:45,"16 Հոկ, 2023",16,Հոկ,2023,10,2023-10-16,տիգրան ավինյան,KAYCYM_l_BI,00:22:31,https://i.ytimg.com/vi/KAYCYM_l_BI/hqdefault.jpg,32406
https://www.1tv.am/hy/video/Հարցազրույց-Արտյոմ-Չերնամորյանի-հետ/216947,https://www.youtube.com/embed/KbmC4J2kmgY?autoplay=1&autohide=1,Հարցազրույց Արտյոմ Չերնամորյանի հետ,21:30,"14 Հոկ, 2023",14,Հոկ,2023,10,2023-10-14,արտյոմ չերնամորյան,KbmC4J2kmgY,00:25:11,https://i.ytimg.com/vi/KbmC4J2kmgY/hqdefault.jpg,24138
https://www.1tv.am/hy/video/Հարցազրույց-Արման-Բաբաջանյանի-հետ/216940,https://www.youtube.com/embed/Ewc3TishBQc?autoplay=1&autohide=1,Հարցազրույց Արման Բաբաջանյանի հետ,22:00,"13 Հոկ, 2023",13,Հոկ,2023,10,2023-10-13,արման բաբաջանյան,Ewc3TishBQc,00:21:48,https://i.ytimg.com/vi/Ewc3TishBQc/hqdefault.jpg,87890
https://www.1tv.am/hy/video/Հարցազրույց-Արտյոմ-Չերնամորյանի-հետ/216831,https://www.youtube.com/embed/KbmC4J2kmgY?autoplay=1&autohide=1,Հարցազրույց Արտյոմ Չերնամորյանի հետ,22:00,"12 Հոկ, 2023",12,Հոկ,2023,10,2023-10-12,արտյոմ չերնամորյան,KbmC4J2kmgY,00:25:11,https://i.ytimg.com/vi/KbmC4J2kmgY/hqdefault.jpg,24138
https://www.1tv.am/hy/video/Հարցազրույց-Հայկ-Խանումյանի-հետ/216792,https://www.youtube.com/embed/Qbidt0h61nE?autoplay=1&autohide=1,Հարցազրույց Հայկ Խանումյանի հետ,22:00,"11 Հոկ, 2023",11,Հոկ,2023,10,2023-10-11,հայկ խանումյան,Qbidt0h61nE,00:29:10,https://i.ytimg.com/vi/Qbidt0h61nE/hqdefault.jpg,67753
https://www.1tv.am/hy/video/Հարցազրույց-Նիկոլ-Փաշինյանի-հետ/216743,https://www.youtube.com/embed/zpP_OWDmc2o?autoplay=1&autohide=1,Հարցազրույց Նիկոլ Փաշինյանի հետ,22:00,"10 Հոկ, 2023",10,Հոկ,2023,10,2023-10-10,նիկոլ փաշինյան,zpP_OWDmc2o,01:21:50,https://i.ytimg.com/vi/zpP_OWDmc2o/hqdefault.jpg,126717
https://www.1tv.am/hy/video/Հարցազրույց-Կարո-Փայլանի-հետ/216682,https://www.youtube.com/embed/RQaxvWBcKtI?autoplay=1&autohide=1,Հարցազրույց Կարո Փայլանի հետ,22:05,"09 Հոկ, 2023",9,Հոկ,2023,10,2023-10-09,կարո փայլան,RQaxvWBcKtI,00:22:35,https://i.ytimg.com/vi/RQaxvWBcKtI/hqdefault.jpg,31481
https://www.1tv.am/hy/video/Հարցազրույց-Եղիշե-Կիրակոսյանի-հետ/216501,https://www.youtube.com/embed/KNwfH5i4w4Q?autoplay=1&autohide=1,Հարցազրույց Եղիշե Կիրակոսյանի հետ,21:45,"02 Հոկ, 2023",2,Հոկ,2023,10,2023-10-02,եղիշե կիրակոսյան,KNwfH5i4w4Q,00:23:56,https://i.ytimg.com/vi/KNwfH5i4w4Q/hqdefault.jpg,53588
https://www.1tv.am/hy/video/Հարցազրույց-Վլադիմիր-Վարդանյանի-հետ/216465,https://www.youtube.com/embed/ipLdUia8fjQ?autoplay=1&autohide=1,Հարցազրույց Վլադիմիր Վարդանյանի հետ,21:45,"29 Սեպ, 2023",29,Սեպ,2023,9,2023-09-29,վլադիմիր վարդանյան,ipLdUia8fjQ,00:23:21,https://i.ytimg.com/vi/ipLdUia8fjQ/hqdefault.jpg,77971
https://www.1tv.am/hy/video/Հարցազրույց-Տիգրան-Խաչատրյանի-հետ/216431,https://www.youtube.com/embed/UBuWbGA3wE0?autoplay=1&autohide=1,Հարցազրույց Տիգրան Խաչատրյանի հետ,21:30,"28 Սեպ, 2023",28,Սեպ,2023,9,2023-09-28,տիգրան խաչատրյան,UBuWbGA3wE0,00:25:36,https://i.ytimg.com/vi/UBuWbGA3wE0/hqdefault.jpg,55178
https://www.1tv.am/hy/video/Հարցազրույց-Հակոբ-Արշակյանի-հետ/216424,https://www.youtube.com/embed/VV92ToWFB1w?autoplay=1&autohide=1,Հարցազրույց Հակոբ Արշակյանի հետ,21:45,"27 Սեպ, 2023",27,Սեպ,2023,9,2023-09-27,հակոբ արշակյան,VV92ToWFB1w,00:25:36,https://i.ytimg.com/vi/VV92ToWFB1w/hqdefault.jpg,65754
https://www.1tv.am/hy/video/Հարցազրույց-Սամվել-Բաբայանի-հետ/216417,https://www.youtube.com/embed/Pf2r6gW7i7g?autoplay=1&autohide=1,Հարցազրույց Սամվել Բաբայանի հետ,21:45,"26 Սեպ, 2023",26,Սեպ,2023,9,2023-09-26,սամվել բաբայան,Pf2r6gW7i7g,00:33:36,https://i.ytimg.com/vi/Pf2r6gW7i7g/hqdefault.jpg,383166
https://www.1tv.am/hy/video/Հարցազրույց-Տիգրան-Հակոբյանի-հետ/216389,https://www.youtube.com/embed/aq1ywehldVo?autoplay=1&autohide=1,Հարցազրույց Տիգրան Հակոբյանի հետ,22:15,"25 Սեպ, 2023",25,Սեպ,2023,9,2023-09-25,տիգրան հակոբյան,aq1ywehldVo,00:28:30,https://i.ytimg.com/vi/aq1ywehldVo/hqdefault.jpg,43366
https://www.1tv.am/hy/video/Հարցազրույց-Նարեկ-Մկրտչյանի-հետ/216381,https://www.youtube.com/embed/zfK9SF3be-M?autoplay=1&autohide=1,Հարցազրույց Նարեկ Մկրտչյանի հետ,21:30,"25 Սեպ, 2023",25,Սեպ,2023,9,2023-09-25,նարեկ մկրտչյան,zfK9SF3be-M,00:18:56,https://i.ytimg.com/vi/zfK9SF3be-M/hqdefault.jpg,19493
https://www.1tv.am/hy/video/Հարցազրույց-Ռուբեն-Ռուբինյանի-հետ/216405,https://www.youtube.com/embed/1EhMECBu8sU?autoplay=1&autohide=1,Հարցազրույց Ռուբեն Ռուբինյանի հետ,18:25,"25 Սեպ, 2023",25,Սեպ,2023,9,2023-09-25,ռուբեն ռուբինյան,1EhMECBu8sU,00:27:32,https://i.ytimg.com/vi/1EhMECBu8sU/hqdefault.jpg,125460
https://www.1tv.am/hy/video/Հարցազրույց-Ալեն-Սիմոնյանի-հետ/216319,https://www.youtube.com/embed/xH_nsLaV9Ow?autoplay=1&autohide=1,Հարցազրույց Ալեն Սիմոնյանի հետ,14:50,"24 Սեպ, 2023",24,Սեպ,2023,9,2023-09-24,ալեն սիմոնյան,xH_nsLaV9Ow,00:32:40,https://i.ytimg.com/vi/xH_nsLaV9Ow/hqdefault.jpg,179990
https://www.1tv.am/hy/video/Հարցազրույց-Շիլա-Փայլանի-հետ/216346,https://www.youtube.com/embed/UJLPptWYBKk?autoplay=1&autohide=1,Հարցազրույց Շիլա Փայլանի հետ,19:30,"23 Սեպ, 2023",23,Սեպ,2023,9,2023-09-23,շիլա փայլան,UJLPptWYBKk,00:22:40,https://i.ytimg.com/vi/UJLPptWYBKk/hqdefault.jpg,39620
https://www.1tv.am/hy/video/Հարցազրույց-Արթուր-Հովհաննիսյանի-հետ/216352,https://www.youtube.com/embed/-d5LPVoOOJQ?autoplay=1&autohide=1,Հարցազրույց Արթուր Հովհաննիսյանի հետ,21:45,"22 Սեպ, 2023",22,Սեպ,2023,9,2023-09-22,արթուր հովհաննիսյան,-d5LPVoOOJQ,00:23:56,https://i.ytimg.com/vi/-d5LPVoOOJQ/hqdefault.jpg,63101
https://www.1tv.am/hy/video/Հարցազրույց-Լուսինե-Հակոբյանի-հետ/216356,https://www.youtube.com/embed/GKfeXE788Bk?autoplay=1&autohide=1,Հարցազրույց Լուսինե Հակոբյանի հետ,20:30,"22 Սեպ, 2023",22,Սեպ,2023,9,2023-09-22,լուսինե հակոբյան,GKfeXE788Bk,00:22:01,https://i.ytimg.com/vi/GKfeXE788Bk/hqdefault.jpg,30207
https://www.1tv.am/hy/video/Հարցազրույց-Հրանուշ-Խառատյանի-հետ/216360,https://www.youtube.com/embed/7bEgsO00uVM?autoplay=1&autohide=1,Հարցազրույց Հրանուշ Խառատյանի հետ,14:30,"22 Սեպ, 2023",22,Սեպ,2023,9,2023-09-22,հրանուշ խառատյան,7bEgsO00uVM,00:21:10,https://i.ytimg.com/vi/7bEgsO00uVM/hqdefault.jpg,15701
https://www.1tv.am/hy/video/Հարցազրույց-Հայկ-Սուքիասյանի-հետ/216290,https://www.youtube.com/embed/0q_1ePeiMzs?autoplay=1&autohide=1,Հարցազրույց Հայկ Սուքիասյանի հետ,12:50,"21 Սեպ, 2023",21,Սեպ,2023,9,2023-09-21,հայկ սուքիասյան,0q_1ePeiMzs,00:24:30,https://i.ytimg.com/vi/0q_1ePeiMzs/hqdefault.jpg,52851
https://www.1tv.am/hy/video/Հարցազրույց-Նժդեհ-Հովսեփյանի-հետ/216278,https://www.youtube.com/embed/o5BvtWFOj-8?autoplay=1&autohide=1,Հարցազրույց Նժդեհ Հովսեփյանի հետ,11:50,"21 Սեպ, 2023",21,Սեպ,2023,9,2023-09-21,նժդեհ հովսեփյան,o5BvtWFOj-8,00:20:46,https://i.ytimg.com/vi/o5BvtWFOj-8/hqdefault.jpg,20044
https://www.1tv.am/hy/video/Հարցազրույց-Արտակ-Զեյնալյանի-հետ/216276,https://www.youtube.com/embed/xmXh5L04Ucg?autoplay=1&autohide=1,Հարցազրույց Արտակ Զեյնալյանի հետ,11:45,"21 Սեպ, 2023",21,Սեպ,2023,9,2023-09-21,արտակ զեյնալյան,xmXh5L04Ucg,00:19:35,https://i.ytimg.com/vi/xmXh5L04Ucg/hqdefault.jpg,56346
https://www.1tv.am/hy/video/Հարցազրույց-Գուրգեն-Արսենյանի-հետ/216270,https://www.youtube.com/embed/zhu9Xa0HrJc?autoplay=1&autohide=1,Հարցազրույց Գուրգեն Արսենյանի հետ,11:40,"21 Սեպ, 2023",21,Սեպ,2023,9,2023-09-21,գուրգեն արսենյան,zhu9Xa0HrJc,00:24:45,https://i.ytimg.com/vi/zhu9Xa0HrJc/hqdefault.jpg,35193
https://www.1tv.am/hy/video/Հարցազրույց-Արմեն-Գրիգորյանի-հետ/216265,https://www.youtube.com/embed/YpQ-SU_RhRQ?autoplay=1&autohide=1,Հարցազրույց Արմեն Գրիգորյանի հետ,11:30,"21 Սեպ, 2023",21,Սեպ,2023,9,2023-09-21,արմեն գրիգորյան,YpQ-SU_RhRQ,00:22:05,https://i.ytimg.com/vi/YpQ-SU_RhRQ/hqdefault.jpg,75990
https://www.1tv.am/hy/video/Հարցազրույց-Թաթուլ-Հակոբյանի-հետ/216314,https://www.youtube.com/embed/kT1HV7SQHE4?autoplay=1&autohide=1,Հարցազրույց Թաթուլ Հակոբյանի հետ,19:00,"20 Սեպ, 2023",20,Սեպ,2023,9,2023-09-20,թաթուլ հակոբյան,kT1HV7SQHE4,00:27:10,https://i.ytimg.com/vi/kT1HV7SQHE4/hqdefault.jpg,46123
https://www.1tv.am/hy/video/Հարցազրույց-Գևորգ-Պապոյանի-հետ/216306,https://www.youtube.com/embed/V0h2WuMGk5k?autoplay=1&autohide=1,Հարցազրույց Գևորգ Պապոյանի հետ,14:55,"20 Սեպ, 2023",20,Սեպ,2023,9,2023-09-20,գևորգ պապոյան,V0h2WuMGk5k,00:25:46,https://i.ytimg.com/vi/V0h2WuMGk5k/hqdefault.jpg,35483
https://www.1tv.am/hy/video/Հարցազրույց-Անդրանիկ-Քոչարյանի-հետ/216303,https://www.youtube.com/embed/5lvMdcxZWlI?autoplay=1&autohide=1,Հարցազրույց Անդրանիկ Քոչարյանի հետ,13:55,"20 Սեպ, 2023",20,Սեպ,2023,9,2023-09-20,անդրանիկ քոչարյան,5lvMdcxZWlI,00:24:05,https://i.ytimg.com/vi/5lvMdcxZWlI/hqdefault.jpg,130725
https://www.1tv.am/hy/video/Հարցազրույց-Ռուբեն-Մեհրաբյանի-և-Սամվել-Մարտիրոսյանի-հետ/216262,https://www.youtube.com/embed/oaiOd6zAUXw?autoplay=1&autohide=1,Հարցազրույց Ռուբեն Մեհրաբյանի և Սամվել Մարտիրոսյանի հետ,12:00,"20 Սեպ, 2023",20,Սեպ,2023,9,2023-09-20,ռուբեն մեհրաբյան և սամվել մարտիրոսյան,oaiOd6zAUXw,00:22:46,https://i.ytimg.com/vi/oaiOd6zAUXw/hqdefault.jpg,22925
https://www.1tv.am/hy/video/Հարցազրույց-Արեգ-Քոչինյանի-և-Հրաչյա-Արզումանյանի-հետ/216259,https://www.youtube.com/embed/Wo8A5eWWKPQ?autoplay=1&autohide=1,Հարցազրույց Արեգ Քոչինյանի և Հրաչյա Արզումանյանի հետ,11:45,"20 Սեպ, 2023",20,Սեպ,2023,9,2023-09-20,արեգ քոչինյան և հրաչյա արզումանյան,Wo8A5eWWKPQ,00:22:55,https://i.ytimg.com/vi/Wo8A5eWWKPQ/hqdefault.jpg,26777
https://www.1tv.am/hy/video/Հարցազրույց-Հայկ-Մանասյանի-և-Գայանե-Աբրահամյանի-հետ/216250,https://www.youtube.com/embed/_IJPoj1zSSU?autoplay=1&autohide=1,Հարցազրույց Հայկ Մանասյանի և Գայանե Աբրահամյանի հետ,11:00,"20 Սեպ, 2023",20,Սեպ,2023,9,2023-09-20,հայկ մանասյան և գայանե աբրահամյան,_IJPoj1zSSU,00:22:31,https://i.ytimg.com/vi/_IJPoj1zSSU/hqdefault.jpg,36375
https://www.1tv.am/hy/video/Հարցազրույց-Հայկ-Կոնջորյանի-հետ/216245,https://www.youtube.com/embed/4726Etg2d4w?autoplay=1&autohide=1,Հարցազրույց Հայկ Կոնջորյանի հետ,10:30,"20 Սեպ, 2023",20,Սեպ,2023,9,2023-09-20,հայկ կոնջորյան,4726Etg2d4w,00:20:41,https://i.ytimg.com/vi/4726Etg2d4w/hqdefault.jpg,36732
https://www.1tv.am/hy/video/Հարցազրույց-Հակոբ-Բադալյանի-և-Ստյոպա-Սաֆարյան-հետ/216241,https://www.youtube.com/embed/QQwnUWYmfBc?autoplay=1&autohide=1,Հարցազրույց Հակոբ Բադալյանի և Ստյոպա Սաֆարյան հետ,20:30,"19 Սեպ, 2023",19,Սեպ,2023,9,2023-09-19,հակոբ բադալյան և ստյոպա սաֆարյան,QQwnUWYmfBc,00:14:15,https://i.ytimg.com/vi/QQwnUWYmfBc/hqdefault.jpg,24063
https://www.1tv.am/hy/video/Հարցազրույց-Արամ-Սարգսյանի-հետ/216243,https://www.youtube.com/embed/1Q6mE3x3eQY?autoplay=1&autohide=1,Հարցազրույց Արամ Սարգսյանի հետ,20:20,"19 Սեպ, 2023",19,Սեպ,2023,9,2023-09-19,արամ սարգսյան,1Q6mE3x3eQY,00:34:26,https://i.ytimg.com/vi/1Q6mE3x3eQY/hqdefault.jpg,185246
https://www.1tv.am/hy/video/Հարցազրույց-Արթուր-Խաչիկյանի-հետ/216235,https://www.youtube.com/embed/3W0I74yf1Do?autoplay=1&autohide=1,Հարցազրույց Արթուր Խաչիկյանի հետ,20:00,"19 Սեպ, 2023",19,Սեպ,2023,9,2023-09-19,արթուր խաչիկյան,3W0I74yf1Do,00:10:50,https://i.ytimg.com/vi/3W0I74yf1Do/hqdefault.jpg,17493
https://www.1tv.am/hy/video/Հարցազրույց-Արմեն-Գրիգորյանի-հետ/216225,https://www.youtube.com/embed/zEZUT4Xq8GE?autoplay=1&autohide=1,Հարցազրույց Արմեն Գրիգորյանի հետ,19:15,"19 Սեպ, 2023",19,Սեպ,2023,9,2023-09-19,արմեն գրիգորյան,zEZUT4Xq8GE,00:19:20,https://i.ytimg.com/vi/zEZUT4Xq8GE/hqdefault.jpg,67214
https://www.1tv.am/hy/video/Հարցազրույց-Ստեփան-Դանիելյանի-հետ/216231,https://www.youtube.com/embed/_oikBKh7yr8?autoplay=1&autohide=1,Հարցազրույց Ստեփան Դանիելյանի հետ,19:00,"19 Սեպ, 2023",19,Սեպ,2023,9,2023-09-19,ստեփան դանիելյան,_oikBKh7yr8,00:11:26,https://i.ytimg.com/vi/_oikBKh7yr8/hqdefault.jpg,19630
https://www.1tv.am/hy/video/Հարցազրույց-Էդմոն-Մարուքյանի-հետ/216223,https://www.youtube.com/embed/P2kjwnScroo?autoplay=1&autohide=1,Հարցազրույց Էդմոն Մարուքյանի հետ,18:00,"19 Սեպ, 2023",19,Սեպ,2023,9,2023-09-19,էդմոն մարուքյան,P2kjwnScroo,00:17:30,https://i.ytimg.com/vi/P2kjwnScroo/hqdefault.jpg,58531
https://www.1tv.am/hy/video/Հարցազրույց-Արեգ-Քոչինյանի-հետ/216206,https://www.youtube.com/embed/aOikxYTmNaU?autoplay=1&autohide=1,Հարցազրույց Արեգ Քոչինյանի հետ,21:30,"18 Սեպ, 2023",18,Սեպ,2023,9,2023-09-18,արեգ քոչինյան,aOikxYTmNaU,00:20:25,https://i.ytimg.com/vi/aOikxYTmNaU/hqdefault.jpg,49794
https://www.1tv.am/hy/video/Հարցազրույց-Տիգրան-Ավինյանի-հետ/216143,https://www.youtube.com/embed/zJNNhucOIv8?autoplay=1&autohide=1,Հարցազրույց Տիգրան Ավինյանի հետ,21:45,"15 Սեպ, 2023",15,Սեպ,2023,9,2023-09-15,տիգրան ավինյան,zJNNhucOIv8,00:26:21,https://i.ytimg.com/vi/zJNNhucOIv8/hqdefault.jpg,25486
https://www.1tv.am/hy/video/Հարցազրույց-Երվանդ-Թարվերդյանի-հետ/216118,https://www.youtube.com/embed/SEEH44Vyns8?autoplay=1&autohide=1,Հարցազրույց Երվանդ Թարվերդյանի հետ,21:45,"13 Սեպ, 2023",13,Սեպ,2023,9,2023-09-13,երվանդ թարվերդյան,SEEH44Vyns8,00:21:25,https://i.ytimg.com/vi/SEEH44Vyns8/hqdefault.jpg,10359
https://www.1tv.am/hy/video/Հարցազրույց-Նիկոլ-Փաշինյանի-հետ/216095,https://www.youtube.com/embed/aPMdJfoJA3Y?autoplay=1&autohide=1,Հարցազրույց Նիկոլ Փաշինյանի հետ,21:50,"11 Սեպ, 2023",11,Սեպ,2023,9,2023-09-11,նիկոլ փաշինյան,aPMdJfoJA3Y,00:59:53,https://i.ytimg.com/vi/aPMdJfoJA3Y/hqdefault.jpg,103395
https://www.1tv.am/hy/video/Հարցազրույց-Անդրանիկ-Թևանյանի-հետ/216043,https://www.youtube.com/embed/L3JC4G6hywk?autoplay=1&autohide=1,Հարցազրույց Անդրանիկ Թևանյանի հետ,22:00,"08 Սեպ, 2023",8,Սեպ,2023,9,2023-09-08,անդրանիկ թևանյան,L3JC4G6hywk,00:27:51,https://i.ytimg.com/vi/L3JC4G6hywk/hqdefault.jpg,30007
https://www.1tv.am/hy/video/Հարցազրույց-Դավիթ-Խաժակյանի-հետ/216025,https://www.youtube.com/embed/QPrAsWmEqh4?autoplay=1&autohide=1,Հարցազրույց Դավիթ Խաժակյանի հետ,21:45,"07 Սեպ, 2023",7,Սեպ,2023,9,2023-09-07,դավիթ խաժակյան,QPrAsWmEqh4,00:25:01,https://i.ytimg.com/vi/QPrAsWmEqh4/hqdefault.jpg,16247
https://www.1tv.am/hy/video/Հարցազրույց-Վիկտոր-Մնացականյանի-հետ/216015,https://www.youtube.com/embed/32xRdlmbZp0?autoplay=1&autohide=1,Հարցազրույց Վիկտոր Մնացականյանի հետ,21:50,"06 Սեպ, 2023",6,Սեպ,2023,9,2023-09-06,վիկտոր մնացականյան,32xRdlmbZp0,00:24:16,https://i.ytimg.com/vi/32xRdlmbZp0/hqdefault.jpg,17372
https://www.1tv.am/hy/video/Հարցազրույց-Ռուբեն-Ռուբինյանի-հետ/216004,https://www.youtube.com/embed/X-Cb7ORhdXg?autoplay=1&autohide=1,Հարցազրույց Ռուբեն Ռուբինյանի հետ,21:45,"05 Սեպ, 2023",5,Սեպ,2023,9,2023-09-05,ռուբեն ռուբինյան,X-Cb7ORhdXg,00:24:25,https://i.ytimg.com/vi/X-Cb7ORhdXg/hqdefault.jpg,57433
https://www.1tv.am/hy/video/Հարցազրույց-Ռուբեն-Ռուբինյանի-հետ/215989,https://www.youtube.com/embed/X-Cb7ORhdXg?autoplay=1&autohide=1,Հարցազրույց Ռուբեն Ռուբինյանի հետ,21:50,"04 Սեպ, 2023",4,Սեպ,2023,9,2023-09-04,ռուբեն ռուբինյան,X-Cb7ORhdXg,00:24:25,https://i.ytimg.com/vi/X-Cb7ORhdXg/hqdefault.jpg,57433
https://www.1tv.am/hy/video/Հարցազրույց-Ալեն-Սիմոնյանի-հետ/215981,https://www.youtube.com/embed/tOX9_rq0Ad4?autoplay=1&autohide=1,Հարցազրույց Ալեն Սիմոնյանի հետ,22:00,"02 Սեպ, 2023",2,Սեպ,2023,9,2023-09-02,ալեն սիմոնյան,tOX9_rq0Ad4,00:23:55,https://i.ytimg.com/vi/tOX9_rq0Ad4/hqdefault.jpg,97517
https://www.1tv.am/hy/video/Հարցազրույց-Ժաննա-Անդրեասյանի-հետ/215897,https://www.youtube.com/embed/pqhnfPm_CA4?autoplay=1&autohide=1,Հարցազրույց Ժաննա Անդրեասյանի հետ,21:45,"31 Օգս, 2023",31,Օգս,2023,8,2023-08-31,ժաննա անդրեասյան,pqhnfPm_CA4,00:20:05,https://i.ytimg.com/vi/pqhnfPm_CA4/hqdefault.jpg,4391
https://www.1tv.am/hy/video/Հարցազրույց-Տիգրան-Խզմալյանի-հետ/215891,https://www.youtube.com/embed/PHuC3JshkUI?autoplay=1&autohide=1,Հարցազրույց Տիգրան Խզմալյանի հետ,21:45,"30 Օգս, 2023",30,Օգս,2023,8,2023-08-30,տիգրան խզմալյան,PHuC3JshkUI,00:24:36,https://i.ytimg.com/vi/PHuC3JshkUI/hqdefault.jpg,9812
https://www.1tv.am/hy/video/Հարցազրույց-Նորիկ-Նորիկյանի-հետ/215859,https://www.youtube.com/embed/K3dnzq9Kqbw?autoplay=1&autohide=1,Հարցազրույց Նորիկ Նորիկյանի հետ,22:00,"29 Օգս, 2023",29,Օգս,2023,8,2023-08-29,նորիկ նորիկյան,K3dnzq9Kqbw,00:24:45,https://i.ytimg.com/vi/K3dnzq9Kqbw/hqdefault.jpg,21559
https://www.1tv.am/hy/video/Հարցազրույց-Վահան-Ավագյանի-հետ/215836,https://www.youtube.com/embed/WtoxoJZIEVI?autoplay=1&autohide=1,Հարցազրույց Վահան Ավագյանի հետ,21:30,"28 Օգս, 2023",28,Օգս,2023,8,2023-08-28,վահան ավագյան,WtoxoJZIEVI,00:20:50,https://i.ytimg.com/vi/WtoxoJZIEVI/hqdefault.jpg,13614
https://www.1tv.am/hy/video/Հարցազրույց-Արտակ-Զեյնալյանի-հետ/215811,https://www.youtube.com/embed/KBTmaUtB9ho?autoplay=1&autohide=1,Հարցազրույց Արտակ Զեյնալյանի հետ,21:50,"25 Օգս, 2023",25,Օգս,2023,8,2023-08-25,արտակ զեյնալյան,KBTmaUtB9ho,00:23:40,https://i.ytimg.com/vi/KBTmaUtB9ho/hqdefault.jpg,15721
https://www.1tv.am/hy/video/Հարցազրույց-Արման-Ղուկասյանի-հետ/215790,https://www.youtube.com/embed/zYqqVh9Bn-Q?autoplay=1&autohide=1,Հարցազրույց Արման Ղուկասյանի հետ,21:30,"24 Օգս, 2023",24,Օգս,2023,8,2023-08-24,արման ղուկասյան,zYqqVh9Bn-Q,00:20:46,https://i.ytimg.com/vi/zYqqVh9Bn-Q/hqdefault.jpg,11387
https://www.1tv.am/hy/video/Հարցազրույց-Նատալյա-Արզաքանցյանի-հետ/215768,https://www.youtube.com/embed/EiLZwptHOMY?autoplay=1&autohide=1,Հարցազրույց Նատալյա Արզաքանցյանի հետ,21:30,"23 Օգս, 2023",23,Օգս,2023,8,2023-08-23,նատալյա արզաքանցյան,EiLZwptHOMY,00:23:36,https://i.ytimg.com/vi/EiLZwptHOMY/hqdefault.jpg,12269
https://www.1tv.am/hy/video/Հարցազրույց-Արման-Բաբաջանյանի-հետ/215763,https://www.youtube.com/embed/oQF3-awXn4g?autoplay=1&autohide=1,Հարցազրույց Արման Բաբաջանյանի հետ,21:45,"22 Օգս, 2023",22,Օգս,2023,8,2023-08-22,արման բաբաջանյան,oQF3-awXn4g,00:25:25,https://i.ytimg.com/vi/oQF3-awXn4g/hqdefault.jpg,42844
https://www.1tv.am/hy/video/Հարցազրույց-Վահագն-Հովակիմյանի-հետ/215753,https://www.youtube.com/embed/OT6dXkO8a3s?autoplay=1&autohide=1,Հարցազրույց Վահագն Հովակիմյանի հետ,21:30,"21 Օգս, 2023",21,Օգս,2023,8,2023-08-21,վահագն հովակիմյան,OT6dXkO8a3s,00:24:55,https://i.ytimg.com/vi/OT6dXkO8a3s/hqdefault.jpg,11500
https://www.1tv.am/hy/video/Հարցազրույց-Երվանդ-Թարվերդյանի-հետ/215372,https://www.youtube.com/embed/pJrmLt9mWrk?autoplay=1&autohide=1,Հարցազրույց Երվանդ Թարվերդյանի հետ,21:45,"28 Հլս, 2023",28,Հլս,2023,7,2023-07-28,երվանդ թարվերդյան,pJrmLt9mWrk,00:20:35,https://i.ytimg.com/vi/pJrmLt9mWrk/hqdefault.jpg,23337
https://www.1tv.am/hy/video/Հարցազրույց-Արեգ-Քոչինյանի-հետ/215323,https://www.youtube.com/embed/F-_d4nHuBtc?autoplay=1&autohide=1,Հարցազրույց Արեգ Քոչինյանի հետ,21:45,"26 Հլս, 2023",26,Հլս,2023,7,2023-07-26,արեգ քոչինյան,F-_d4nHuBtc,00:20:09,https://i.ytimg.com/vi/F-_d4nHuBtc/hqdefault.jpg,31749
https://www.1tv.am/hy/video/Հարցազրույց-Արեգ-Քոչինյանի-հետ/215312,https://www.youtube.com/embed/F-_d4nHuBtc?autoplay=1&autohide=1,Հարցազրույց Արեգ Քոչինյանի հետ,21:45,"25 Հլս, 2023",25,Հլս,2023,7,2023-07-25,արեգ քոչինյան,F-_d4nHuBtc,00:20:09,https://i.ytimg.com/vi/F-_d4nHuBtc/hqdefault.jpg,31749
https://www.1tv.am/hy/video/Հարցազրույց-Վահան-Քերոբյանի-հետ/215289,https://www.youtube.com/embed/tgNJLVNRIE0?autoplay=1&autohide=1,Հարցազրույց Վահան Քերոբյանի հետ,21:45,"24 Հլս, 2023",24,Հլս,2023,7,2023-07-24,վահան քերոբյան,tgNJLVNRIE0,00:22:35,https://i.ytimg.com/vi/tgNJLVNRIE0/hqdefault.jpg,12907
https://www.1tv.am/hy/video/Հարցազրույց-Գուրգեն-Ներսիսյանի-հետ/215130,https://www.youtube.com/embed/c_Op0X6U8kI?autoplay=1&autohide=1,Հարցազրույց Գուրգեն Ներսիսյանի հետ,21:40,"20 Հլս, 2023",20,Հլս,2023,7,2023-07-20,գուրգեն ներսիսյան,c_Op0X6U8kI,00:23:10,https://i.ytimg.com/vi/c_Op0X6U8kI/hqdefault.jpg,15201
https://www.1tv.am/hy/video/Հարցազրույց-Լիլիթ-Գալստյանի-հետ/215113,https://www.youtube.com/embed/Y7lmC7iW8Vo?autoplay=1&autohide=1,Հարցազրույց Լիլիթ Գալստյանի հետ,22:00,"19 Հլս, 2023",19,Հլս,2023,7,2023-07-19,լիլիթ գալստյան,Y7lmC7iW8Vo,00:30:36,https://i.ytimg.com/vi/Y7lmC7iW8Vo/hqdefault.jpg,21144
https://www.1tv.am/hy/video/Հարցազրույց-Արա-Խզմալյանի-հետ/215077,https://www.youtube.com/embed/sXtC3tiqHDs?autoplay=1&autohide=1,Հարցազրույց Արա Խզմալյանի հետ,21:45,"18 Հլս, 2023",18,Հլս,2023,7,2023-07-18,արա խզմալյան,sXtC3tiqHDs,00:21:10,https://i.ytimg.com/vi/sXtC3tiqHDs/hqdefault.jpg,10048
https://www.1tv.am/hy/video/Հարցազրույց-Արթուր-Հովհաննիսյանի-հետ/215036,https://www.youtube.com/embed/kWT9lN7FPSU?autoplay=1&autohide=1,Հարցազրույց Արթուր Հովհաննիսյանի հետ,22:05,"17 Հլս, 2023",17,Հլս,2023,7,2023-07-17,արթուր հովհաննիսյան,kWT9lN7FPSU,00:25:21,https://i.ytimg.com/vi/kWT9lN7FPSU/hqdefault.jpg,20616
https://www.1tv.am/hy/video/Հարցազրույց-Հայկ-Մամիջանյանի-հետ/214987,https://www.youtube.com/embed/gN67D28SQHA?autoplay=1&autohide=1,Հարցազրույց Հայկ Մամիջանյանի հետ,21:50,"14 Հլս, 2023",14,Հլս,2023,7,2023-07-14,հայկ մամիջանյան,gN67D28SQHA,00:23:26,https://i.ytimg.com/vi/gN67D28SQHA/hqdefault.jpg,30066
https://www.1tv.am/hy/video/Հարցազրույց-Վահագն-Ալեքսանյանի-հետ/214932,https://www.youtube.com/embed/hBYLeYuF1UY?autoplay=1&autohide=1,Հարցազրույց Վահագն Ալեքսանյանի հետ,21:55,"12 Հլս, 2023",12,Հլս,2023,7,2023-07-12,վահագն ալեքսանյան,hBYLeYuF1UY,00:19:25,https://i.ytimg.com/vi/hBYLeYuF1UY/hqdefault.jpg,27273
https://www.1tv.am/hy/video/Հարցազրույց-Արամ-Սարգսյանի-հետ/214902,https://www.youtube.com/embed/pd5ruDYi9fg?autoplay=1&autohide=1,Հարցազրույց Արամ Սարգսյանի հետ,21:45,"11 Հլս, 2023",11,Հլս,2023,7,2023-07-11,արամ սարգսյան,pd5ruDYi9fg,00:25:04,https://i.ytimg.com/vi/pd5ruDYi9fg/hqdefault.jpg,72403
https://www.1tv.am/hy/video/Հարցազրույց-Կարեն-Ավետիսյանի-հետ/214857,https://www.youtube.com/embed/SAEs1YeveyQ?autoplay=1&autohide=1,Հարցազրույց Կարեն Ավետիսյանի հետ,21:45,"10 Հլս, 2023",10,Հլս,2023,7,2023-07-10,կարեն ավետիսյան,SAEs1YeveyQ,00:22:55,https://i.ytimg.com/vi/SAEs1YeveyQ/hqdefault.jpg,5002
https://www.1tv.am/hy/video/Հարցազրույց-Լուսինե-Հակոբյանի-հետ/214805,https://www.youtube.com/embed/ZDpyyHhTG4w?autoplay=1&autohide=1,Հարցազրույց Լուսինե Հակոբյանի հետ,21:50,"07 Հլս, 2023",7,Հլս,2023,7,2023-07-07,լուսինե հակոբյան,ZDpyyHhTG4w,00:20:11,https://i.ytimg.com/vi/ZDpyyHhTG4w/hqdefault.jpg,15243
https://www.1tv.am/hy/video/Հարցազրույց-Գևորգ-Պապոյանի-հետ/214732,https://www.youtube.com/embed/uIt1lV3ULNE?autoplay=1&autohide=1,Հարցազրույց Գևորգ Պապոյանի հետ,21:45,"06 Հլս, 2023",6,Հլս,2023,7,2023-07-06,գևորգ պապոյան,uIt1lV3ULNE,00:20:11,https://i.ytimg.com/vi/uIt1lV3ULNE/hqdefault.jpg,21426
https://www.1tv.am/hy/video/Հարցազրույց-Գուրգեն-Ներսիսյանի-հետ/214678,https://www.youtube.com/embed/XYSraudme14?autoplay=1&autohide=1,Հարցազրույց Գուրգեն Ներսիսյանի հետ,22:00,"05 Հլս, 2023",5,Հլս,2023,7,2023-07-05,գուրգեն ներսիսյան,XYSraudme14,00:20:46,https://i.ytimg.com/vi/XYSraudme14/hqdefault.jpg,13153
https://www.1tv.am/hy/video/Հարցազրույց-Արամ-Օրբելյանի-հետ/214688,https://www.youtube.com/embed/r39pWaO31I4?autoplay=1&autohide=1,Հարցազրույց Արամ Օրբելյանի հետ,22:00,"04 Հլս, 2023",4,Հլս,2023,7,2023-07-04,արամ օրբելյան,r39pWaO31I4,00:24:21,https://i.ytimg.com/vi/r39pWaO31I4/hqdefault.jpg,23543
https://www.1tv.am/hy/video/Հարցազրույց-Քրիստինա-Քվինի-հետ/214617,https://www.youtube.com/embed/zMg8VDPACj0?autoplay=1&autohide=1,Հարցազրույց Քրիստինա Քվինի հետ,22:00,"03 Հլս, 2023",3,Հլս,2023,7,2023-07-03,քրիստինա քվին,zMg8VDPACj0,00:23:56,https://i.ytimg.com/vi/zMg8VDPACj0/hqdefault.jpg,44743
https://www.1tv.am/hy/video/Հարցազրույց-Ռուբեն-Ռուբինյանի-հետ/214552,https://www.youtube.com/embed/_WJU_imUYcI?autoplay=1&autohide=1,Հարցազրույց Ռուբեն Ռուբինյանի հետ,22:00,"30 Հնս, 2023",30,Հնս,2023,6,2023-06-30,ռուբեն ռուբինյան,_WJU_imUYcI,00:23:05,https://i.ytimg.com/vi/_WJU_imUYcI/hqdefault.jpg,44132
https://www.1tv.am/hy/video/Հարցազրույց-Վահե-Հովհաննիսյանի-հետ/214486,https://www.youtube.com/embed/Da7bjgu7MXA?autoplay=1&autohide=1,Հարցազրույց Վահե Հովհաննիսյանի հետ,22:00,"29 Հնս, 2023",29,Հնս,2023,6,2023-06-29,վահե հովհաննիսյան,Da7bjgu7MXA,00:21:30,https://i.ytimg.com/vi/Da7bjgu7MXA/hqdefault.jpg,6881
https://www.1tv.am/hy/video/Հարցազրույց-Վահան-Քերոբյանի-հետ/214443,https://www.youtube.com/embed/a-4vGFQo4d4?autoplay=1&autohide=1,Հարցազրույց Վահան Քերոբյանի հետ,21:45,"28 Հնս, 2023",28,Հնս,2023,6,2023-06-28,վահան քերոբյան,a-4vGFQo4d4,00:21:40,https://i.ytimg.com/vi/a-4vGFQo4d4/hqdefault.jpg,5955
https://www.1tv.am/hy/video/Հարցազրույց-Արծրուն-Հովհաննիսյանի-հետ/214412,https://www.youtube.com/embed/SZzTpNAKZBo?autoplay=1&autohide=1,Հարցազրույց Արծրուն Հովհաննիսյանի հետ,21:55,"27 Հնս, 2023",27,Հնս,2023,6,2023-06-27,արծրուն հովհաննիսյան,SZzTpNAKZBo,00:26:01,https://i.ytimg.com/vi/SZzTpNAKZBo/hqdefault.jpg,55459
https://www.1tv.am/hy/video/Հարցազրույց-Արուսյակ-Ջուլհակյանի-հետ/214352,https://www.youtube.com/embed/04Tl5_yzL68?autoplay=1&autohide=1,Հարցազրույց Արուսյակ Ջուլհակյանի հետ,21:45,"26 Հնս, 2023",26,Հնս,2023,6,2023-06-26,արուսյակ ջուլհակյան,04Tl5_yzL68,00:20:16,https://i.ytimg.com/vi/04Tl5_yzL68/hqdefault.jpg,10826
https://www.1tv.am/hy/video/Հարցազրույց-Ստեփան-Գրիգորյանի-հետ/214291,https://www.youtube.com/embed/LFUiksbJXKU?autoplay=1&autohide=1,Հարցազրույց Ստեփան Գրիգորյանի հետ,21:15,"23 Հնս, 2023",23,Հնս,2023,6,2023-06-23,ստեփան գրիգորյան,LFUiksbJXKU,00:22:31,https://i.ytimg.com/vi/LFUiksbJXKU/hqdefault.jpg,47692
https://www.1tv.am/hy/video/Հարցազրույց-Հայկ-Եսայանի-հետ/214191,https://www.youtube.com/embed/c3voA2pJiDM?autoplay=1&autohide=1,Հարցազրույց Հայկ Եսայանի հետ,21:30,"22 Հնս, 2023",22,Հնս,2023,6,2023-06-22,հայկ եսայան,c3voA2pJiDM,00:19:01,https://i.ytimg.com/vi/c3voA2pJiDM/hqdefault.jpg,7157
https://www.1tv.am/hy/video/Հարցազրույց-Անդրանիկ-Քոչարյանի-հետ/214152,https://www.youtube.com/embed/sAJeOcnAdXs?autoplay=1&autohide=1,Հարցազրույց Անդրանիկ Քոչարյանի հետ,21:45,"21 Հնս, 2023",21,Հնս,2023,6,2023-06-21,անդրանիկ քոչարյան,sAJeOcnAdXs,00:26:25,https://i.ytimg.com/vi/sAJeOcnAdXs/hqdefault.jpg,42305
https://www.1tv.am/hy/video/Հարցազրույց-Քրիստինե-Վարդանյանի-հետ/214106,https://www.youtube.com/embed/ipOKQfOvydg?autoplay=1&autohide=1,Հարցազրույց Քրիստինե Վարդանյանի հետ,21:30,"20 Հնս, 2023",20,Հնս,2023,6,2023-06-20,քրիստինե վարդանյան,ipOKQfOvydg,00:24:31,https://i.ytimg.com/vi/ipOKQfOvydg/hqdefault.jpg,18163
https://www.1tv.am/hy/video/Հարցազրույց-Գրիգոր-Մինասյանի-հետ/214054,https://www.youtube.com/embed/IcIQY0i-rAo?autoplay=1&autohide=1,Հարցազրույց Գրիգոր Մինասյանի հետ,21:35,"19 Հնս, 2023",19,Հնս,2023,6,2023-06-19,գրիգոր մինասյան,IcIQY0i-rAo,00:22:01,https://i.ytimg.com/vi/IcIQY0i-rAo/hqdefault.jpg,14828
https://www.1tv.am/hy/video/Հարցազրույց-Վահագն-Ալեքսանյանի-հետ/213967,https://www.youtube.com/embed/alPc71Dr0JU?autoplay=1&autohide=1,Հարցազրույց Վահագն Ալեքսանյանի հետ,21:35,"16 Հնս, 2023",16,Հնս,2023,6,2023-06-16,վահագն ալեքսանյան,alPc71Dr0JU,00:22:40,https://i.ytimg.com/vi/alPc71Dr0JU/hqdefault.jpg,40833
https://www.1tv.am/hy/video/Հարցազրույց-Վահան-Կոստանյանի-հետ/213903,https://www.youtube.com/embed/CbzV0WtUKd8?autoplay=1&autohide=1,Հարցազրույց Վահան Կոստանյանի հետ,21:30,"15 Հնս, 2023",15,Հնս,2023,6,2023-06-15,վահան կոստանյան,CbzV0WtUKd8,00:18:56,https://i.ytimg.com/vi/CbzV0WtUKd8/hqdefault.jpg,9674
https://www.1tv.am/hy/video/Հարցազրույց-Օլեսյա-Վարդանյանի-հետ/213470,https://www.youtube.com/embed/FaUYIBAGeVo?autoplay=1&autohide=1,Հարցազրույց Օլեսյա Վարդանյանի հետ,21:30,"07 Հնս, 2023",7,Հնս,2023,6,2023-06-07,օլեսյա վարդանյան,FaUYIBAGeVo,00:23:11,https://i.ytimg.com/vi/FaUYIBAGeVo/hqdefault.jpg,9268
https://www.1tv.am/hy/video/Հարցազրույց-Օլեսյա-Վարդանյանի-հետ/213437,https://www.youtube.com/embed/FaUYIBAGeVo?autoplay=1&autohide=1,Հարցազրույց Օլեսյա Վարդանյանի հետ,21:30,"06 Հնս, 2023",6,Հնս,2023,6,2023-06-06,օլեսյա վարդանյան,FaUYIBAGeVo,00:23:11,https://i.ytimg.com/vi/FaUYIBAGeVo/hqdefault.jpg,9268
https://www.1tv.am/hy/video/Հարցազրույց-Վիգեն-Խաչատրյանի-հետ/213390,https://www.youtube.com/embed/YYXKTnsHTCA?autoplay=1&autohide=1,Հարցազրույց Վիգեն Խաչատրյանի հետ,21:45,"05 Հնս, 2023",5,Հնս,2023,6,2023-06-05,վիգեն խաչատրյան,YYXKTnsHTCA,00:24:58,https://i.ytimg.com/vi/YYXKTnsHTCA/hqdefault.jpg,37929
https://www.1tv.am/hy/video/Հարցազրույց-Էբրահիմ-Մոթաղիի-հետ/213342,https://www.youtube.com/embed/EoJGl61qwfk?autoplay=1&autohide=1,Հարցազրույց Էբրահիմ Մոթաղիի հետ,21:30,"02 Հնս, 2023",2,Հնս,2023,6,2023-06-02,էբրահիմ մոթաղի,EoJGl61qwfk,00:19:35,https://i.ytimg.com/vi/EoJGl61qwfk/hqdefault.jpg,17907
https://www.1tv.am/hy/video/Հարցազրույց-գերաշնորհ-Տեր-Բագրատ-եպիսկոպոս-Գալստանյանի-հետ/213217,https://www.youtube.com/embed/6AYsj8zvxos?autoplay=1&autohide=1,Հարցազրույց գերաշնորհ Տեր Բագրատ եպիսկոպոս Գալստանյանի հետ,21:45,"01 Հնս, 2023",1,Հնս,2023,6,2023-06-01,գերաշնորհ տեր բագրատ եպիսկոպոս գալստանյան,6AYsj8zvxos,00:26:01,https://i.ytimg.com/vi/6AYsj8zvxos/hqdefault.jpg,121964
https://www.1tv.am/hy/video/Հարցազրույց-Գեորգի-Դերլուգյանի-հետ/213129,https://www.youtube.com/embed/zRJDZQ7vnFM?autoplay=1&autohide=1,Հարցազրույց Գեորգի Դերլուգյանի հետ,21:35,"31 Մայ, 2023",31,Մայ,2023,5,2023-05-31,գեորգ դերլուգյան,zRJDZQ7vnFM,00:22:55,https://i.ytimg.com/vi/zRJDZQ7vnFM/hqdefault.jpg,23146
https://www.1tv.am/hy/video/Հարցազրույց-Կարո-Փայլանի-հետ/213081,https://www.youtube.com/embed/bVoHFM-fl60?autoplay=1&autohide=1,Հարցազրույց Կարո Փայլանի հետ,21:45,"30 Մայ, 2023",30,Մայ,2023,5,2023-05-30,կարո փայլան,bVoHFM-fl60,00:17:46,https://i.ytimg.com/vi/bVoHFM-fl60/hqdefault.jpg,12731
https://www.1tv.am/hy/video/Հարցազրույց-Տիմոֆեյ-Բորդաչևի-հետ/213033,https://www.youtube.com/embed/qpd361yV3RY?autoplay=1&autohide=1,Հարցազրույց Տիմոֆեյ Բորդաչևի հետ,21:55,"29 Մայ, 2023",29,Մայ,2023,5,2023-05-29,տիմոֆեյ բորդաչև,qpd361yV3RY,00:21:43,https://i.ytimg.com/vi/qpd361yV3RY/hqdefault.jpg,17717
https://www.1tv.am/hy/video/Հարցազրույց-Տիգրան-Հակոբյանի-հետ/212920,https://www.youtube.com/embed/BjcQx-Jnces?autoplay=1&autohide=1,Հարցազրույց Տիգրան Հակոբյանի հետ,21:40,"26 Մայ, 2023",26,Մայ,2023,5,2023-05-26,տիգրան հակոբյան,BjcQx-Jnces,00:22:10,https://i.ytimg.com/vi/BjcQx-Jnces/hqdefault.jpg,18773
https://www.1tv.am/hy/video/Հարցազրույց-Հայկ-Կոնջորյանի-հետ/212862,https://www.youtube.com/embed/yU3RErUHEl0?autoplay=1&autohide=1,Հարցազրույց Հայկ Կոնջորյանի հետ,21:55,"25 Մայ, 2023",25,Մայ,2023,5,2023-05-25,հայկ կոնջորյան,yU3RErUHEl0,00:21:35,https://i.ytimg.com/vi/yU3RErUHEl0/hqdefault.jpg,39321
https://www.1tv.am/hy/video/Հարցազրույց-Անահիտ-Մանասյանի-հետ/212789,https://www.youtube.com/embed/ItAJlNDjlys?autoplay=1&autohide=1,Հարցազրույց Անահիտ Մանասյանի հետ,21:20,"24 Մայ, 2023",24,Մայ,2023,5,2023-05-24,անահիտ մանասյան,ItAJlNDjlys,00:20:10,https://i.ytimg.com/vi/ItAJlNDjlys/hqdefault.jpg,6392
https://www.1tv.am/hy/video/Հարցազրույց-Արթուր-Խաչիկյանի-հետ/212710,https://www.youtube.com/embed/XtZEnEwP_L8?autoplay=1&autohide=1,Հարցազրույց Արթուր Խաչիկյանի հետ,21:45,"23 Մայ, 2023",23,Մայ,2023,5,2023-05-23,արթուր խաչիկյան,XtZEnEwP_L8,00:26:16,https://i.ytimg.com/vi/XtZEnEwP_L8/hqdefault.jpg,46935
https://www.1tv.am/hy/video/Հարցազրույց-Տարոն-Չախոյանի-հետ/212661,https://www.youtube.com/embed/YMngDqblBI0?autoplay=1&autohide=1,Հարցազրույց Տարոն Չախոյանի հետ,22:15,"22 Մայ, 2023",22,Մայ,2023,5,2023-05-22,տարոն չախոյան,YMngDqblBI0,00:23:41,https://i.ytimg.com/vi/YMngDqblBI0/hqdefault.jpg,24579
https://www.1tv.am/hy/video/Հարցազրույց-Վահան-Քերոբյանի-հետ/212555,https://www.youtube.com/embed/Pc4Rr-xLKR4?autoplay=1&autohide=1,Հարցազրույց Վահան Քերոբյանի հետ,21:35,"19 Մայ, 2023",19,Մայ,2023,5,2023-05-19,վահան քերոբյան,Pc4Rr-xLKR4,00:22:26,https://i.ytimg.com/vi/Pc4Rr-xLKR4/hqdefault.jpg,17052
https://www.1tv.am/hy/video/Հարցազրույց-Ռուբեն-Բաբայանի-հետ/212458,https://www.youtube.com/embed/7qbmiVbamRU?autoplay=1&autohide=1,Հարցազրույց Ռուբեն Բաբայանի հետ,21:50,"18 Մայ, 2023",18,Մայ,2023,5,2023-05-18,ռուբեն բաբայան,7qbmiVbamRU,00:20:16,https://i.ytimg.com/vi/7qbmiVbamRU/hqdefault.jpg,12998
https://www.1tv.am/hy/video/Հարցազրույց-Վահագն-Հովակիմյանի-հետ/212444,https://www.youtube.com/embed/Zho7kNdjpkE?autoplay=1&autohide=1,Հարցազրույց Վահագն Հովակիմյանի հետ,21:45,"17 Մայ, 2023",17,Մայ,2023,5,2023-05-17,վահագն հովակիմյան,Zho7kNdjpkE,00:19:40,https://i.ytimg.com/vi/Zho7kNdjpkE/hqdefault.jpg,11722
https://www.1tv.am/hy/video/Հարցազրույց-Անուշ-Հովհաննիսյանի-հետ/212351,https://www.youtube.com/embed/ixb7j2VR4uw?autoplay=1&autohide=1,Հարցազրույց Անուշ Հովհաննիսյանի հետ,21:55,"16 Մայ, 2023",16,Մայ,2023,5,2023-05-16,անուշ հովհաննիսյան,ixb7j2VR4uw,00:20:30,https://i.ytimg.com/vi/ixb7j2VR4uw/hqdefault.jpg,11929
https://www.1tv.am/hy/video/Հարցազրույց-Սոսի-Թաթիկյանի-հետ/212295,https://www.youtube.com/embed/JG2addUsNvw?autoplay=1&autohide=1,Հարցազրույց Սոսի Թաթիկյանի հետ,21:55,"15 Մայ, 2023",15,Մայ,2023,5,2023-05-15,սոս թաթիկյան,JG2addUsNvw,00:25:51,https://i.ytimg.com/vi/JG2addUsNvw/hqdefault.jpg,22343
https://www.1tv.am/hy/video/Հարցազրույց-Արա-Գոչունյանի-հետ/212248,https://www.youtube.com/embed/vxa6qAF7HG4?autoplay=1&autohide=1,Հարցազրույց Արա Գոչունյանի հետ,21:55,"12 Մայ, 2023",12,Մայ,2023,5,2023-05-12,արա գոչունյան,vxa6qAF7HG4,00:20:05,https://i.ytimg.com/vi/vxa6qAF7HG4/hqdefault.jpg,15295
https://www.1tv.am/hy/video/Հարցազրույց-Ժիրայր-Լիպարիտյանի-հետ/212098,https://www.youtube.com/embed/UmDfjsc4aA4?autoplay=1&autohide=1,Հարցազրույց Ժիրայր Լիպարիտյանի հետ,21:40,"11 Մայ, 2023",11,Մայ,2023,5,2023-05-11,ժիրայր լիպարիտյան,UmDfjsc4aA4,00:30:06,https://i.ytimg.com/vi/UmDfjsc4aA4/hqdefault.jpg,44640
https://www.1tv.am/hy/video/Հարցազրույց-Գևորգ-Պապոյանի-հետ/212039,https://www.youtube.com/embed/GJS4DHFoyv8?autoplay=1&autohide=1,Հարցազրույց Գևորգ Պապոյանի հետ,21:45,"10 Մայ, 2023",10,Մայ,2023,5,2023-05-10,գևորգ պապոյան,GJS4DHFoyv8,00:20:46,https://i.ytimg.com/vi/GJS4DHFoyv8/hqdefault.jpg,12643
https://www.1tv.am/hy/video/Հարցազրույց-Արամ-Սարգսյանի-հետ/211992,https://www.youtube.com/embed/waSwbx2hqDg?autoplay=1&autohide=1,Հարցազրույց Արամ Սարգսյանի հետ,21:30,"09 Մայ, 2023",9,Մայ,2023,5,2023-05-09,արամ սարգսյան,waSwbx2hqDg,00:22:45,https://i.ytimg.com/vi/waSwbx2hqDg/hqdefault.jpg,63286
https://www.1tv.am/hy/video/Հարցազրույց-Արեգ-Քոչինյանի-հետ/211999,https://www.youtube.com/embed/REVO2T4m2vo?autoplay=1&autohide=1,Հարցազրույց Արեգ Քոչինյանի հետ,21:40,"08 Մայ, 2023",8,Մայ,2023,5,2023-05-08,արեգ քոչինյան,REVO2T4m2vo,00:20:00,https://i.ytimg.com/vi/REVO2T4m2vo/hqdefault.jpg,24268
https://www.1tv.am/hy/video/Հարցազրույց-Աննա-Վարդապետյանի-հետ/211899,https://www.youtube.com/embed/SSfUipTGTIk?autoplay=1&autohide=1,Հարցազրույց Աննա Վարդապետյանի հետ,21:15,"05 Մայ, 2023",5,Մայ,2023,5,2023-05-05,աննա վարդապետյան,SSfUipTGTIk,00:25:25,https://i.ytimg.com/vi/SSfUipTGTIk/hqdefault.jpg,31449
https://www.1tv.am/hy/video/Հարցազրույց-Արմեն-Նուրբեկյանի-հետ/211822,https://www.youtube.com/embed/QZ-bflbvIUY?autoplay=1&autohide=1,Հարցազրույց Արմեն Նուրբեկյանի հետ,21:50,"04 Մայ, 2023",4,Մայ,2023,5,2023-05-04,արմեն նուրբեկյան,QZ-bflbvIUY,00:25:51,https://i.ytimg.com/vi/QZ-bflbvIUY/hqdefault.jpg,10819
https://www.1tv.am/hy/video/Հարցազրույց-Գեղամ-Նազարյանի-հետ/211770,https://www.youtube.com/embed/i7_Q5WZu01M?autoplay=1&autohide=1,Հարցազրույց Գեղամ Նազարյանի հետ,21:50,"03 Մայ, 2023",3,Մայ,2023,5,2023-05-03,գեղամ նազարյան,i7_Q5WZu01M,00:19:50,https://i.ytimg.com/vi/i7_Q5WZu01M/hqdefault.jpg,18196
https://www.1tv.am/hy/video/Հարցազրույց-Հակոբ-Բադալյանի-հետ/211715,https://www.youtube.com/embed/XEtdpv1Dfkk?autoplay=1&autohide=1,Հարցազրույց Հակոբ Բադալյանի հետ,21:30,"02 Մայ, 2023",2,Մայ,2023,5,2023-05-02,հակոբ բադալյան,XEtdpv1Dfkk,00:25:16,https://i.ytimg.com/vi/XEtdpv1Dfkk/hqdefault.jpg,23024
https://www.1tv.am/hy/video/Հարցազրույց-Սոնա-Ղազարյանի-հետ/211546,https://www.youtube.com/embed/QqQxyS9WNMc?autoplay=1&autohide=1,Հարցազրույց Սոնա Ղազարյանի հետ,22:00,"01 Մայ, 2023",1,Մայ,2023,5,2023-05-01,սոնա ղազարյան,QqQxyS9WNMc,00:20:00,https://i.ytimg.com/vi/QqQxyS9WNMc/hqdefault.jpg,15128
https://www.1tv.am/hy/video/Հարցազրույց-Տիգրան-Պետրոսյանի-հետ/211544,https://www.youtube.com/embed/dchrIjSESfc?autoplay=1&autohide=1,Հարցազրույց Տիգրան Պետրոսյանի հետ,20:00,"30 Ապր, 2023",30,Ապր,2023,4,2023-04-30,տիգրան պետրոսյան,dchrIjSESfc,00:19:50,https://i.ytimg.com/vi/dchrIjSESfc/hqdefault.jpg,30624
https://www.1tv.am/hy/video/Հարցազրույց-Գայանե-Աբրահամյանի-հետ/211452,https://www.youtube.com/embed/EoX4apbEzQo?autoplay=1&autohide=1,Հարցազրույց Գայանե Աբրահամյանի հետ,21:50,"27 Ապր, 2023",27,Ապր,2023,4,2023-04-27,գայանե աբրահամյան,EoX4apbEzQo,00:23:30,https://i.ytimg.com/vi/EoX4apbEzQo/hqdefault.jpg,18294
https://www.1tv.am/hy/video/Հարցազրույց-Արմեն-Գրիգորյանի-հետ/211392,https://www.youtube.com/embed/3ywMbxuJw6w?autoplay=1&autohide=1,Հարցազրույց Արմեն Գրիգորյանի հետ,21:30,"26 Ապր, 2023",26,Ապր,2023,4,2023-04-26,արմեն գրիգորյան,3ywMbxuJw6w,00:22:05,https://i.ytimg.com/vi/3ywMbxuJw6w/hqdefault.jpg,46446
https://www.1tv.am/hy/video/Հարցազրույց-Սերգեյ-Ղազարյանի-հետ/211344,https://www.youtube.com/embed/WduglhYQ8U4?autoplay=1&autohide=1,Հարցազրույց Սերգեյ Ղազարյանի հետ,21:50,"25 Ապր, 2023",25,Ապր,2023,4,2023-04-25,սերգեյ ղազարյան,WduglhYQ8U4,00:19:16,https://i.ytimg.com/vi/WduglhYQ8U4/hqdefault.jpg,15094
https://www.1tv.am/hy/video/Հարցազրույց-Սիբիլի-հետ/211286,https://www.youtube.com/embed/0FnVpwLTufg?autoplay=1&autohide=1,Հարցազրույց Սիբիլի հետ,21:50,"23 Ապր, 2023",23,Ապր,2023,4,2023-04-23,սիբիլ,0FnVpwLTufg,00:20:55,https://i.ytimg.com/vi/0FnVpwLTufg/hqdefault.jpg,21473
https://www.1tv.am/hy/video/Հարցազրույց-Արթուր-Երոյանի-հետ/211279,https://www.youtube.com/embed/WoIiFWAALL4?autoplay=1&autohide=1,Հարցազրույց Արթուր Երոյանի հետ,20:30,"22 Ապր, 2023",22,Ապր,2023,4,2023-04-22,արթուր երոյան,WoIiFWAALL4,00:22:20,https://i.ytimg.com/vi/WoIiFWAALL4/hqdefault.jpg,19939
https://www.1tv.am/hy/video/Հարցազրույց-Սամվել-Բաբայանի-հետ/211176,https://www.youtube.com/embed/r8-2OU83sjQ?autoplay=1&autohide=1,Հարցազրույց Սամվել Բաբայանի հետ,22:00,"19 Ապր, 2023",19,Ապր,2023,4,2023-04-19,սամվել բաբայան,r8-2OU83sjQ,00:18:05,https://i.ytimg.com/vi/r8-2OU83sjQ/hqdefault.jpg,85013
https://www.1tv.am/hy/video/Հարցազրույց-Ռուստամ-Բադասյանի-հետ/211126,https://www.youtube.com/embed/2omd1PTLsaU?autoplay=1&autohide=1,Հարցազրույց Ռուստամ Բադասյանի հետ,21:30,"18 Ապր, 2023",18,Ապր,2023,4,2023-04-18,ռուստամ բադասյան,2omd1PTLsaU,00:20:20,https://i.ytimg.com/vi/2omd1PTLsaU/hqdefault.jpg,11341
https://www.1tv.am/hy/video/Հարցազրույց-Տիգրան-Ավինյանի-հետ/211092,https://www.youtube.com/embed/5dhF_UQR3CM?autoplay=1&autohide=1,Հարցազրույց Տիգրան Ավինյանի հետ,21:00,"17 Ապր, 2023",17,Ապր,2023,4,2023-04-17,տիգրան ավինյան,5dhF_UQR3CM,00:25:50,https://i.ytimg.com/vi/5dhF_UQR3CM/hqdefault.jpg,23477
https://www.1tv.am/hy/video/Հարցազրույց-Ռոբերտ-Ղուկասյանի-հետ/211044,https://www.youtube.com/embed/NTWhrzSnNPU?autoplay=1&autohide=1,Հարցազրույց Ռոբերտ Ղուկասյանի հետ,21:30,"14 Ապր, 2023",14,Ապր,2023,4,2023-04-14,ռոբերտ ղուկասյան,NTWhrzSnNPU,00:17:30,https://i.ytimg.com/vi/NTWhrzSnNPU/hqdefault.jpg,17232
https://www.1tv.am/hy/video/Հարցազրույց-Արայիկ-Հարությունյանի-հետ/210917,https://www.youtube.com/embed/DcBqMhPQO5o?autoplay=1&autohide=1,Հարցազրույց Արայիկ Հարությունյանի հետ,21:30,"13 Ապր, 2023",13,Ապր,2023,4,2023-04-13,արայիկ հարությունյան,DcBqMhPQO5o,00:18:55,https://i.ytimg.com/vi/DcBqMhPQO5o/hqdefault.jpg,12789
https://www.1tv.am/hy/video/Հարցազրույց-Անդրանիկ-Քոչարյանի-հետ/210859,https://www.youtube.com/embed/GDHeDuN6d6U?autoplay=1&autohide=1,Հարցազրույց Անդրանիկ Քոչարյանի հետ,21:30,"12 Ապր, 2023",12,Ապր,2023,4,2023-04-12,անդրանիկ քոչարյան,GDHeDuN6d6U,00:27:01,https://i.ytimg.com/vi/GDHeDuN6d6U/hqdefault.jpg,43027
https://www.1tv.am/hy/video/Հարցազրույց-Սերգեյ-Մարկեդոնովի-հետ/210682,https://www.youtube.com/embed/tLysCyHcBSY?autoplay=1&autohide=1,Հարցազրույց Սերգեյ Մարկեդոնովի հետ,22:10,"07 Ապր, 2023",7,Ապր,2023,4,2023-04-07,սերգեյ մարկեդոնով,tLysCyHcBSY,00:28:06,https://i.ytimg.com/vi/tLysCyHcBSY/hqdefault.jpg,37190
https://www.1tv.am/hy/video/Հարցազրույց-Արծրուն-Հովհաննիսյանի-հետ/210624,https://www.youtube.com/embed/oixfLG9urTs?autoplay=1&autohide=1,Հարցազրույց Արծրուն Հովհաննիսյանի հետ,22:10,"06 Ապր, 2023",6,Ապր,2023,4,2023-04-06,արծրուն հովհաննիսյան,oixfLG9urTs,00:25:16,https://i.ytimg.com/vi/oixfLG9urTs/hqdefault.jpg,62914
https://www.1tv.am/hy/video/Հարցազրույց-Գուրգեն-Ներսիսյանի-հետ/210579,https://www.youtube.com/embed/-ECQevRBnBw?autoplay=1&autohide=1,Հարցազրույց Գուրգեն Ներսիսյանի հետ,22:10,"05 Ապր, 2023",5,Ապր,2023,4,2023-04-05,գուրգեն ներսիսյան,-ECQevRBnBw,00:26:55,https://i.ytimg.com/vi/-ECQevRBnBw/hqdefault.jpg,16274
https://www.1tv.am/hy/video/Հարցազրույց-Անդրանիկ-Քոչարյանի-հետ/210533,https://www.youtube.com/embed/usgivjkvzds?autoplay=1&autohide=1,Հարցազրույց Անդրանիկ Քոչարյանի հետ,22:10,"04 Ապր, 2023",4,Ապր,2023,4,2023-04-04,անդրանիկ քոչարյան,usgivjkvzds,00:26:10,https://i.ytimg.com/vi/usgivjkvzds/hqdefault.jpg,42574
https://www.1tv.am/hy/video/Հարցազրույց-Վլադիմիր-Վարդանյանի-հետ/210469,https://www.youtube.com/embed/DRQjTzvLHKM?autoplay=1&autohide=1,Հարցազրույց Վլադիմիր Վարդանյանի հետ,22:10,"03 Ապր, 2023",3,Ապր,2023,4,2023-04-03,վլադիմիր վարդանյան,DRQjTzvLHKM,00:23:36,https://i.ytimg.com/vi/DRQjTzvLHKM/hqdefault.jpg,38434
https://www.1tv.am/hy/video/Հարցազրույց-Անահիտ-Մանասյանի-հետ/210325,https://www.youtube.com/embed/hS0IVMrU_bE?autoplay=1&autohide=1,Հարցազրույց Անահիտ Մանասյանի հետ,21:30,"30 Մար, 2023",30,Մար,2023,3,2023-03-30,անահիտ մանասյան,hS0IVMrU_bE,00:22:10,https://i.ytimg.com/vi/hS0IVMrU_bE/hqdefault.jpg,22159
https://www.1tv.am/hy/video/Հարցազրույց-Էդգար-Ղազարյանի-հետ/210253,https://www.youtube.com/embed/tlhy_v6tBZQ?autoplay=1&autohide=1,Հարցազրույց Էդգար Ղազարյանի հետ,21:25,"29 Մար, 2023",29,Մար,2023,3,2023-03-29,էդգար ղազարյան,tlhy_v6tBZQ,00:24:06,https://i.ytimg.com/vi/tlhy_v6tBZQ/hqdefault.jpg,80539
https://www.1tv.am/hy/video/Հարցազրույց-Թաթուլ-Հակոբյանի-հետ/210203,https://www.youtube.com/embed/NncuFJJlZhk?autoplay=1&autohide=1,Հարցազրույց Թաթուլ Հակոբյանի հետ,21:50,"28 Մար, 2023",28,Մար,2023,3,2023-03-28,թաթուլ հակոբյան,NncuFJJlZhk,00:23:36,https://i.ytimg.com/vi/NncuFJJlZhk/hqdefault.jpg,27616
https://www.1tv.am/hy/video/Հարցազրույց-Դավիթ-Սանասարյանի-հետ/210164,https://www.youtube.com/embed/j_bd5FRQDv8?autoplay=1&autohide=1,Հարցազրույց Դավիթ Սանասարյանի հետ,21:30,"27 Մար, 2023",27,Մար,2023,3,2023-03-27,դավիթ սանասարյան,j_bd5FRQDv8,00:24:41,https://i.ytimg.com/vi/j_bd5FRQDv8/hqdefault.jpg,29452
https://www.1tv.am/hy/video/Հարցազրույց-Արմեն-Մելիքբեկյանի-հետ/210115,https://www.youtube.com/embed/C-cxtmt6ZJE?autoplay=1&autohide=1,Հարցազրույց Արմեն Մելիքբեկյանի հետ,21:30,"24 Մար, 2023",24,Մար,2023,3,2023-03-24,արմեն մելիքբեկյան,C-cxtmt6ZJE,00:20:05,https://i.ytimg.com/vi/C-cxtmt6ZJE/hqdefault.jpg,17566
https://www.1tv.am/hy/video/Հարցազրույց-Գեղամ-Նազարյանի-հետ/210050,https://www.youtube.com/embed/tnXx61vbUyk?autoplay=1&autohide=1,Հարցազրույց Գեղամ Նազարյանի հետ,21:20,"23 Մար, 2023",23,Մար,2023,3,2023-03-23,գեղամ նազարյան,tnXx61vbUyk,00:21:26,https://i.ytimg.com/vi/tnXx61vbUyk/hqdefault.jpg,18093
https://www.1tv.am/hy/video/Հարցազրույց-Հայկ-Կոնջորյանի-հետ/209912,https://www.youtube.com/embed/_foTMwQU59g?autoplay=1&autohide=1,Հարցազրույց Հայկ Կոնջորյանի հետ,22:25,"22 Մար, 2023",22,Մար,2023,3,2023-03-22,հայկ կոնջորյան,_foTMwQU59g,00:26:21,https://i.ytimg.com/vi/_foTMwQU59g/hqdefault.jpg,24777
https://www.1tv.am/hy/video/Հարցազրույց-Արմեն-Ղազարյանի-հետ/209871,https://www.youtube.com/embed/XocuETdzBc8?autoplay=1&autohide=1,Հարցազրույց Արմեն Ղազարյանի հետ,22:00,"21 Մար, 2023",21,Մար,2023,3,2023-03-21,արմեն ղազարյան,XocuETdzBc8,00:21:31,https://i.ytimg.com/vi/XocuETdzBc8/hqdefault.jpg,7629
https://www.1tv.am/hy/video/Հարցազրույց-Հրանուշ-Խառատյանի-հետ/209853,https://www.youtube.com/embed/IrIiL99BodU?autoplay=1&autohide=1,Հարցազրույց Հրանուշ Խառատյանի հետ,21:30,"20 Մար, 2023",20,Մար,2023,3,2023-03-20,հրանուշ խառատյան,IrIiL99BodU,00:22:50,https://i.ytimg.com/vi/IrIiL99BodU/hqdefault.jpg,11167
https://www.1tv.am/hy/video/Հարցազրույց-Տիգրան-Գրիգորյանի-հետ/209783,https://www.youtube.com/embed/FWhJffrfrPc?autoplay=1&autohide=1,Հարցազրույց Տիգրան Գրիգորյանի հետ,21:45,"17 Մար, 2023",17,Մար,2023,3,2023-03-17,տիգրան գրիգորյան,FWhJffrfrPc,00:21:00,https://i.ytimg.com/vi/FWhJffrfrPc/hqdefault.jpg,18182
https://www.1tv.am/hy/video/Հարցազրույց-Վահագն-Ալեքսանյանի-հետ/209767,https://www.youtube.com/embed/i2fUXEFD0ns?autoplay=1&autohide=1,Հարցազրույց Վահագն Ալեքսանյանի հետ,21:30,"16 Մար, 2023",16,Մար,2023,3,2023-03-16,վահագն ալեքսանյան,i2fUXEFD0ns,00:22:40,https://i.ytimg.com/vi/i2fUXEFD0ns/hqdefault.jpg,37035
https://www.1tv.am/hy/video/Հարցազրույց-Էդմոն-Մարուքյանի-հետ/209646,https://www.youtube.com/embed/zoiy09Wmp5w?autoplay=1&autohide=1,Հարցազրույց Էդմոն Մարուքյանի հետ,20:15,"14 Մար, 2023",14,Մար,2023,3,2023-03-14,էդմոն մարուքյան,zoiy09Wmp5w,00:25:45,https://i.ytimg.com/vi/zoiy09Wmp5w/hqdefault.jpg,37420
https://www.1tv.am/hy/video/Հարցազրույց-Գեղամ-Մանուկյանի-հետ/209638,https://www.youtube.com/embed/yBzvAwy-G6U?autoplay=1&autohide=1,Հարցազրույց Գեղամ Մանուկյանի հետ,21:20,"13 Մար, 2023",13,Մար,2023,3,2023-03-13,գեղամ մանուկյան,yBzvAwy-G6U,00:27:21,https://i.ytimg.com/vi/yBzvAwy-G6U/hqdefault.jpg,30924
https://www.1tv.am/hy/video/Հարցազրույց-Անդրանիկ-Շիրինյանի-հետ/209614,https://www.youtube.com/embed/FpGAl0pCbfg?autoplay=1&autohide=1,Հարցազրույց Անդրանիկ Շիրինյանի հետ,21:30,"10 Մար, 2023",10,Մար,2023,3,2023-03-10,անդրանիկ շիրինյան,FpGAl0pCbfg,00:20:16,https://i.ytimg.com/vi/FpGAl0pCbfg/hqdefault.jpg,14494
https://www.1tv.am/hy/video/Հարցազրույց-Տարոն-Չախոյանի-հետ/209582,https://www.youtube.com/embed/BpA_4QssU48?autoplay=1&autohide=1,Հարցազրույց Տարոն Չախոյանի հետ,21:15,"09 Մար, 2023",9,Մար,2023,3,2023-03-09,տարոն չախոյան,BpA_4QssU48,00:23:25,https://i.ytimg.com/vi/BpA_4QssU48/hqdefault.jpg,25906
https://www.1tv.am/hy/video/Հարցազրույց-Լևոն-Զուրաբյանի-հետ/209575,https://www.youtube.com/embed/eYbSicjJUZw?autoplay=1&autohide=1,Հարցազրույց Լևոն Զուրաբյանի հետ,21:30,"08 Մար, 2023",8,Մար,2023,3,2023-03-08,լևոն զուրաբյան,eYbSicjJUZw,00:24:26,https://i.ytimg.com/vi/eYbSicjJUZw/hqdefault.jpg,24089
https://www.1tv.am/hy/video/Հարցազրույց-Անահիտ-Ավանեսյանի-հետ/209566,https://www.youtube.com/embed/f2PCNhaw7yM?autoplay=1&autohide=1,Հարցազրույց Անահիտ Ավանեսյանի հետ,21:15,"08 Մար, 2023",8,Մար,2023,3,2023-03-08,անահիտ ավանեսյան,f2PCNhaw7yM,00:21:06,https://i.ytimg.com/vi/f2PCNhaw7yM/hqdefault.jpg,6338
https://www.1tv.am/hy/video/Հարցազրույց-Գուրգեն-Ներսիսյանի-հետ/209559,https://www.youtube.com/embed/dCEdHEd8Jyo?autoplay=1&autohide=1,Հարցազրույց Գուրգեն Ներսիսյանի հետ,21:15,"06 Մար, 2023",6,Մար,2023,3,2023-03-06,գուրգեն ներսիսյան,dCEdHEd8Jyo,00:24:05,https://i.ytimg.com/vi/dCEdHEd8Jyo/hqdefault.jpg,25349
https://www.1tv.am/hy/video/Հանրային-քննարկում-Հայաստան-Ադրբեջան-բանակցություններ-փոխլրացնող-թե՞-հակադրվող-ձևաչափեր/209519,https://www.youtube.com/embed/fu5_IKgp970?autoplay=1&autohide=1,"Հանրային քննարկում. Հայաստան-Ադրբեջան բանակցություններ. փոխլրացնող, թե՞ հակադրվող ձևաչափեր",22:00,"05 Մար, 2023",5,Մար,2023,3,2023-03-05,"հանրային քննարկում. հայաստան-ադրբեջան բանակցություններ. փոխլրացնող, թե՞ հակադրվող ձևաչափեր",fu5_IKgp970,00:46:21,https://i.ytimg.com/vi/fu5_IKgp970/hqdefault.jpg,52188
https://www.1tv.am/hy/video/Հարցազրույց-Էդուարդո-Վիլյեգաս-Մեխիասի-հետ/209520,https://www.youtube.com/embed/65R-Ds0g-ek?autoplay=1&autohide=1,Հարցազրույց Էդուարդո Վիլյեգաս Մեխիասի հետ,21:30,"03 Մար, 2023",3,Մար,2023,3,2023-03-03,էդուարդո վիլյեգաս մեխիաս,65R-Ds0g-ek,00:09:46,https://i.ytimg.com/vi/65R-Ds0g-ek/hqdefault.jpg,11518
https://www.1tv.am/hy/video/Հարցազրույց-Սերգեյ-Ղազարյանի-հետ/209464,https://www.youtube.com/embed/7dNltYHJMbM?autoplay=1&autohide=1,Հարցազրույց Սերգեյ Ղազարյանի հետ,21:45,"02 Մար, 2023",2,Մար,2023,3,2023-03-02,սերգեյ ղազարյան,7dNltYHJMbM,00:22:46,https://i.ytimg.com/vi/7dNltYHJMbM/hqdefault.jpg,21372
https://www.1tv.am/hy/video/Հարցազրույց-Հայկակ-Արշամյանի-հետ/209353,https://www.youtube.com/embed/BIDMDoypCTI?autoplay=1&autohide=1,Հարցազրույց Հայկակ Արշամյանի հետ,21:35,"01 Մար, 2023",1,Մար,2023,3,2023-03-01,հայկակ արշամյան,BIDMDoypCTI,00:19:09,https://i.ytimg.com/vi/BIDMDoypCTI/hqdefault.jpg,10922
https://www.1tv.am/hy/video/Հարցազրույց-Վահան-Քերոբյանի-հետ/209330,https://www.youtube.com/embed/b7MQ3ce6Hgw?autoplay=1&autohide=1,Հարցազրույց Վահան Քերոբյանի հետ,21:15,"28 Փտր, 2023",28,Փտր,2023,2,2023-02-28,վահան քերոբյան,b7MQ3ce6Hgw,00:22:40,https://i.ytimg.com/vi/b7MQ3ce6Hgw/hqdefault.jpg,16855
https://www.1tv.am/hy/video/Հարցազրույց-Սամվել-Բաբայանի-հետ/209304,https://www.youtube.com/embed/I48lpHIWEL0?autoplay=1&autohide=1,Հարցազրույց Սամվել Բաբայանի հետ,21:45,"27 Փտր, 2023",27,Փտր,2023,2,2023-02-27,սամվել բաբայան,I48lpHIWEL0,00:26:21,https://i.ytimg.com/vi/I48lpHIWEL0/hqdefault.jpg,130583
https://www.1tv.am/hy/video/Հարցազրույց-Եղիշե-Կիրակոսյանի-հետ/209270,https://www.youtube.com/embed/iO4hDQHgSgk?autoplay=1&autohide=1,Հարցազրույց Եղիշե Կիրակոսյանի հետ,20:30,"24 Փտր, 2023",24,Փտր,2023,2,2023-02-24,եղիշե կիրակոսյան,iO4hDQHgSgk,00:22:31,https://i.ytimg.com/vi/iO4hDQHgSgk/hqdefault.jpg,40580
https://www.1tv.am/hy/video/Հարցազրույց-Հայկ-Ալոյանի-հետ/209187,https://www.youtube.com/embed/i1hXb6RUWUM?autoplay=1&autohide=1,Հարցազրույց Հայկ Ալոյանի հետ,21:15,"22 Փտր, 2023",22,Փտր,2023,2,2023-02-22,հայկ ալոյան,i1hXb6RUWUM,00:22:25,https://i.ytimg.com/vi/i1hXb6RUWUM/hqdefault.jpg,17321
https://www.1tv.am/hy/video/Հարցազրույց-Հայկ-Կոնջորյանի-հետ/209180,https://www.youtube.com/embed/Lzq-NHRAEtA?autoplay=1&autohide=1,Հարցազրույց Հայկ Կոնջորյանի հետ,21:15,"21 Փտր, 2023",21,Փտր,2023,2,2023-02-21,հայկ կոնջորյան,Lzq-NHRAEtA,00:25:55,https://i.ytimg.com/vi/Lzq-NHRAEtA/hqdefault.jpg,28756
https://www.1tv.am/hy/video/Հարցազրույց-Սոսի-Թաթիկյանի-հետ/209143,https://www.youtube.com/embed/td0-fdPLAHY?autoplay=1&autohide=1,Հարցազրույց Սոսի Թաթիկյանի հետ,21:15,"20 Փտր, 2023",20,Փտր,2023,2,2023-02-20,սոս թաթիկյան,td0-fdPLAHY,00:24:36,https://i.ytimg.com/vi/td0-fdPLAHY/hqdefault.jpg,18237
https://www.1tv.am/hy/video/Հարցազրույց-Սասուն-Միքայելյանի-հետ/209090,https://www.youtube.com/embed/sn9I2ayrvpw?autoplay=1&autohide=1,Հարցազրույց Սասուն Միքայելյանի հետ,21:40,"17 Փտր, 2023",17,Փտր,2023,2,2023-02-17,սասուն միքայելյան,sn9I2ayrvpw,00:23:41,https://i.ytimg.com/vi/sn9I2ayrvpw/hqdefault.jpg,136702
https://www.1tv.am/hy/video/Հարցազրույց-Հայկուհի-Հարությունյանի-հետ/209044,https://www.youtube.com/embed/mt_UVRmdX-M?autoplay=1&autohide=1,Հարցազրույց Հայկուհի Հարությունյանի հետ,21:30,"16 Փտր, 2023",16,Փտր,2023,2,2023-02-16,հայկուհ հարությունյան,mt_UVRmdX-M,00:23:56,https://i.ytimg.com/vi/mt_UVRmdX-M/hqdefault.jpg,12524
https://www.1tv.am/hy/video/Հարցազրույց-Ռուբեն-Սաֆրաստյանի-հետ/209019,https://www.youtube.com/embed/j18MOfxfKRc?autoplay=1&autohide=1,Հարցազրույց Ռուբեն Սաֆրաստյանի հետ,21:30,"15 Փտր, 2023",15,Փտր,2023,2,2023-02-15,ռուբեն սաֆրաստյան,j18MOfxfKRc,00:21:31,https://i.ytimg.com/vi/j18MOfxfKRc/hqdefault.jpg,26860
https://www.1tv.am/hy/video/Հարցազրույց-Արման-Բաբաջանյանի-հետ/208992,https://www.youtube.com/embed/XAOd3iTNPgw?autoplay=1&autohide=1,Հարցազրույց Արման Բաբաջանյանի հետ,21:30,"14 Փտր, 2023",14,Փտր,2023,2,2023-02-14,արման բաբաջանյան,XAOd3iTNPgw,00:23:36,https://i.ytimg.com/vi/XAOd3iTNPgw/hqdefault.jpg,42983
https://www.1tv.am/hy/video/Հարցազրույց-Արմինե-Մարգարյանի-հետ/208979,https://www.youtube.com/embed/ZdUEDeIdiGo?autoplay=1&autohide=1,Հարցազրույց Արմինե Մարգարյանի հետ,21:40,"13 Փտր, 2023",13,Փտր,2023,2,2023-02-13,արմինե մարգարյան,ZdUEDeIdiGo,00:20:50,https://i.ytimg.com/vi/ZdUEDeIdiGo/hqdefault.jpg,24049
https://www.1tv.am/hy/video/Հարցազրույց-Հակոբ-Բադալյանի-հետ/208930,https://www.youtube.com/embed/WC8IfntE9Us?autoplay=1&autohide=1,Հարցազրույց Հակոբ Բադալյանի հետ,21:50,"10 Փտր, 2023",10,Փտր,2023,2,2023-02-10,հակոբ բադալյան,WC8IfntE9Us,00:22:00,https://i.ytimg.com/vi/WC8IfntE9Us/hqdefault.jpg,30972
https://www.1tv.am/hy/video/Հարցազրույց-Սարգիս-Խանդանյանի-հետ/208848,https://www.youtube.com/embed/7fFRHEihcqw?autoplay=1&autohide=1,Հարցազրույց Սարգիս Խանդանյանի հետ,21:15,"09 Փտր, 2023",9,Փտր,2023,2,2023-02-09,սարգիս խանդանյան,7fFRHEihcqw,00:22:20,https://i.ytimg.com/vi/7fFRHEihcqw/hqdefault.jpg,21235
https://www.1tv.am/hy/video/Հարցազրույց-Գեղամ-Գևորգյանի-հետ/208836,https://www.youtube.com/embed/waSQet48nhw?autoplay=1&autohide=1,Հարցազրույց Գեղամ Գևորգյանի հետ,21:45,"08 Փտր, 2023",8,Փտր,2023,2,2023-02-08,գեղամ գևորգյան,waSQet48nhw,00:20:10,https://i.ytimg.com/vi/waSQet48nhw/hqdefault.jpg,14704
https://www.1tv.am/hy/video/Հարցազրույց-Վահագն-Ալեքսանյանի-հետ/208815,https://www.youtube.com/embed/p5LLUdkURcg?autoplay=1&autohide=1,Հարցազրույց Վահագն Ալեքսանյանի հետ,21:35,"07 Փտր, 2023",7,Փտր,2023,2,2023-02-07,վահագն ալեքսանյան,p5LLUdkURcg,00:23:55,https://i.ytimg.com/vi/p5LLUdkURcg/hqdefault.jpg,55625
https://www.1tv.am/hy/video/Հարցազրույց-Դմիտրի-Սուսլովի-հետ/208749,https://www.youtube.com/embed/VW4iHlPwkS4?autoplay=1&autohide=1,Հարցազրույց Դմիտրի Սուսլովի հետ,21:10,"06 Փտր, 2023",6,Փտր,2023,2,2023-02-06,դմիտր սուսլով,VW4iHlPwkS4,00:26:46,https://i.ytimg.com/vi/VW4iHlPwkS4/hqdefault.jpg,34173
https://www.1tv.am/hy/video/Հարցազրույց-Արման-Գրիգորյանի-հետ/208690,https://www.youtube.com/embed/5xKX8-VdHQY?autoplay=1&autohide=1,Հարցազրույց Արման Գրիգորյանի հետ,21:30,"03 Փտր, 2023",3,Փտր,2023,2,2023-02-03,արման գրիգորյան,5xKX8-VdHQY,00:22:16,https://i.ytimg.com/vi/5xKX8-VdHQY/hqdefault.jpg,29848
https://www.1tv.am/hy/video/Հարցազրույց-Աննա-Գևորգյանի-հետ/208674,https://www.youtube.com/embed/6jFCq4pa6UA?autoplay=1&autohide=1,Հարցազրույց Աննա Գևորգյանի հետ,21:45,"02 Փտր, 2023",2,Փտր,2023,2,2023-02-02,աննա գևորգյան,6jFCq4pa6UA,00:23:36,https://i.ytimg.com/vi/6jFCq4pa6UA/hqdefault.jpg,28471
https://www.1tv.am/hy/video/Հարցազրույց-Քրիստինե-Վարդանյանի-հետ/208669,https://www.youtube.com/embed/crPtmLrPKuc?autoplay=1&autohide=1,Հարցազրույց Քրիստինե Վարդանյանի հետ,21:35,"01 Փտր, 2023",1,Փտր,2023,2,2023-02-01,քրիստինե վարդանյան,crPtmLrPKuc,00:26:30,https://i.ytimg.com/vi/crPtmLrPKuc/hqdefault.jpg,41751
https://www.1tv.am/hy/video/Հարցազրույց-Արամ-Սարգսյանի-հետ/208661,https://www.youtube.com/embed/iIXKUllV4UY?autoplay=1&autohide=1,Հարցազրույց Արամ Սարգսյանի հետ,21:00,"31 Հնվ, 2023",31,Հնվ,2023,1,2023-01-31,արամ սարգսյան,iIXKUllV4UY,00:23:31,https://i.ytimg.com/vi/iIXKUllV4UY/hqdefault.jpg,128112
https://www.1tv.am/hy/video/Հարցազրույց-Թաթուլ-Հակոբյանի-հետ/208646,https://www.youtube.com/embed/Jz7S2GBSa1w?autoplay=1&autohide=1,Հարցազրույց Թաթուլ Հակոբյանի հետ,21:30,"30 Հնվ, 2023",30,Հնվ,2023,1,2023-01-30,թաթուլ հակոբյան,Jz7S2GBSa1w,00:24:55,https://i.ytimg.com/vi/Jz7S2GBSa1w/hqdefault.jpg,47205
https://www.1tv.am/hy/video/Հարցազրույց-Ռուբեն-Ռուբինյանի-հետ/208611,https://www.youtube.com/embed/-55QxouOfzU?autoplay=1&autohide=1,Հարցազրույց Ռուբեն Ռուբինյանի հետ,21:15,"27 Հնվ, 2023",27,Հնվ,2023,1,2023-01-27,ռուբեն ռուբինյան,-55QxouOfzU,00:19:26,https://i.ytimg.com/vi/-55QxouOfzU/hqdefault.jpg,48387
https://www.1tv.am/hy/video/Հարցազրույց-Հայկ-Չոբանյանի-հետ/208548,https://www.youtube.com/embed/aYoQ8R1Q19E?autoplay=1&autohide=1,Հարցազրույց Հայկ Չոբանյանի հետ,21:30,"26 Հնվ, 2023",26,Հնվ,2023,1,2023-01-26,հայկ չոբանյան,aYoQ8R1Q19E,00:20:40,https://i.ytimg.com/vi/aYoQ8R1Q19E/hqdefault.jpg,18971
https://www.1tv.am/hy/video/Հարցազրույց-Վիգեն-Չետերյանի-հետ/208541,https://www.youtube.com/embed/msig9CSk_1k?autoplay=1&autohide=1,Հարցազրույց Վիգեն Չետերյանի հետ,21:30,"25 Հնվ, 2023",25,Հնվ,2023,1,2023-01-25,վիգեն չետերյան,msig9CSk_1k,00:18:16,https://i.ytimg.com/vi/msig9CSk_1k/hqdefault.jpg,19708
https://www.1tv.am/hy/video/Հարցազրույց-Տիգրան-Հակոբյանի-հետ/208452,https://www.youtube.com/embed/lNdwbHxqaw4?autoplay=1&autohide=1,Հարցազրույց Տիգրան Հակոբյանի հետ,21:30,"24 Հնվ, 2023",24,Հնվ,2023,1,2023-01-24,տիգրան հակոբյան,lNdwbHxqaw4,00:26:55,https://i.ytimg.com/vi/lNdwbHxqaw4/hqdefault.jpg,20881
https://www.1tv.am/hy/video/Հարցազրույց-Անդրանիկ-Քոչարյանի-հետ/208418,https://www.youtube.com/embed/QB7sHdrlj0A?autoplay=1&autohide=1,Հարցազրույց Անդրանիկ Քոչարյանի հետ,21:45,"23 Հնվ, 2023",23,Հնվ,2023,1,2023-01-23,անդրանիկ քոչարյան,QB7sHdrlj0A,00:25:16,https://i.ytimg.com/vi/QB7sHdrlj0A/hqdefault.jpg,58313
https://www.1tv.am/hy/video/Հարցազրույց-Գրիգոր-Էլիզբարյանի-հետ/208327,https://www.youtube.com/embed/IR1i2o-mfK4?autoplay=1&autohide=1,Հարցազրույց Գրիգոր Էլիզբարյանի հետ,21:40,"19 Հնվ, 2023",19,Հնվ,2023,1,2023-01-19,գրիգոր էլիզբարյան,IR1i2o-mfK4,00:20:46,https://i.ytimg.com/vi/IR1i2o-mfK4/hqdefault.jpg,20696
https://www.1tv.am/hy/video/Հարցազրույց-Էդմոն-Մարուքյանի-հետ/208324,https://www.youtube.com/embed/6hh4xMO7h0w?autoplay=1&autohide=1,Հարցազրույց Էդմոն Մարուքյանի հետ,21:35,"19 Հնվ, 2023",19,Հնվ,2023,1,2023-01-19,էդմոն մարուքյան,6hh4xMO7h0w,00:22:01,https://i.ytimg.com/vi/6hh4xMO7h0w/hqdefault.jpg,43726
https://www.1tv.am/hy/video/Հարցազրույց-Գայանե-Աբրահամյանի-հետ/208315,https://www.youtube.com/embed/ivOTOIPeHYA?autoplay=1&autohide=1,Հարցազրույց Գայանե Աբրահամյանի հետ,21:30,"18 Հնվ, 2023",18,Հնվ,2023,1,2023-01-18,գայանե աբրահամյան,ivOTOIPeHYA,00:20:20,https://i.ytimg.com/vi/ivOTOIPeHYA/hqdefault.jpg,15768
https://www.1tv.am/hy/video/Հարցազրույց-Հրանուշ-Խառատյանի-հետ/208309,https://www.youtube.com/embed/eXYpUgY9zAA?autoplay=1&autohide=1,Հարցազրույց Հրանուշ Խառատյանի հետ,21:30,"17 Հնվ, 2023",17,Հնվ,2023,1,2023-01-17,հրանուշ խառատյան,eXYpUgY9zAA,00:20:50,https://i.ytimg.com/vi/eXYpUgY9zAA/hqdefault.jpg,18833
https://www.1tv.am/hy/video/Հարցազրույց-Խոսրով-Հարությունյանի-հետ/208285,https://www.youtube.com/embed/L1B5I9CS_QM?autoplay=1&autohide=1,Հարցազրույց Խոսրով Հարությունյանի հետ,21:30,"16 Հնվ, 2023",16,Հնվ,2023,1,2023-01-16,խոսրով հարությունյան,L1B5I9CS_QM,00:36:40,https://i.ytimg.com/vi/L1B5I9CS_QM/hqdefault.jpg,30519
https://www.1tv.am/hy/video/Հարցազրույց-Արփինե-Սարգսյանի-հետ/208208,https://www.youtube.com/embed/uuFg_ddgRok?autoplay=1&autohide=1,Հարցազրույց Արփինե Սարգսյանի հետ,21:30,"13 Հնվ, 2023",13,Հնվ,2023,1,2023-01-13,արփինե սարգսյան,uuFg_ddgRok,00:20:40,https://i.ytimg.com/vi/uuFg_ddgRok/hqdefault.jpg,25273
https://www.1tv.am/hy/video/Հարցազրույց-Գեղամ-Նազարյանի-հետ/208171,https://www.youtube.com/embed/ujshRnNQTjg?autoplay=1&autohide=1,Հարցազրույց Գեղամ Նազարյանի հետ,21:30,"12 Հնվ, 2023",12,Հնվ,2023,1,2023-01-12,գեղամ նազարյան,ujshRnNQTjg,00:24:53,https://i.ytimg.com/vi/ujshRnNQTjg/hqdefault.jpg,39250
https://www.1tv.am/hy/video/Հարցազրույց-Արման-Եղոյանի-հետ/208161,https://www.youtube.com/embed/rJ376sP9Y8A?autoplay=1&autohide=1,Հարցազրույց Արման Եղոյանի հետ,21:30,"11 Հնվ, 2023",11,Հնվ,2023,1,2023-01-11,արման եղոյան,rJ376sP9Y8A,00:21:40,https://i.ytimg.com/vi/rJ376sP9Y8A/hqdefault.jpg,21763
https://www.1tv.am/hy/video/Հարցազրույց-Ստեփան-Գրիգորյանի-հետ/208124,https://www.youtube.com/embed/xrsJxInjihQ?autoplay=1&autohide=1,Հարցազրույց Ստեփան Գրիգորյանի հետ,21:15,"10 Հնվ, 2023",10,Հնվ,2023,1,2023-01-10,ստեփան գրիգորյան,xrsJxInjihQ,00:24:51,https://i.ytimg.com/vi/xrsJxInjihQ/hqdefault.jpg,36868
https://www.1tv.am/hy/video/Հարցազրույց-Վահան-Քերոբյանի-և-Վարդան-Արամյանի-հետ/208033,https://www.youtube.com/embed/7D-zXsOKvSw?autoplay=1&autohide=1,Հարցազրույց Վահան Քերոբյանի և Վարդան Արամյանի հետ,21:30,"09 Հնվ, 2023",9,Հնվ,2023,1,2023-01-09,վահան քերոբյան և վարդան արամյան,7D-zXsOKvSw,00:43:10,https://i.ytimg.com/vi/7D-zXsOKvSw/hqdefault.jpg,20714
https://www.1tv.am/hy/video/Հարցազրույց-Ռուստամ-Բադասյանի-հետ/207823,https://www.youtube.com/embed/iJvguGH1kXA?autoplay=1&autohide=1,Հարցազրույց Ռուստամ Բադասյանի հետ,22:05,"29 Դեկ, 2022",29,Դեկ,2022,12,2022-12-29,ռուստամ բադասյան,iJvguGH1kXA,00:23:00,https://i.ytimg.com/vi/iJvguGH1kXA/hqdefault.jpg,11711
https://www.1tv.am/hy/video/Հարցազրույց-Արմեն-Գրիգորյանի-հետ/207705,https://www.youtube.com/embed/CKaKKKXDnFI?autoplay=1&autohide=1,Հարցազրույց Արմեն Գրիգորյանի հետ,21:30,"26 Դեկ, 2022",26,Դեկ,2022,12,2022-12-26,արմեն գրիգորյան,CKaKKKXDnFI,00:22:40,https://i.ytimg.com/vi/CKaKKKXDnFI/hqdefault.jpg,58825
https://www.1tv.am/hy/video/Հարցազրույց-Հայկ-Մամիջանյանի-հետ/207639,https://www.youtube.com/embed/ydJ3fpbKyis?autoplay=1&autohide=1,Հարցազրույց Հայկ Մամիջանյանի հետ,20:30,"25 Դեկ, 2022",25,Դեկ,2022,12,2022-12-25,հայկ մամիջանյան,ydJ3fpbKyis,00:22:26,https://i.ytimg.com/vi/ydJ3fpbKyis/hqdefault.jpg,24827
https://www.1tv.am/hy/video/Հարցազրույց-Եղիշե-Կիրակոսյանի-հետ/207557,https://www.youtube.com/embed/hv8xKOuV1rU?autoplay=1&autohide=1,Հարցազրույց Եղիշե Կիրակոսյանի հետ,21:45,"22 Դեկ, 2022",22,Դեկ,2022,12,2022-12-22,եղիշե կիրակոսյան,hv8xKOuV1rU,00:21:10,https://i.ytimg.com/vi/hv8xKOuV1rU/hqdefault.jpg,13135
https://www.1tv.am/hy/video/Հարցազրույց-Ներսես-Կոպալյանի-հետ/207520,https://www.youtube.com/embed/CMRqPU9z9lo?autoplay=1&autohide=1,Հարցազրույց Ներսես Կոպալյանի հետ,21:40,"21 Դեկ, 2022",21,Դեկ,2022,12,2022-12-21,ներսես կոպալյան,CMRqPU9z9lo,00:19:50,https://i.ytimg.com/vi/CMRqPU9z9lo/hqdefault.jpg,20318
https://www.1tv.am/hy/video/Հարցազրույց-Արտակ-Բեգլարյանի-հետ/207443,https://www.youtube.com/embed/0o4EvvE-idg?autoplay=1&autohide=1,Հարցազրույց Արտակ Բեգլարյանի հետ,21:30,"20 Դեկ, 2022",20,Դեկ,2022,12,2022-12-20,արտակ բեգլարյան,0o4EvvE-idg,00:20:40,https://i.ytimg.com/vi/0o4EvvE-idg/hqdefault.jpg,19895
https://www.1tv.am/hy/video/Հարցազրույց-Հայկ-Կոնջորյանի-հետ/207296,https://www.youtube.com/embed/iMzBtwIPO7c?autoplay=1&autohide=1,Հարցազրույց Հայկ Կոնջորյանի հետ,21:35,"19 Դեկ, 2022",19,Դեկ,2022,12,2022-12-19,հայկ կոնջորյան,iMzBtwIPO7c,00:21:25,https://i.ytimg.com/vi/iMzBtwIPO7c/hqdefault.jpg,27361
https://www.1tv.am/hy/video/Հարցազրույց-Էդմոն-Մարուքյանի-հետ/207233,https://www.youtube.com/embed/ebF9m7osf3o?autoplay=1&autohide=1,Հարցազրույց Էդմոն Մարուքյանի հետ,21:15,"16 Դեկ, 2022",16,Դեկ,2022,12,2022-12-16,էդմոն մարուքյան,ebF9m7osf3o,00:22:35,https://i.ytimg.com/vi/ebF9m7osf3o/hqdefault.jpg,63562
https://www.1tv.am/hy/video/Հարցազրույց-Արամ-Սարգսյանի-հետ/207165,https://www.youtube.com/embed/VhsOkY0gEVc?autoplay=1&autohide=1,Հարցազրույց Արամ Սարգսյանի հետ,21:10,"15 Դեկ, 2022",15,Դեկ,2022,12,2022-12-15,արամ սարգսյան,VhsOkY0gEVc,00:26:21,https://i.ytimg.com/vi/VhsOkY0gEVc/hqdefault.jpg,89851
https://www.1tv.am/hy/video/Հարցազրույց-Զոհրաբ-Մնացականյանի-հետ/207096,https://www.youtube.com/embed/BvZQILICEY0?autoplay=1&autohide=1,Հարցազրույց Զոհրաբ Մնացականյանի հետ,21:30,"14 Դեկ, 2022",14,Դեկ,2022,12,2022-12-14,զոհրաբ մնացականյան,BvZQILICEY0,00:33:06,https://i.ytimg.com/vi/BvZQILICEY0/hqdefault.jpg,36045
https://www.1tv.am/hy/video/Հարցազրույց-Թաթուլ-Հակոբյանի-հետ/207049,https://www.youtube.com/embed/jK4GmRoYOx8?autoplay=1&autohide=1,Հարցազրույց Թաթուլ Հակոբյանի հետ,21:15,"13 Դեկ, 2022",13,Դեկ,2022,12,2022-12-13,թաթուլ հակոբյան,jK4GmRoYOx8,00:27:16,https://i.ytimg.com/vi/jK4GmRoYOx8/hqdefault.jpg,39522
https://www.1tv.am/hy/video/Հարցազրույց-Գեղամ-Ստեփանյանի-հետ/207035,https://www.youtube.com/embed/N2lmH6HFS9Q?autoplay=1&autohide=1,Հարցազրույց Գեղամ Ստեփանյանի հետ,21:15,"12 Դեկ, 2022",12,Դեկ,2022,12,2022-12-12,գեղամ ստեփանյան,N2lmH6HFS9Q,00:21:35,https://i.ytimg.com/vi/N2lmH6HFS9Q/hqdefault.jpg,20276
https://www.1tv.am/hy/video/Հարցազրույց-Արթուր-Հովհաննիսյանի-հետ/206967,https://www.youtube.com/embed/nBHZA7pLdUk?autoplay=1&autohide=1,Հարցազրույց Արթուր Հովհաննիսյանի հետ,21:20,"09 Դեկ, 2022",9,Դեկ,2022,12,2022-12-09,արթուր հովհաննիսյան,nBHZA7pLdUk,00:21:26,https://i.ytimg.com/vi/nBHZA7pLdUk/hqdefault.jpg,21838
https://www.1tv.am/hy/video/Հարցազրույց-Սուրեն-Պապիկյանի-հետ/206687,https://www.youtube.com/embed/MQC2Y5rVCSw?autoplay=1&autohide=1,Հարցազրույց Սուրեն Պապիկյանի հետ,21:15,"07 Դեկ, 2022",7,Դեկ,2022,12,2022-12-07,սուրեն պապիկյան,MQC2Y5rVCSw,00:25:01,https://i.ytimg.com/vi/MQC2Y5rVCSw/hqdefault.jpg,50079
https://www.1tv.am/hy/video/Հարցազրույց-Արծվիկ-Մինասյանի-հետ/206536,https://www.youtube.com/embed/_Mc5AGuIB3Q?autoplay=1&autohide=1,Հարցազրույց Արծվիկ Մինասյանի հետ,21:15,"02 Դեկ, 2022",2,Դեկ,2022,12,2022-12-02,արծվիկ մինասյան,_Mc5AGuIB3Q,00:26:00,https://i.ytimg.com/vi/_Mc5AGuIB3Q/hqdefault.jpg,33170
https://www.1tv.am/hy/video/Հարցազրույց-Արփինե-Դավոյանի-հետ/206500,https://www.youtube.com/embed/nQgmw21ZM8I?autoplay=1&autohide=1,Հարցազրույց Արփինե Դավոյանի հետ,21:50,"01 Դեկ, 2022",1,Դեկ,2022,12,2022-12-01,արփինե դավոյան,nQgmw21ZM8I,00:19:50,https://i.ytimg.com/vi/nQgmw21ZM8I/hqdefault.jpg,17821
https://www.1tv.am/hy/video/Հարցազրույց-Հովհաննես-Մովսիսյանի-հետ/206426,https://www.youtube.com/embed/VnssdqX67cM?autoplay=1&autohide=1,Հարցազրույց Հովհաննես Մովսիսյանի հետ,21:45,"30 Նմբ, 2022",30,Նմբ,2022,11,2022-11-30,հովհաննես մովսիսյան,VnssdqX67cM,00:26:21,https://i.ytimg.com/vi/VnssdqX67cM/hqdefault.jpg,7927
https://www.1tv.am/hy/video/Հարցազրույց-Հայկ-Ոսկանյանի-հետ/206366,https://www.youtube.com/embed/JIOrnn9LtyE?autoplay=1&autohide=1,Հարցազրույց Հայկ Ոսկանյանի հետ,21:30,"28 Նմբ, 2022",28,Նմբ,2022,11,2022-11-28,հայկ ոսկանյան,JIOrnn9LtyE,00:17:40,https://i.ytimg.com/vi/JIOrnn9LtyE/hqdefault.jpg,8048
https://www.1tv.am/hy/video/Հարցազրույց-Էդմոն-Մարուքյանի-հետ/206308,https://www.youtube.com/embed/eOgc0rgjW4s?autoplay=1&autohide=1,Հարցազրույց Էդմոն Մարուքյանի հետ,21:45,"25 Նմբ, 2022",25,Նմբ,2022,11,2022-11-25,էդմոն մարուքյան,eOgc0rgjW4s,00:19:50,https://i.ytimg.com/vi/eOgc0rgjW4s/hqdefault.jpg,63821
https://www.1tv.am/hy/video/Հարցազրույց-Անահիտ-Ավանեսյանի-հետ/206265,https://www.youtube.com/embed/sxtj5K3CI0A?autoplay=1&autohide=1,Հարցազրույց Անահիտ Ավանեսյանի հետ,21:15,"23 Նմբ, 2022",23,Նմբ,2022,11,2022-11-23,անահիտ ավանեսյան,sxtj5K3CI0A,00:22:31,https://i.ytimg.com/vi/sxtj5K3CI0A/hqdefault.jpg,5020
https://www.1tv.am/hy/video/Հարցազրույց-Խորեն-Հովհաննիսյանի-հետ/206261,https://www.youtube.com/embed/2P88vYS9uwY?autoplay=1&autohide=1,Հարցազրույց Խորեն Հովհաննիսյանի հետ,21:15,"22 Նմբ, 2022",22,Նմբ,2022,11,2022-11-22,խորեն հովհաննիսյան,2P88vYS9uwY,00:21:41,https://i.ytimg.com/vi/2P88vYS9uwY/hqdefault.jpg,21082
https://www.1tv.am/hy/video/Հարցազրույց-Արման-Պողոսյանի-հետ/206222,https://www.youtube.com/embed/-LgBgHGsouc?autoplay=1&autohide=1,Հարցազրույց Արման Պողոսյանի հետ,21:35,"21 Նմբ, 2022",21,Նմբ,2022,11,2022-11-21,արման պողոսյան,-LgBgHGsouc,00:22:21,https://i.ytimg.com/vi/-LgBgHGsouc/hqdefault.jpg,12644
https://www.1tv.am/hy/video/Հարցազրույց-Ստեփան-Գրիգորյանի-հետ/206177,https://www.youtube.com/embed/SgbWJ__Vgns?autoplay=1&autohide=1,Հարցազրույց Ստեփան Գրիգորյանի հետ,12:40,"18 Նմբ, 2022",18,Նմբ,2022,11,2022-11-18,ստեփան գրիգորյան,SgbWJ__Vgns,00:21:46,https://i.ytimg.com/vi/SgbWJ__Vgns/hqdefault.jpg,55678
https://www.1tv.am/hy/video/Հարցազրույց-Արմեն-Խաչատրյանի-հետ/206019,https://www.youtube.com/embed/W8nSkGwKmFc?autoplay=1&autohide=1,Հարցազրույց Արմեն Խաչատրյանի հետ,21:15,"17 Նմբ, 2022",17,Նմբ,2022,11,2022-11-17,արմեն խաչատրյան,W8nSkGwKmFc,00:21:40,https://i.ytimg.com/vi/W8nSkGwKmFc/hqdefault.jpg,23897
https://www.1tv.am/hy/video/Հարցազրույց-Տիգրան-Խաչատրյանի-հետ/205955,https://www.youtube.com/embed/DyW1lujSv9s?autoplay=1&autohide=1,Հարցազրույց Տիգրան Խաչատրյանի հետ,21:15,"16 Նմբ, 2022",16,Նմբ,2022,11,2022-11-16,տիգրան խաչատրյան,DyW1lujSv9s,00:29:16,https://i.ytimg.com/vi/DyW1lujSv9s/hqdefault.jpg,11628
https://www.1tv.am/hy/video/Հարցազրույց-Գեղամ-Նազարյանի-հետ/205916,https://www.youtube.com/embed/rDkFA9Hd4RQ?autoplay=1&autohide=1,Հարցազրույց Գեղամ Նազարյանի հետ,21:20,"15 Նմբ, 2022",15,Նմբ,2022,11,2022-11-15,գեղամ նազարյան,rDkFA9Hd4RQ,00:24:55,https://i.ytimg.com/vi/rDkFA9Hd4RQ/hqdefault.jpg,25687
https://www.1tv.am/hy/video/Հարցազրույց-Տարոն-Չախոյանի-հետ/205887,https://www.youtube.com/embed/99tNW4zfhoY?autoplay=1&autohide=1,Հարցազրույց Տարոն Չախոյանի հետ,21:15,"14 Նմբ, 2022",14,Նմբ,2022,11,2022-11-14,տարոն չախոյան,99tNW4zfhoY,00:22:55,https://i.ytimg.com/vi/99tNW4zfhoY/hqdefault.jpg,30269
https://www.1tv.am/hy/video/Հարցազրույց-Արմեն-Մելիքբեկյանի-հետ/205726,https://www.youtube.com/embed/fqAPQSYkYNU?autoplay=1&autohide=1,Հարցազրույց Արմեն Մելիքբեկյանի հետ,21:50,"10 Նմբ, 2022",10,Նմբ,2022,11,2022-11-10,արմեն մելիքբեկյան,fqAPQSYkYNU,00:21:05,https://i.ytimg.com/vi/fqAPQSYkYNU/hqdefault.jpg,20178
https://www.1tv.am/hy/video/Հարցազրույց-Արծվիկ-Մինասյանի-հետ/205626,https://www.youtube.com/embed/-LyDtAkAr8g?autoplay=1&autohide=1,Հարցազրույց Արծվիկ Մինասյանի հետ,21:15,"09 Նմբ, 2022",9,Նմբ,2022,11,2022-11-09,արծվիկ մինասյան,-LyDtAkAr8g,00:29:31,https://i.ytimg.com/vi/-LyDtAkAr8g/hqdefault.jpg,45029
https://www.1tv.am/hy/video/Հարցազրույց-Միքայել-արքեպիսկոպոս-Աջապահյանի-հետ/205564,https://www.youtube.com/embed/CucX8fDa_yc?autoplay=1&autohide=1,Հարցազրույց Միքայել արքեպիսկոպոս Աջապահյանի հետ,21:15,"07 Նմբ, 2022",7,Նմբ,2022,11,2022-11-07,միքայել արքեպիսկոպոս աջապահյան,CucX8fDa_yc,00:26:51,https://i.ytimg.com/vi/CucX8fDa_yc/hqdefault.jpg,140095
https://www.1tv.am/hy/video/Հարցազրույց-Արման-Բաբաջանյանի-հետ/205476,https://www.youtube.com/embed/VLbg7wXeIJY?autoplay=1&autohide=1,Հարցազրույց Արման Բաբաջանյանի հետ,21:10,"04 Նմբ, 2022",4,Նմբ,2022,11,2022-11-04,արման բաբաջանյան,VLbg7wXeIJY,00:24:36,https://i.ytimg.com/vi/VLbg7wXeIJY/hqdefault.jpg,49871
https://www.1tv.am/hy/video/Հարցազրույց-Գնել-Սանոսյանի-հետ/205454,https://www.youtube.com/embed/CMLZgJpCSEI?autoplay=1&autohide=1,Հարցազրույց Գնել Սանոսյանի հետ,21:15,"03 Նմբ, 2022",3,Նմբ,2022,11,2022-11-03,գնել սանոսյան,CMLZgJpCSEI,00:22:00,https://i.ytimg.com/vi/CMLZgJpCSEI/hqdefault.jpg,24496
https://www.1tv.am/hy/video/Հարցազրույց-Ֆյոդոր-Վոյտոլովսկիի-հետ/205343,https://www.youtube.com/embed/Gvw1S1sQzOc?autoplay=1&autohide=1,Հարցազրույց Ֆյոդոր Վոյտոլովսկիի հետ,21:50,"02 Նմբ, 2022",2,Նմբ,2022,11,2022-11-02,ֆյոդոր վոյտոլովսկի,Gvw1S1sQzOc,00:22:05,https://i.ytimg.com/vi/Gvw1S1sQzOc/hqdefault.jpg,25363
https://www.1tv.am/hy/video/Հարցազրույց-Հայկ-Կոնջորյանի-հետ/205307,https://www.youtube.com/embed/dHOheJhJBQ8?autoplay=1&autohide=1,Հարցազրույց Հայկ Կոնջորյանի հետ,21:15,"01 Նմբ, 2022",1,Նմբ,2022,11,2022-11-01,հայկ կոնջորյան,dHOheJhJBQ8,00:22:10,https://i.ytimg.com/vi/dHOheJhJBQ8/hqdefault.jpg,31910
https://www.1tv.am/hy/video/Հարցազրույց-Էդմոն-Մարուքյանի-հետ/205179,https://www.youtube.com/embed/0xvQeSa5Su0?autoplay=1&autohide=1,Հարցազրույց Էդմոն Մարուքյանի հետ,21:30,"28 Հոկ, 2022",28,Հոկ,2022,10,2022-10-28,էդմոն մարուքյան,0xvQeSa5Su0,00:22:01,https://i.ytimg.com/vi/0xvQeSa5Su0/hqdefault.jpg,80920
https://www.1tv.am/hy/video/Հարցազրույց-Արամ-Սարգսյանի-հետ/205093,https://www.youtube.com/embed/A5jBC5CK4lQ?autoplay=1&autohide=1,Հարցազրույց Արամ Սարգսյանի հետ,20:15,"27 Հոկ, 2022",27,Հոկ,2022,10,2022-10-27,արամ սարգսյան,A5jBC5CK4lQ,00:27:36,https://i.ytimg.com/vi/A5jBC5CK4lQ/hqdefault.jpg,82187
https://www.1tv.am/hy/video/Հարցազրույց-Տիգրան-Հակոբյանի-հետ/204931,https://www.youtube.com/embed/JDkAacWqLY8?autoplay=1&autohide=1,Հարցազրույց Տիգրան Հակոբյանի հետ,21:10,"26 Հոկ, 2022",26,Հոկ,2022,10,2022-10-26,տիգրան հակոբյան,JDkAacWqLY8,00:21:50,https://i.ytimg.com/vi/JDkAacWqLY8/hqdefault.jpg,10991
https://www.1tv.am/hy/video/Հարցազրույց-Զարեհ-Սինանյանի-հետ/204892,https://www.youtube.com/embed/AUzCKkDW0R4?autoplay=1&autohide=1,Հարցազրույց Զարեհ Սինանյանի հետ,21:10,"25 Հոկ, 2022",25,Հոկ,2022,10,2022-10-25,զարեհ սինանյան,AUzCKkDW0R4,00:23:16,https://i.ytimg.com/vi/AUzCKkDW0R4/hqdefault.jpg,19009
https://www.1tv.am/hy/video/Հարցազրույց-Մխիթար-Հայրապետյանի-հետ/204898,https://www.youtube.com/embed/R__9dIHjIno?autoplay=1&autohide=1,Հարցազրույց Մխիթար Հայրապետյանի հետ,21:10,"24 Հոկ, 2022",24,Հոկ,2022,10,2022-10-24,մխիթար հայրապետյան,R__9dIHjIno,00:26:36,https://i.ytimg.com/vi/R__9dIHjIno/hqdefault.jpg,23789
https://www.1tv.am/hy/video/Հարցազրույց-Արմեն-Խարազյանի-հետ/204773,https://www.youtube.com/embed/ah2HvLMGeow?autoplay=1&autohide=1,Հարցազրույց Արմեն Խարազյանի հետ,21:50,"21 Հոկ, 2022",21,Հոկ,2022,10,2022-10-21,արմեն խարազյան,ah2HvLMGeow,00:22:31,https://i.ytimg.com/vi/ah2HvLMGeow/hqdefault.jpg,32868
https://www.1tv.am/hy/video/Հարցազրույց-Արծրուն-Հովհաննիսյանի-հետ/204700,https://www.youtube.com/embed/9b5T2pMSTKs?autoplay=1&autohide=1,Հարցազրույց Արծրուն Հովհաննիսյանի հետ,21:45,"20 Հոկ, 2022",20,Հոկ,2022,10,2022-10-20,արծրուն հովհաննիսյան,9b5T2pMSTKs,00:20:50,https://i.ytimg.com/vi/9b5T2pMSTKs/hqdefault.jpg,80291
https://www.1tv.am/hy/video/Հարցազրույց-Էդուարդ-Աղաջանյանի-հետ/204562,https://www.youtube.com/embed/bYHQKUC9WGE?autoplay=1&autohide=1,Հարցազրույց Էդուարդ Աղաջանյանի հետ,21:15,"19 Հոկ, 2022",19,Հոկ,2022,10,2022-10-19,էդուարդ աղաջանյան,bYHQKUC9WGE,00:26:06,https://i.ytimg.com/vi/bYHQKUC9WGE/hqdefault.jpg,23829
https://www.1tv.am/hy/video/Հարցազրույց-Արթուր-Ղազինյանի-հետ/204518,https://www.youtube.com/embed/QVnOB-YcLd8?autoplay=1&autohide=1,Հարցազրույց Արթուր Ղազինյանի հետ,21:15,"18 Հոկ, 2022",18,Հոկ,2022,10,2022-10-18,արթուր ղազինյան,QVnOB-YcLd8,00:25:31,https://i.ytimg.com/vi/QVnOB-YcLd8/hqdefault.jpg,34860
https://www.1tv.am/hy/video/Հարցազրույց-Ֆրենկ-Փալոունի-հետ/204476,https://www.youtube.com/embed/ZWq955at1kE?autoplay=1&autohide=1,Հարցազրույց Ֆրենկ Փալոունի հետ,21:20,"17 Հոկ, 2022",17,Հոկ,2022,10,2022-10-17,ֆրենկ փալոուն,ZWq955at1kE,00:22:26,https://i.ytimg.com/vi/ZWq955at1kE/hqdefault.jpg,115436
https://www.1tv.am/hy/video/Հարցազրույց-Տիգրան-Ավինյանի-հետ/204379,https://www.youtube.com/embed/hodr9MSdEfM?autoplay=1&autohide=1,Հարցազրույց Տիգրան Ավինյանի հետ,20:15,"15 Հոկ, 2022",15,Հոկ,2022,10,2022-10-15,տիգրան ավինյան,hodr9MSdEfM,00:22:55,https://i.ytimg.com/vi/hodr9MSdEfM/hqdefault.jpg,20446
https://www.1tv.am/hy/video/Հարցազրույց-Դավիթ-Խիթարյանի-հետ/204373,https://www.youtube.com/embed/1_PNbdxBq88?autoplay=1&autohide=1,Հարցազրույց Դավիթ Խիթարյանի հետ,20:15,"14 Հոկ, 2022",14,Հոկ,2022,10,2022-10-14,դավիթ խիթարյան,1_PNbdxBq88,00:20:10,https://i.ytimg.com/vi/1_PNbdxBq88/hqdefault.jpg,12440
https://www.1tv.am/hy/video/Հարցազրույց-Արմեն-Գրիգորյանի-հետ/204137,https://www.youtube.com/embed/H5UINBb8iAA?autoplay=1&autohide=1,Հարցազրույց Արմեն Գրիգորյանի հետ,21:55,"12 Հոկ, 2022",12,Հոկ,2022,10,2022-10-12,արմեն գրիգորյան,H5UINBb8iAA,00:20:50,https://i.ytimg.com/vi/H5UINBb8iAA/hqdefault.jpg,45615
https://www.1tv.am/hy/video/Հարցազրույց-Վահան-Քերոբյանի-հետ/204091,https://www.youtube.com/embed/BbnM0B2YTmg?autoplay=1&autohide=1,Հարցազրույց Վահան Քերոբյանի հետ,21:50,"11 Հոկ, 2022",11,Հոկ,2022,10,2022-10-11,վահան քերոբյան,BbnM0B2YTmg,00:22:55,https://i.ytimg.com/vi/BbnM0B2YTmg/hqdefault.jpg,10167
https://www.1tv.am/hy/video/Հարցազրույց-Ռուստամ-Բադասյանի-հետ/204037,https://www.youtube.com/embed/azlWzDh5-dc?autoplay=1&autohide=1,Հարցազրույց Ռուստամ Բադասյանի հետ,21:35,"10 Հոկ, 2022",10,Հոկ,2022,10,2022-10-10,ռուստամ բադասյան,azlWzDh5-dc,00:21:35,https://i.ytimg.com/vi/azlWzDh5-dc/hqdefault.jpg,13828
https://www.1tv.am/hy/video/Հարցազրույց-Հայկ-Կոնջորյանի-հետ/203934,https://www.youtube.com/embed/rcGx0c_ZOuo?autoplay=1&autohide=1,Հարցազրույց Հայկ Կոնջորյանի հետ,21:15,"07 Հոկ, 2022",7,Հոկ,2022,10,2022-10-07,հայկ կոնջորյան,rcGx0c_ZOuo,00:26:51,https://i.ytimg.com/vi/rcGx0c_ZOuo/hqdefault.jpg,49087
https://www.1tv.am/hy/video/Հարցազրույց-Արթուր-Խաչատրյանի-հետ/203865,https://www.youtube.com/embed/f2v26aBiVlQ?autoplay=1&autohide=1,Հարցազրույց Արթուր Խաչատրյանի հետ,21:30,"06 Հոկ, 2022",6,Հոկ,2022,10,2022-10-06,արթուր խաչատրյան,f2v26aBiVlQ,00:27:10,https://i.ytimg.com/vi/f2v26aBiVlQ/hqdefault.jpg,39526
https://www.1tv.am/hy/video/Հարցազրույց-Դավիթ-Սանասարյանի-հետ/203824,https://www.youtube.com/embed/cboMIP0rhXU?autoplay=1&autohide=1,Հարցազրույց Դավիթ Սանասարյանի հետ,21:15,"05 Հոկ, 2022",5,Հոկ,2022,10,2022-10-05,դավիթ սանասարյան,cboMIP0rhXU,00:21:35,https://i.ytimg.com/vi/cboMIP0rhXU/hqdefault.jpg,49584
https://www.1tv.am/hy/video/Հարցազրույց-Լևոն-Շիրինյանի-հետ/203772,https://www.youtube.com/embed/AkB_RCr5BP4?autoplay=1&autohide=1,Հարցազրույց Լևոն Շիրինյանի հետ,21:30,"04 Հոկ, 2022",4,Հոկ,2022,10,2022-10-04,լևոն շիրինյան,AkB_RCr5BP4,00:22:05,https://i.ytimg.com/vi/AkB_RCr5BP4/hqdefault.jpg,81404
https://www.1tv.am/hy/video/Հարցազրույց-Արման-Եղոյանի-հետ/203670,https://www.youtube.com/embed/fOVLg5YULiU?autoplay=1&autohide=1,Հարցազրույց Արման Եղոյանի հետ,21:10,"03 Հոկ, 2022",3,Հոկ,2022,10,2022-10-03,արման եղոյան,fOVLg5YULiU,00:21:35,https://i.ytimg.com/vi/fOVLg5YULiU/hqdefault.jpg,29601
https://www.1tv.am/hy/video/Հարցազրույց-Ֆան-Յոնգի-հետ/203551,https://www.youtube.com/embed/1zpaPitrUK4?autoplay=1&autohide=1,Հարցազրույց Ֆան Յոնգի հետ,21:30,"30 Սեպ, 2022",30,Սեպ,2022,9,2022-09-30,ֆան յոնգ,1zpaPitrUK4,00:19:40,https://i.ytimg.com/vi/1zpaPitrUK4/hqdefault.jpg,19745
https://www.1tv.am/hy/video/Հարցազրույց-Համբիկ-Սարաֆյանի-հետ/203474,https://www.youtube.com/embed/lW2P56s-89M?autoplay=1&autohide=1,Հարցազրույց Համբիկ Սարաֆյանի հետ,21:35,"29 Սեպ, 2022",29,Սեպ,2022,9,2022-09-29,համբիկ սարաֆյան,lW2P56s-89M,00:22:35,https://i.ytimg.com/vi/lW2P56s-89M/hqdefault.jpg,32033
https://www.1tv.am/hy/video/Հարցազրույց-Խոսրով-Հարությունյանի-հետ/203388,https://www.youtube.com/embed/BPKzbNjvvp0?autoplay=1&autohide=1,Հարցազրույց Խոսրով Հարությունյանի հետ,21:45,"28 Սեպ, 2022",28,Սեպ,2022,9,2022-09-28,խոսրով հարությունյան,BPKzbNjvvp0,00:26:01,https://i.ytimg.com/vi/BPKzbNjvvp0/hqdefault.jpg,29541
https://www.1tv.am/hy/video/Հարցազրույց-Հովսեփ-Խուրշուդյանի-հետ/203350,https://www.youtube.com/embed/Qkbyjc-rcH0?autoplay=1&autohide=1,Հարցազրույց Հովսեփ Խուրշուդյանի հետ,21:20,"27 Սեպ, 2022",27,Սեպ,2022,9,2022-09-27,հովսեփ խուրշուդյան,Qkbyjc-rcH0,00:22:40,https://i.ytimg.com/vi/Qkbyjc-rcH0/hqdefault.jpg,74268
https://www.1tv.am/hy/video/Հարցազրույց-Լևոն-Տեր-Պետրոսյանի-հետ/203241,https://www.youtube.com/embed/kTeWytVBdVI?autoplay=1&autohide=1,Հարցազրույց Լևոն Տեր-Պետրոսյանի հետ,21:10,"26 Սեպ, 2022",26,Սեպ,2022,9,2022-09-26,լևոն տեր-պետրոսյան,kTeWytVBdVI,00:32:55,https://i.ytimg.com/vi/kTeWytVBdVI/hqdefault.jpg,202804
https://www.1tv.am/hy/video/Հարցազրույց-Դմիտրի-Վոլվաչի-հետ/203055,https://www.youtube.com/embed/Dpv8tBlXnTA?autoplay=1&autohide=1,Հարցազրույց Դմիտրի Վոլվաչի հետ,21:15,"22 Սեպ, 2022",22,Սեպ,2022,9,2022-09-22,դմիտր վոլվաչ,Dpv8tBlXnTA,00:23:51,https://i.ytimg.com/vi/Dpv8tBlXnTA/hqdefault.jpg,18209
https://www.1tv.am/hy/video/Հարցազրույց-Արթուր-Հովհաննիսյանի-հետ/202968,https://www.youtube.com/embed/FbixpM1p6Ys?autoplay=1&autohide=1,Հարցազրույց Արթուր Հովհաննիսյանի հետ,21:45,"21 Սեպ, 2022",21,Սեպ,2022,9,2022-09-21,արթուր հովհաննիսյան,FbixpM1p6Ys,00:22:15,https://i.ytimg.com/vi/FbixpM1p6Ys/hqdefault.jpg,45396
https://www.1tv.am/hy/video/Հարցազրույց-Ռուբեն-Ռուբինյանի-հետ/202791,https://www.youtube.com/embed/RF5FMkcVW1c?autoplay=1&autohide=1,Հարցազրույց Ռուբեն Ռուբինյանի հետ,21:20,"19 Սեպ, 2022",19,Սեպ,2022,9,2022-09-19,ռուբեն ռուբինյան,RF5FMkcVW1c,00:17:40,https://i.ytimg.com/vi/RF5FMkcVW1c/hqdefault.jpg,59565
https://www.1tv.am/hy/video/Հարցազրույց-Էդուարդ-Աղաջանյանի-հետ/202795,https://www.youtube.com/embed/vazSpwziDg4?autoplay=1&autohide=1,Հարցազրույց Էդուարդ Աղաջանյանի հետ,20:20,"19 Սեպ, 2022",19,Սեպ,2022,9,2022-09-19,էդուարդ աղաջանյան,vazSpwziDg4,00:21:10,https://i.ytimg.com/vi/vazSpwziDg4/hqdefault.jpg,26139
https://www.1tv.am/hy/video/Հարցազրույց-Կարին-Տոնոյանի-հետ/202699,https://www.youtube.com/embed/pFgBw9PTEfQ?autoplay=1&autohide=1,Հարցազրույց Կարին Տոնոյանի հետ,20:40,"17 Սեպ, 2022",17,Սեպ,2022,9,2022-09-17,կարին տոնոյան,pFgBw9PTEfQ,00:25:24,https://i.ytimg.com/vi/pFgBw9PTEfQ/hqdefault.jpg,49808
https://www.1tv.am/hy/video/Հարցազրույց-Ալեն-Սիմոնյանի-հետ/202692,https://www.youtube.com/embed/VD38TZla1Zk?autoplay=1&autohide=1,Հարցազրույց Ալեն Սիմոնյանի հետ,21:40,"16 Սեպ, 2022",16,Սեպ,2022,9,2022-09-16,ալեն սիմոնյան,VD38TZla1Zk,00:28:36,https://i.ytimg.com/vi/VD38TZla1Zk/hqdefault.jpg,128978
https://www.1tv.am/hy/video/Հարցազրույց-Վահան-Քերոբյանի-հետ/202681,https://www.youtube.com/embed/Tp7vQJEE2KM?autoplay=1&autohide=1,Հարցազրույց Վահան Քերոբյանի հետ,20:40,"16 Սեպ, 2022",16,Սեպ,2022,9,2022-09-16,վահան քերոբյան,Tp7vQJEE2KM,00:20:46,https://i.ytimg.com/vi/Tp7vQJEE2KM/hqdefault.jpg,19264
https://www.1tv.am/hy/video/Հարցազրույց-Տիգրան-Հակոբյանի-հետ/202671,https://www.youtube.com/embed/-hwqCwEDGUw?autoplay=1&autohide=1,Հարցազրույց Տիգրան Հակոբյանի հետ,20:35,"16 Սեպ, 2022",16,Սեպ,2022,9,2022-09-16,տիգրան հակոբյան,-hwqCwEDGUw,00:22:10,https://i.ytimg.com/vi/-hwqCwEDGUw/hqdefault.jpg,31148
https://www.1tv.am/hy/video/Հարցազրույց-Արամ-Սարգսյանի-հետ/202665,https://www.youtube.com/embed/j7-GITChV2E?autoplay=1&autohide=1,Հարցազրույց Արամ Սարգսյանի հետ,21:40,"15 Սեպ, 2022",15,Սեպ,2022,9,2022-09-15,արամ սարգսյան,j7-GITChV2E,00:26:31,https://i.ytimg.com/vi/j7-GITChV2E/hqdefault.jpg,155166
https://www.1tv.am/hy/video/Հարցազրույց-Գևորգ-Պապոյանի-հետ/202669,https://www.youtube.com/embed/faqXxD-VGjc?autoplay=1&autohide=1,Հարցազրույց Գևորգ Պապոյանի հետ,21:40,"15 Սեպ, 2022",15,Սեպ,2022,9,2022-09-15,գևորգ պապոյան,faqXxD-VGjc,00:21:00,https://i.ytimg.com/vi/faqXxD-VGjc/hqdefault.jpg,24795
https://www.1tv.am/hy/video/Հարցազրույց-Հայկ-Կոնջորյանի-հետ/202657,https://www.youtube.com/embed/3eW3KmzpS1Q?autoplay=1&autohide=1,Հարցազրույց Հայկ Կոնջորյանի հետ,21:40,"14 Սեպ, 2022",14,Սեպ,2022,9,2022-09-14,հայկ կոնջորյան,3eW3KmzpS1Q,00:20:53,https://i.ytimg.com/vi/3eW3KmzpS1Q/hqdefault.jpg,29443
https://www.1tv.am/hy/video/Հարցազրույց-Անդրանիկ-Քոչարյանի-հետ/202655,https://www.youtube.com/embed/gAeqX7_XaYg?autoplay=1&autohide=1,Հարցազրույց Անդրանիկ Քոչարյանի հետ,21:40,"14 Սեպ, 2022",14,Սեպ,2022,9,2022-09-14,անդրանիկ քոչարյան,gAeqX7_XaYg,00:19:56,https://i.ytimg.com/vi/gAeqX7_XaYg/hqdefault.jpg,58014
https://www.1tv.am/hy/video/Հարցազրույց-Արմեն-Գրիգորյանի-հետ/202653,https://www.youtube.com/embed/vfz9xgc5Sbo?autoplay=1&autohide=1,Հարցազրույց Արմեն Գրիգորյանի հետ,21:35,"14 Սեպ, 2022",14,Սեպ,2022,9,2022-09-14,արմեն գրիգորյան,vfz9xgc5Sbo,00:09:31,https://i.ytimg.com/vi/vfz9xgc5Sbo/hqdefault.jpg,10991
https://www.1tv.am/hy/video/Հարցազրույց-Վահագն-Ալեքսանյանի-հետ/202647,https://www.youtube.com/embed/4XFM0Ehlwko?autoplay=1&autohide=1,Հարցազրույց Վահագն Ալեքսանյանի հետ,21:30,"14 Սեպ, 2022",14,Սեպ,2022,9,2022-09-14,վահագն ալեքսանյան,4XFM0Ehlwko,00:12:26,https://i.ytimg.com/vi/4XFM0Ehlwko/hqdefault.jpg,27027
https://www.1tv.am/hy/video/Հարցազրույց-Էդմոն-Մարուքյանի-հետ/202608,https://www.youtube.com/embed/woD9H1RDZcQ?autoplay=1&autohide=1,Հարցազրույց Էդմոն Մարուքյանի հետ,21:35,"13 Սեպ, 2022",13,Սեպ,2022,9,2022-09-13,էդմոն մարուքյան,woD9H1RDZcQ,00:20:36,https://i.ytimg.com/vi/woD9H1RDZcQ/hqdefault.jpg,66726
https://www.1tv.am/hy/video/Հարցազրույց-Պետրոս-Ղազարյանի-հետ/202589,https://www.youtube.com/embed/pxf1qOJReHw?autoplay=1&autohide=1,Հարցազրույց Պետրոս Ղազարյանի հետ,23:00,"12 Սեպ, 2022",12,Սեպ,2022,9,2022-09-12,պետրոս ղազարյան,pxf1qOJReHw,00:34:05,https://i.ytimg.com/vi/pxf1qOJReHw/hqdefault.jpg,74372
https://www.1tv.am/hy/video/Հարցազրույց-Արայիկ-Հարությունյանի-հետ/202574,https://www.youtube.com/embed/yh_2SkO2-Zw?autoplay=1&autohide=1,Հարցազրույց Արայիկ Հարությունյանի հետ,21:55,"12 Սեպ, 2022",12,Սեպ,2022,9,2022-09-12,արայիկ հարությունյան,yh_2SkO2-Zw,00:20:25,https://i.ytimg.com/vi/yh_2SkO2-Zw/hqdefault.jpg,13979
https://www.1tv.am/hy/video/Հարցազրույց-Ստյոպա-Սաֆարյանի-հետ/202454,https://www.youtube.com/embed/9hewoBoX-HQ?autoplay=1&autohide=1,Հարցազրույց Ստյոպա Սաֆարյանի հետ,21:30,"09 Սեպ, 2022",9,Սեպ,2022,9,2022-09-09,ստյոպա սաֆարյան,9hewoBoX-HQ,00:24:06,https://i.ytimg.com/vi/9hewoBoX-HQ/hqdefault.jpg,37337
https://www.1tv.am/hy/video/Հարցազրույց-Արսեն-Թորոսյանի-հետ/202448,https://www.youtube.com/embed/sQAZtDlr8ao?autoplay=1&autohide=1,Հարցազրույց Արսեն Թորոսյանի հետ,21:45,"08 Սեպ, 2022",8,Սեպ,2022,9,2022-09-08,արսեն թորոսյան,sQAZtDlr8ao,00:20:40,https://i.ytimg.com/vi/sQAZtDlr8ao/hqdefault.jpg,14684
https://www.1tv.am/hy/video/Հարցազրույց-Գնել-Սանոսյանի-հետ/202370,https://www.youtube.com/embed/028j8D8CR9I?autoplay=1&autohide=1,Հարցազրույց Գնել Սանոսյանի հետ,21:15,"07 Սեպ, 2022",7,Սեպ,2022,9,2022-09-07,գնել սանոսյան,028j8D8CR9I,00:23:46,https://i.ytimg.com/vi/028j8D8CR9I/hqdefault.jpg,13486
https://www.1tv.am/hy/video/Հարցազրույց-Մեսրոպ-Առաքելյանի-հետ/202330,https://www.youtube.com/embed/bR5EfsjAQJw?autoplay=1&autohide=1,Հարցազրույց Մեսրոպ Առաքելյանի հետ,20:40,"06 Սեպ, 2022",6,Սեպ,2022,9,2022-09-06,մեսրոպ առաքելյան,bR5EfsjAQJw,00:21:36,https://i.ytimg.com/vi/bR5EfsjAQJw/hqdefault.jpg,14931
https://www.1tv.am/hy/video/Հարցազրույց-Ռուբեն-Բաբայանի-հետ/202321,https://www.youtube.com/embed/HYX9ksCur-o?autoplay=1&autohide=1,Հարցազրույց Ռուբեն Բաբայանի հետ,21:30,"05 Սեպ, 2022",5,Սեպ,2022,9,2022-09-05,ռուբեն բաբայան,HYX9ksCur-o,00:21:16,https://i.ytimg.com/vi/HYX9ksCur-o/hqdefault.jpg,18415
https://www.1tv.am/hy/video/Հարցազրույց-Արման-Եղոյանի-հետ/202246,https://www.youtube.com/embed/B_IELJSXtpY?autoplay=1&autohide=1,Հարցազրույց Արման Եղոյանի հետ,21:45,"02 Սեպ, 2022",2,Սեպ,2022,9,2022-09-02,արման եղոյան,B_IELJSXtpY,00:18:14,https://i.ytimg.com/vi/B_IELJSXtpY/hqdefault.jpg,19947
https://www.1tv.am/hy/video/Հարցազրույց-Էդմոն-Մարուքյանի-հետ/202214,https://www.youtube.com/embed/yIE8RMVFIDk?autoplay=1&autohide=1,Հարցազրույց Էդմոն Մարուքյանի հետ,21:30,"01 Սեպ, 2022",1,Սեպ,2022,9,2022-09-01,էդմոն մարուքյան,yIE8RMVFIDk,00:21:31,https://i.ytimg.com/vi/yIE8RMVFIDk/hqdefault.jpg,43853
https://www.1tv.am/hy/video/Հարցազրույց-Միլենա-Կռոյանի-և-Գեղամ-Հայրապետյանի-հետ/202204,https://www.youtube.com/embed/x_FbzNWpsps?autoplay=1&autohide=1,Հարցազրույց Միլենա Կռոյանի և Գեղամ Հայրապետյանի հետ,21:40,"31 Օգս, 2022",31,Օգս,2022,8,2022-08-31,միլենա կռոյան և գեղամ հայրապետյան,x_FbzNWpsps,00:22:46,https://i.ytimg.com/vi/x_FbzNWpsps/hqdefault.jpg,12875
https://www.1tv.am/hy/video/Հարցազրույց-Վահան-Քերոբյանի-հետ/202176,https://www.youtube.com/embed/pvlcHxg4d1M?autoplay=1&autohide=1,Հարցազրույց Վահան Քերոբյանի հետ,21:45,"30 Օգս, 2022",30,Օգս,2022,8,2022-08-30,վահան քերոբյան,pvlcHxg4d1M,00:21:20,https://i.ytimg.com/vi/pvlcHxg4d1M/hqdefault.jpg,20075
https://www.1tv.am/hy/video/Հարցազրույց-Սամվել-Բաբայանի-հետ/202138,https://www.youtube.com/embed/qgtN34Z9SYE?autoplay=1&autohide=1,Հարցազրույց Սամվել Բաբայանի հետ,21:45,"29 Օգս, 2022",29,Օգս,2022,8,2022-08-29,սամվել բաբայան,qgtN34Z9SYE,00:19:35,https://i.ytimg.com/vi/qgtN34Z9SYE/hqdefault.jpg,104005
https://www.1tv.am/hy/video/Հարցազրույց-Ալեքսանդր-Մարգարովի-հետ/202104,https://www.youtube.com/embed/1uMiZf-C9kQ?autoplay=1&autohide=1,Հարցազրույց Ալեքսանդր Մարգարովի հետ,20:45,"26 Օգս, 2022",26,Օգս,2022,8,2022-08-26,ալեքսանդր մարգարով,1uMiZf-C9kQ,00:20:06,https://i.ytimg.com/vi/1uMiZf-C9kQ/hqdefault.jpg,19138
https://www.1tv.am/hy/video/Հարցազրույց-Սուրեն-Սուրենյանցի-հետ/202057,https://www.youtube.com/embed/WxfVeOmtv68?autoplay=1&autohide=1,Հարցազրույց Սուրեն Սուրենյանցի հետ,21:30,"25 Օգս, 2022",25,Օգս,2022,8,2022-08-25,սուրեն սուրենյանց,WxfVeOmtv68,00:21:50,https://i.ytimg.com/vi/WxfVeOmtv68/hqdefault.jpg,34794
https://www.1tv.am/hy/video/Հարցազրույց-Արծրուն-Հովհաննիսյանի-հետ/202029,https://www.youtube.com/embed/45cAJx0Su0I?autoplay=1&autohide=1,Հարցազրույց Արծրուն Հովհաննիսյանի հետ,21:40,"24 Օգս, 2022",24,Օգս,2022,8,2022-08-24,արծրուն հովհաննիսյան,45cAJx0Su0I,00:22:36,https://i.ytimg.com/vi/45cAJx0Su0I/hqdefault.jpg,53959
https://www.1tv.am/hy/video/Հարցազրույց-Էդգար-Ղազարյանի-հետ/202033,https://www.youtube.com/embed/AWIVXCPuo0k?autoplay=1&autohide=1,Հարցազրույց Էդգար Ղազարյանի հետ,21:40,"24 Օգս, 2022",24,Օգս,2022,8,2022-08-24,էդգար ղազարյան,AWIVXCPuo0k,00:21:10,https://i.ytimg.com/vi/AWIVXCPuo0k/hqdefault.jpg,96478
https://www.1tv.am/hy/video/Հարցազրույց-Էդմոն-Մարուքյանի-հետ/201994,https://www.youtube.com/embed/RHAqvY2k0m0?autoplay=1&autohide=1,Հարցազրույց Էդմոն Մարուքյանի հետ,21:15,"23 Օգս, 2022",23,Օգս,2022,8,2022-08-23,էդմոն մարուքյան,RHAqvY2k0m0,00:21:11,https://i.ytimg.com/vi/RHAqvY2k0m0/hqdefault.jpg,36316
https://www.1tv.am/hy/video/Հարցազրույց-Ռոմանոս-Պետրոսյանի-հետ/201963,https://www.youtube.com/embed/R42YlhI4Eu4?autoplay=1&autohide=1,Հարցազրույց Ռոմանոս Պետրոսյանի հետ,21:50,"22 Օգս, 2022",22,Օգս,2022,8,2022-08-22,ռոմանոս պետրոսյան,R42YlhI4Eu4,00:21:10,https://i.ytimg.com/vi/R42YlhI4Eu4/hqdefault.jpg,19278
https://www.1tv.am/hy/video/Հարցազրույց-Նորայր-Նորիկյանի-հետ/201932,https://www.youtube.com/embed/l0jyr6CVJcw?autoplay=1&autohide=1,Հարցազրույց Նորայր Նորիկյանի հետ,21:15,"19 Օգս, 2022",19,Օգս,2022,8,2022-08-19,նորայր նորիկյան,l0jyr6CVJcw,00:21:20,https://i.ytimg.com/vi/l0jyr6CVJcw/hqdefault.jpg,34335
https://www.1tv.am/hy/video/Հարցազրույց-Տիգրան-Ավինյանի-հետ/201930,https://www.youtube.com/embed/XuP9_LtLTj0?autoplay=1&autohide=1,Հարցազրույց Տիգրան Ավինյանի հետ,21:15,"18 Օգս, 2022",18,Օգս,2022,8,2022-08-18,տիգրան ավինյան,XuP9_LtLTj0,00:19:31,https://i.ytimg.com/vi/XuP9_LtLTj0/hqdefault.jpg,29095
https://www.1tv.am/hy/video/Հարցազրույց-Արմեն-Գասպարյանի-հետ/201918,https://www.youtube.com/embed/Wkl-bfe9jME?autoplay=1&autohide=1,Հարցազրույց Արմեն Գասպարյանի հետ,21:45,"17 Օգս, 2022",17,Օգս,2022,8,2022-08-17,արմեն գասպարյան,Wkl-bfe9jME,00:20:30,https://i.ytimg.com/vi/Wkl-bfe9jME/hqdefault.jpg,13738
https://www.1tv.am/hy/video/Հարցազրույց-Ռուբեն-Խաչունցի-հետ/201878,https://www.youtube.com/embed/c7PLfwDAQZ8?autoplay=1&autohide=1,Հարցազրույց Ռուբեն Խաչունցի հետ,21:15,"16 Օգս, 2022",16,Օգս,2022,8,2022-08-16,ռուբեն խաչունց,c7PLfwDAQZ8,00:24:06,https://i.ytimg.com/vi/c7PLfwDAQZ8/hqdefault.jpg,18483
https://www.1tv.am/hy/video/Հարցազրույց-Արմեն-Փամբուխչյանի-հետ/201864,https://www.youtube.com/embed/UXSWJttjLg0?autoplay=1&autohide=1,Հարցազրույց Արմեն Փամբուխչյանի հետ,20:55,"15 Օգս, 2022",15,Օգս,2022,8,2022-08-15,արմեն փամբուխչյան,UXSWJttjLg0,00:18:05,https://i.ytimg.com/vi/UXSWJttjLg0/hqdefault.jpg,18729
https://www.1tv.am/hy/video/Հարցազրույց-Արմեն-Պետրոսյանի-հետ/201789,https://www.youtube.com/embed/3u9vZcqMk4g?autoplay=1&autohide=1,Հարցազրույց Արմեն Պետրոսյանի հետ,21:15,"12 Օգս, 2022",12,Օգս,2022,8,2022-08-12,արմեն պետրոսյան,3u9vZcqMk4g,00:20:50,https://i.ytimg.com/vi/3u9vZcqMk4g/hqdefault.jpg,21327
https://www.1tv.am/hy/video/Հարցազրույց-Վահան-Քերոբյանի-հետ/201779,https://www.youtube.com/embed/UwLURXR5a5M?autoplay=1&autohide=1,Հարցազրույց Վահան Քերոբյանի հետ,21:50,"11 Օգս, 2022",11,Օգս,2022,8,2022-08-11,վահան քերոբյան,UwLURXR5a5M,00:23:16,https://i.ytimg.com/vi/UwLURXR5a5M/hqdefault.jpg,14628
https://www.1tv.am/hy/video/Հարցազրույց-Արամ-Անանյանի-հետ/201564,https://www.youtube.com/embed/UybimkkqbMw?autoplay=1&autohide=1,Հարցազրույց Արամ Անանյանի հետ,21:30,"29 Հլս, 2022",29,Հլս,2022,7,2022-07-29,արամ անանյան,UybimkkqbMw,00:21:20,https://i.ytimg.com/vi/UybimkkqbMw/hqdefault.jpg,15618
https://www.1tv.am/hy/video/Հարցազրույց-Կարեն-Ղազարյանի-հետ/201495,https://www.youtube.com/embed/otyTAS7hKdg?autoplay=1&autohide=1,Հարցազրույց Կարեն Ղազարյանի հետ,22:00,"28 Հլս, 2022",28,Հլս,2022,7,2022-07-28,կարեն ղազարյան,otyTAS7hKdg,00:19:40,https://i.ytimg.com/vi/otyTAS7hKdg/hqdefault.jpg,16187
https://www.1tv.am/hy/video/Հարցազրույց-Հակոբ-Արշակյանի-հետ/201468,https://www.youtube.com/embed/qQ4sLgEx9_s?autoplay=1&autohide=1,Հարցազրույց Հակոբ Արշակյանի հետ,21:40,"27 Հլս, 2022",27,Հլս,2022,7,2022-07-27,հակոբ արշակյան,qQ4sLgEx9_s,00:22:41,https://i.ytimg.com/vi/qQ4sLgEx9_s/hqdefault.jpg,18537
https://www.1tv.am/hy/video/Հարցազրույց-Անի-Ապրահամյանի-հետ/201457,https://www.youtube.com/embed/LSegWOlMdm0?autoplay=1&autohide=1,Հարցազրույց Անի Ապրահամյանի հետ,21:15,"26 Հլս, 2022",26,Հլս,2022,7,2022-07-26,ան ապրահամյան,LSegWOlMdm0,00:19:59,https://i.ytimg.com/vi/LSegWOlMdm0/hqdefault.jpg,17903
https://www.1tv.am/hy/video/Հարցազրույց-Սամվել-Հայրապետյանի-հետ/201427,https://www.youtube.com/embed/6xpfOg2TpcQ?autoplay=1&autohide=1,Հարցազրույց Սամվել Հայրապետյանի հետ,21:15,"25 Հլս, 2022",25,Հլս,2022,7,2022-07-25,սամվել հայրապետյան,6xpfOg2TpcQ,00:21:35,https://i.ytimg.com/vi/6xpfOg2TpcQ/hqdefault.jpg,20291
https://www.1tv.am/hy/video/Հարցազրույց-Գագիկ-Սաֆարյանի-հետ/201322,https://www.youtube.com/embed/fCi2kFrgEoQ?autoplay=1&autohide=1,Հարցազրույց Գագիկ Սաֆարյանի հետ,21:50,"21 Հլս, 2022",21,Հլս,2022,7,2022-07-21,գագիկ սաֆարյան,fCi2kFrgEoQ,00:21:56,https://i.ytimg.com/vi/fCi2kFrgEoQ/hqdefault.jpg,30749
https://www.1tv.am/hy/video/Հարցազրույց-Արմեն-Փամբուխչյանի-հետ/201302,https://www.youtube.com/embed/9ZAY92ERb0A?autoplay=1&autohide=1,Հարցազրույց Արմեն Փամբուխչյանի հետ,21:15,"20 Հլս, 2022",20,Հլս,2022,7,2022-07-20,արմեն փամբուխչյան,9ZAY92ERb0A,00:20:10,https://i.ytimg.com/vi/9ZAY92ERb0A/hqdefault.jpg,12610
https://www.1tv.am/hy/video/Հարցազրույց-Դավիթ-Խաժակյանի-հետ/201276,https://www.youtube.com/embed/zlwmx208ClE?autoplay=1&autohide=1,Հարցազրույց Դավիթ Խաժակյանի հետ,21:30,"19 Հլս, 2022",19,Հլս,2022,7,2022-07-19,դավիթ խաժակյան,zlwmx208ClE,00:20:50,https://i.ytimg.com/vi/zlwmx208ClE/hqdefault.jpg,19774
https://www.1tv.am/hy/video/Հարցազրույց-Հայկ-Կոնջորյանի-հետ/201254,https://www.youtube.com/embed/ELdcj0qStMo?autoplay=1&autohide=1,Հարցազրույց Հայկ Կոնջորյանի հետ,21:45,"18 Հլս, 2022",18,Հլս,2022,7,2022-07-18,հայկ կոնջորյան,ELdcj0qStMo,00:24:30,https://i.ytimg.com/vi/ELdcj0qStMo/hqdefault.jpg,32878
https://www.1tv.am/hy/video/Հարցազրույց-Արամ-Սարգսյանի-հետ/201215,https://www.youtube.com/embed/0_l5AhzXY_U?autoplay=1&autohide=1,Հարցազրույց Արամ Սարգսյանի հետ,21:30,"15 Հլս, 2022",15,Հլս,2022,7,2022-07-15,արամ սարգսյան,0_l5AhzXY_U,00:24:51,https://i.ytimg.com/vi/0_l5AhzXY_U/hqdefault.jpg,65297
https://www.1tv.am/hy/video/Հարցազրույց-Խոսրով-Հարությունյանի-հետ/201148,https://www.youtube.com/embed/qiC-0uFf4uQ?autoplay=1&autohide=1,Հարցազրույց Խոսրով Հարությունյանի հետ,21:15,"14 Հլս, 2022",14,Հլս,2022,7,2022-07-14,խոսրով հարությունյան,qiC-0uFf4uQ,00:23:24,https://i.ytimg.com/vi/qiC-0uFf4uQ/hqdefault.jpg,15248
https://www.1tv.am/hy/video/Հարցազրույց-Հակոբ-Բադալյանի-հետ/201142,https://www.youtube.com/embed/k56NU1HR5J0?autoplay=1&autohide=1,Հարցազրույց Հակոբ Բադալյանի հետ,21:30,"13 Հլս, 2022",13,Հլս,2022,7,2022-07-13,հակոբ բադալյան,k56NU1HR5J0,00:21:30,https://i.ytimg.com/vi/k56NU1HR5J0/hqdefault.jpg,26576
https://www.1tv.am/hy/video/Հարցազրույց-Թաթուլ-Հակոբյանի-հետ/201116,https://www.youtube.com/embed/uo-olHWcnd4?autoplay=1&autohide=1,Հարցազրույց Թաթուլ Հակոբյանի հետ,21:35,"12 Հլս, 2022",12,Հլս,2022,7,2022-07-12,թաթուլ հակոբյան,uo-olHWcnd4,00:23:15,https://i.ytimg.com/vi/uo-olHWcnd4/hqdefault.jpg,30763
https://www.1tv.am/hy/video/Հարցազրույց-Արմեն-Գրիգորյանի-հետ/201082,https://www.youtube.com/embed/w-eo8mlpO4Y?autoplay=1&autohide=1,Հարցազրույց Արմեն Գրիգորյանի հետ,21:20,"11 Հլս, 2022",11,Հլս,2022,7,2022-07-11,արմեն գրիգորյան,w-eo8mlpO4Y,00:20:20,https://i.ytimg.com/vi/w-eo8mlpO4Y/hqdefault.jpg,23925
https://www.1tv.am/hy/video/Հարցազրույց-Էդմոն-Մարուքյանի-հետ/201026,https://www.youtube.com/embed/0YPgfFlcbmc?autoplay=1&autohide=1,Հարցազրույց Էդմոն Մարուքյանի հետ,21:30,"08 Հլս, 2022",8,Հլս,2022,7,2022-07-08,էդմոն մարուքյան,0YPgfFlcbmc,00:20:50,https://i.ytimg.com/vi/0YPgfFlcbmc/hqdefault.jpg,44461
https://www.1tv.am/hy/video/Հարցազրույց-Արսեն-Թորոսյանի-հետ/201015,https://www.youtube.com/embed/1GzoTEwgfYA?autoplay=1&autohide=1,Հարցազրույց Արսեն Թորոսյանի հետ,21:20,"07 Հլս, 2022",7,Հլս,2022,7,2022-07-07,արսեն թորոսյան,1GzoTEwgfYA,00:21:50,https://i.ytimg.com/vi/1GzoTEwgfYA/hqdefault.jpg,12934
https://www.1tv.am/hy/video/Հարցազրույց-Վահան-Քերոբյանի-հետ/200959,https://www.youtube.com/embed/gohqzlkG8WA?autoplay=1&autohide=1,Հարցազրույց Վահան Քերոբյանի հետ,21:45,"06 Հլս, 2022",6,Հլս,2022,7,2022-07-06,վահան քերոբյան,gohqzlkG8WA,00:23:01,https://i.ytimg.com/vi/gohqzlkG8WA/hqdefault.jpg,13940
https://www.1tv.am/hy/video/Հարցազրույց-Դավիթ-Հակոբյանի-հետ/200932,https://www.youtube.com/embed/Ugik2ArY5gI?autoplay=1&autohide=1,Հարցազրույց Դավիթ Հակոբյանի հետ,21:30,"05 Հլս, 2022",5,Հլս,2022,7,2022-07-05,դավիթ հակոբյան,Ugik2ArY5gI,00:19:40,https://i.ytimg.com/vi/Ugik2ArY5gI/hqdefault.jpg,8963
https://www.1tv.am/hy/video/Հարցազրույց-Ռուբեն-Ռուբինյանի-հետ/200939,https://www.youtube.com/embed/hnW7NtZmzwo?autoplay=1&autohide=1,Հարցազրույց Ռուբեն Ռուբինյանի հետ,21:15,"04 Հլս, 2022",4,Հլս,2022,7,2022-07-04,ռուբեն ռուբինյան,hnW7NtZmzwo,00:21:26,https://i.ytimg.com/vi/hnW7NtZmzwo/hqdefault.jpg,25866
https://www.1tv.am/hy/video/Հարցազրույց-Արմեն-Մելիքբեկյանի-հետ/200879,https://www.youtube.com/embed/Qc1V69YO_yY?autoplay=1&autohide=1,Հարցազրույց Արմեն Մելիքբեկյանի հետ,21:45,"01 Հլս, 2022",1,Հլս,2022,7,2022-07-01,արմեն մելիքբեկյան,Qc1V69YO_yY,00:21:40,https://i.ytimg.com/vi/Qc1V69YO_yY/hqdefault.jpg,12372
https://www.1tv.am/hy/video/Հարցազրույց-Արթուր-Ստեփանյանի-հետ/200718,https://www.youtube.com/embed/UlDRwDTIsd0?autoplay=1&autohide=1,Հարցազրույց Արթուր Ստեփանյանի հետ,21:15,"30 Հնս, 2022",30,Հնս,2022,6,2022-06-30,արթուր ստեփանյան,UlDRwDTIsd0,00:27:40,https://i.ytimg.com/vi/UlDRwDTIsd0/hqdefault.jpg,13460
https://www.1tv.am/hy/video/Հարցազրույց-Վլադիմիր-Սպիվակովի-հետ/200638,https://www.youtube.com/embed/RzoPc3v7u3M?autoplay=1&autohide=1,Հարցազրույց Վլադիմիր Սպիվակովի հետ,22:00,"29 Հնս, 2022",29,Հնս,2022,6,2022-06-29,վլադիմիր սպիվակով,RzoPc3v7u3M,00:17:30,https://i.ytimg.com/vi/RzoPc3v7u3M/hqdefault.jpg,18674
https://www.1tv.am/hy/video/Հարցազրույց-Հայկակ-Արշամյանի-հետ/200597,https://www.youtube.com/embed/Vjh6-vDFdxA?autoplay=1&autohide=1,Հարցազրույց Հայկակ Արշամյանի հետ,21:15,"28 Հնս, 2022",28,Հնս,2022,6,2022-06-28,հայկակ արշամյան,Vjh6-vDFdxA,00:19:46,https://i.ytimg.com/vi/Vjh6-vDFdxA/hqdefault.jpg,10336
https://www.1tv.am/hy/video/Հարցազրույց-Սրբուհի-Գալյանի-հետ/200557,https://www.youtube.com/embed/YS7ZNrt5QIc?autoplay=1&autohide=1,Հարցազրույց Սրբուհի Գալյանի հետ,23:45,"27 Հնս, 2022",27,Հնս,2022,6,2022-06-27,սրբուհ գալյան,YS7ZNrt5QIc,00:22:30,https://i.ytimg.com/vi/YS7ZNrt5QIc/hqdefault.jpg,12269
https://www.1tv.am/hy/video/Հարցազրույց-Տիգրան-Հակոբյանի-հետ/200483,https://www.youtube.com/embed/g_Fw7MPlrH0?autoplay=1&autohide=1,Հարցազրույց Տիգրան Հակոբյանի հետ,21:15,"24 Հնս, 2022",24,Հնս,2022,6,2022-06-24,տիգրան հակոբյան,g_Fw7MPlrH0,00:23:07,https://i.ytimg.com/vi/g_Fw7MPlrH0/hqdefault.jpg,21742
https://www.1tv.am/hy/video/Հարցազրույց-Գագիկ-Ջհանգիրյանի-հետ/200365,https://www.youtube.com/embed/KBnPsA5PXqM?autoplay=1&autohide=1,Հարցազրույց Գագիկ Ջհանգիրյանի հետ,21:50,"23 Հնս, 2022",23,Հնս,2022,6,2022-06-23,գագիկ ջհանգիրյան,KBnPsA5PXqM,00:32:11,https://i.ytimg.com/vi/KBnPsA5PXqM/hqdefault.jpg,91481
https://www.1tv.am/hy/video/Հարցազրույց-Վահագն-Խաչատուրյանի-հետ/200326,https://www.youtube.com/embed/Z169v5YiQy8?autoplay=1&autohide=1,Հարցազրույց Վահագն Խաչատուրյանի հետ,21:45,"22 Հնս, 2022",22,Հնս,2022,6,2022-06-22,վահագն խաչատուրյան,Z169v5YiQy8,00:35:51,https://i.ytimg.com/vi/Z169v5YiQy8/hqdefault.jpg,30383
https://www.1tv.am/hy/video/Հարցազրույց-Արթուր-Վանեցյանի-հետ/200246,https://www.youtube.com/embed/8U8FCnIofjo?autoplay=1&autohide=1,Հարցազրույց Արթուր Վանեցյանի հետ,21:30,"21 Հնս, 2022",21,Հնս,2022,6,2022-06-21,արթուր վանեցյան,8U8FCnIofjo,00:26:21,https://i.ytimg.com/vi/8U8FCnIofjo/hqdefault.jpg,43908
https://www.1tv.am/hy/video/Հարցազրույց/200208,https://www.youtube.com/embed/qp_rITTiWF8?autoplay=1&autohide=1,Հարցազրույց Արա Խզմալյանի հետ,20:35,"20 Հնս, 2022",20,Հնս,2022,6,2022-06-20,արա խզմալյան,qp_rITTiWF8,00:22:20,https://i.ytimg.com/vi/qp_rITTiWF8/hqdefault.jpg,14973
https://www.1tv.am/hy/video/Հարցազրույց-Սերգեյ-Մարկեդոնովի-հետ/200139,https://www.youtube.com/embed/3Q7dLXuaQWw?autoplay=1&autohide=1,Հարցազրույց Սերգեյ Մարկեդոնովի հետ,21:45,"17 Հնս, 2022",17,Հնս,2022,6,2022-06-17,սերգեյ մարկեդոնով,3Q7dLXuaQWw,00:27:25,https://i.ytimg.com/vi/3Q7dLXuaQWw/hqdefault.jpg,15272
https://www.1tv.am/hy/video/Հարցազրույց-Հայկ-Կոնջորյանի-հետ/200067,https://www.youtube.com/embed/t4NxKmBrJ0A?autoplay=1&autohide=1,Հարցազրույց Հայկ Կոնջորյանի հետ,21:35,"16 Հնս, 2022",16,Հնս,2022,6,2022-06-16,հայկ կոնջորյան,t4NxKmBrJ0A,00:22:00,https://i.ytimg.com/vi/t4NxKmBrJ0A/hqdefault.jpg,38422
https://www.1tv.am/hy/video/Հարցազրույց-Արտեմ-Փաթափությանի-հետ/200008,https://www.youtube.com/embed/nYo2FYDTEjA?autoplay=1&autohide=1,Հարցազրույց Արտեմ Փաթափությանի հետ,21:55,"15 Հնս, 2022",15,Հնս,2022,6,2022-06-15,արտեմ փաթափության,nYo2FYDTEjA,00:18:24,https://i.ytimg.com/vi/nYo2FYDTEjA/hqdefault.jpg,19536
https://www.1tv.am/hy/video/Հարցազրույց-Ներսես-Երիցյանի-հետ/199979,https://www.youtube.com/embed/ZRyIH-Cpjsc?autoplay=1&autohide=1,Հարցազրույց Ներսես Երիցյանի հետ,21:15,"14 Հնս, 2022",14,Հնս,2022,6,2022-06-14,ներսես երիցյան,ZRyIH-Cpjsc,00:24:01,https://i.ytimg.com/vi/ZRyIH-Cpjsc/hqdefault.jpg,11195
https://www.1tv.am/hy/video/Հարցազրույց-Գևորգ-Պապոյանի-հետ/199891,https://www.youtube.com/embed/tnlaiJCBVu0?autoplay=1&autohide=1,Հարցազրույց Գևորգ Պապոյանի հետ,21:15,"13 Հնս, 2022",13,Հնս,2022,6,2022-06-13,գևորգ պապոյան,tnlaiJCBVu0,00:23:41,https://i.ytimg.com/vi/tnlaiJCBVu0/hqdefault.jpg,22759
https://www.1tv.am/hy/video/Հարցազրույց-Կլեր-Բազի-Մալորիի-հետ/199835,https://www.youtube.com/embed/0QYC3f3qbic?autoplay=1&autohide=1,Հարցազրույց Կլեր Բազի Մալորիի հետ,21:50,"10 Հնս, 2022",10,Հնս,2022,6,2022-06-10,կլեր բազ մալորի,0QYC3f3qbic,00:28:41,https://i.ytimg.com/vi/0QYC3f3qbic/hqdefault.jpg,17070
https://www.1tv.am/hy/video/Հարցազրույց-Արման-Բաբաջանյանի-հետ/199698,https://www.youtube.com/embed/TCBMXXNVwf8?autoplay=1&autohide=1,Հարցազրույց Արման Բաբաջանյանի հետ,21:50,"09 Հնս, 2022",9,Հնս,2022,6,2022-06-09,արման բաբաջանյան,TCBMXXNVwf8,00:24:21,https://i.ytimg.com/vi/TCBMXXNVwf8/hqdefault.jpg,37578
https://www.1tv.am/hy/video/Հարցազրույց-Վահագն-Ալեքսանյանի-հետ/199633,https://www.youtube.com/embed/bBIR7YzaU8M?autoplay=1&autohide=1,Հարցազրույց Վահագն Ալեքսանյանի հետ,21:05,"08 Հնս, 2022",8,Հնս,2022,6,2022-06-08,վահագն ալեքսանյան,bBIR7YzaU8M,00:18:15,https://i.ytimg.com/vi/bBIR7YzaU8M/hqdefault.jpg,33313
https://www.1tv.am/hy/video/Հարցազրույց-Հայկ-Եսայանի-հետ/199584,https://www.youtube.com/embed/U2aKdfruRcs?autoplay=1&autohide=1,Հարցազրույց Հայկ Եսայանի հետ,21:45,"07 Հնս, 2022",7,Հնս,2022,6,2022-06-07,հայկ եսայան,U2aKdfruRcs,00:18:15,https://i.ytimg.com/vi/U2aKdfruRcs/hqdefault.jpg,10800
https://www.1tv.am/hy/video/Հարցազրույց-Սուրեն-Պապիկյանի-հետ/199540,https://www.youtube.com/embed/M90EHAj4BWM?autoplay=1&autohide=1,Հարցազրույց Սուրեն Պապիկյանի հետ,21:15,"06 Հնս, 2022",6,Հնս,2022,6,2022-06-06,սուրեն պապիկյան,M90EHAj4BWM,00:24:21,https://i.ytimg.com/vi/M90EHAj4BWM/hqdefault.jpg,45995
https://www.1tv.am/hy/video/Հարցազրույց-Ռոբերտ-Խաչատրյանի-հետ/199505,https://www.youtube.com/embed/YXl0eBP-k5Q?autoplay=1&autohide=1,Հարցազրույց Ռոբերտ Խաչատրյանի հետ,21:30,"04 Հնս, 2022",4,Հնս,2022,6,2022-06-04,ռոբերտ խաչատրյան,YXl0eBP-k5Q,00:22:30,https://i.ytimg.com/vi/YXl0eBP-k5Q/hqdefault.jpg,27608
https://www.1tv.am/hy/video/Հարցազրույց-Արմեն-Մարտիրոսյանի-հետ/199286,https://www.youtube.com/embed/eIFAxK3_ID0?autoplay=1&autohide=1,Հարցազրույց Արմեն Մարտիրոսյանի հետ,21:15,"01 Հնս, 2022",1,Հնս,2022,6,2022-06-01,արմեն մարտիրոսյան,eIFAxK3_ID0,00:20:40,https://i.ytimg.com/vi/eIFAxK3_ID0/hqdefault.jpg,9111
https://www.1tv.am/hy/video/Հարցազրույց-Դավիթ-Սանասարյանի-հետ/199135,https://www.youtube.com/embed/VxXf7WreQV4?autoplay=1&autohide=1,Հարցազրույց Դավիթ Սանասարյանի հետ,21:15,"30 Մայ, 2022",30,Մայ,2022,5,2022-05-30,դավիթ սանասարյան,VxXf7WreQV4,00:22:15,https://i.ytimg.com/vi/VxXf7WreQV4/hqdefault.jpg,22534
https://www.1tv.am/hy/video/Հարցազրույց-Գնել-Սանոսյանի-հետ/199059,https://www.youtube.com/embed/yJE4fN5bowk?autoplay=1&autohide=1,Հարցազրույց Գնել Սանոսյանի հետ,21:20,"27 Մայ, 2022",27,Մայ,2022,5,2022-05-27,գնել սանոսյան,yJE4fN5bowk,00:20:40,https://i.ytimg.com/vi/yJE4fN5bowk/hqdefault.jpg,22559
https://www.1tv.am/hy/video/Հարցազրույց-Արծրուն-Հովհաննիսյանի-հետ/198957,https://www.youtube.com/embed/OiM98LTASBg?autoplay=1&autohide=1,Հարցազրույց Արծրուն Հովհաննիսյանի հետ,21:15,"26 Մայ, 2022",26,Մայ,2022,5,2022-05-26,արծրուն հովհաննիսյան,OiM98LTASBg,00:24:00,https://i.ytimg.com/vi/OiM98LTASBg/hqdefault.jpg,43056
https://www.1tv.am/hy/video/Հարցազրույց-Էդմոն-Մարուքյանի-հետ/198867,https://www.youtube.com/embed/NsJoaRg-pg8?autoplay=1&autohide=1,Հարցազրույց Էդմոն Մարուքյանի հետ,21:15,"25 Մայ, 2022",25,Մայ,2022,5,2022-05-25,էդմոն մարուքյան,NsJoaRg-pg8,00:20:20,https://i.ytimg.com/vi/NsJoaRg-pg8/hqdefault.jpg,39165
https://www.1tv.am/hy/video/Հարցազրույց-Արայիկ-Հարությունյանի-հետ/198775,https://www.youtube.com/embed/mhoa6jC6H8g?autoplay=1&autohide=1,Հարցազրույց Արայիկ Հարությունյանի հետ,21:15,"24 Մայ, 2022",24,Մայ,2022,5,2022-05-24,արայիկ հարությունյան,mhoa6jC6H8g,00:21:35,https://i.ytimg.com/vi/mhoa6jC6H8g/hqdefault.jpg,27720
https://www.1tv.am/hy/video/Բանավեճ-Բրյուսելյան-հանդիպման-արդյունքները/198728,https://www.youtube.com/embed/TF74FM7EPw0?autoplay=1&autohide=1,Բանավեճ. Բրյուսելյան հանդիպման արդյունքները,21:45,"23 Մայ, 2022",23,Մայ,2022,5,2022-05-23,բանավեճ. բրյուսելյան հանդիպման արդյունքները,TF74FM7EPw0,00:30:45,https://i.ytimg.com/vi/TF74FM7EPw0/hqdefault.jpg,65986
https://www.1tv.am/hy/video/Հարցազրույց-Արա-Ֆիդանյանի-հետ/198604,https://www.youtube.com/embed/nYf61iS6ljQ?autoplay=1&autohide=1,Հարցազրույց Արա Ֆիդանյանի հետ,21:35,"20 Մայ, 2022",20,Մայ,2022,5,2022-05-20,արա ֆիդանյան,nYf61iS6ljQ,00:20:56,https://i.ytimg.com/vi/nYf61iS6ljQ/hqdefault.jpg,26369
https://www.1tv.am/hy/video/Բանավեճ-Արցախի-փրկությունը-ոչ-միայն-ներկայիս-այլ-նաև-նախկին-իշխանությունների-պատասխանատվությունն-է/198494,https://www.youtube.com/embed/OHNP0aVW2E8?autoplay=1&autohide=1,"Բանավեճ. Արցախի փրկությունը ոչ միայն ներկայիս, այլ նաև նախկին իշխանությունների պատասխանատվությունն է",20:25,"18 Մայ, 2022",18,Մայ,2022,5,2022-05-18,"բանավեճ. արցախ փրկությունը ոչ միայն ներկայիս, այլ նաև նախկին իշխանություններ պատասխանատվությունն է",OHNP0aVW2E8,00:35:46,https://i.ytimg.com/vi/OHNP0aVW2E8/hqdefault.jpg,106662
https://www.1tv.am/hy/video/Հարցազրույց-Սուրեն-Սուրենյանցի-հետ/198433,https://www.youtube.com/embed/L4Jr_fWs_ao?autoplay=1&autohide=1,Հարցազրույց Սուրեն Սուրենյանցի հետ,21:20,"17 Մայ, 2022",17,Մայ,2022,5,2022-05-17,սուրեն սուրենյանց,L4Jr_fWs_ao,00:25:10,https://i.ytimg.com/vi/L4Jr_fWs_ao/hqdefault.jpg,36649
https://www.1tv.am/hy/video/Հարցազրույց-Դավիթ-Փափազյանի-հետ/198374,https://www.youtube.com/embed/ZZlkFQ3krjE?autoplay=1&autohide=1,Հարցազրույց Դավիթ Փափազյանի հետ,20:15,"16 Մայ, 2022",16,Մայ,2022,5,2022-05-16,դավիթ փափազյան,ZZlkFQ3krjE,00:22:50,https://i.ytimg.com/vi/ZZlkFQ3krjE/hqdefault.jpg,16418
https://www.1tv.am/hy/video/Հարցազրույց-Էդմոն-Մարուքյանի-հետ/198314,https://www.youtube.com/embed/2JNCQDBHlnk?autoplay=1&autohide=1,Հարցազրույց Էդմոն Մարուքյանի հետ,21:40,"13 Մայ, 2022",13,Մայ,2022,5,2022-05-13,էդմոն մարուքյան,2JNCQDBHlnk,00:22:26,https://i.ytimg.com/vi/2JNCQDBHlnk/hqdefault.jpg,62202
https://www.1tv.am/hy/video/Հարցազրույց-Եղիշե-Կիրակոսյանի-հետ/198210,https://www.youtube.com/embed/Ju_PHl-sRQA?autoplay=1&autohide=1,Հարցազրույց Եղիշե Կիրակոսյանի հետ,21:45,"12 Մայ, 2022",12,Մայ,2022,5,2022-05-12,եղիշե կիրակոսյան,Ju_PHl-sRQA,00:26:10,https://i.ytimg.com/vi/Ju_PHl-sRQA/hqdefault.jpg,17531
https://www.1tv.am/hy/video/Հարցազրույց-Նազելի-Բաղդասարյանի-հետ/198140,https://www.youtube.com/embed/9iD6x7hHshU?autoplay=1&autohide=1,Հարցազրույց Նազելի Բաղդասարյանի հետ,21:15,"11 Մայ, 2022",11,Մայ,2022,5,2022-05-11,նազել բաղդասարյան,9iD6x7hHshU,00:21:20,https://i.ytimg.com/vi/9iD6x7hHshU/hqdefault.jpg,33068
https://www.1tv.am/hy/video/Հարցազրույց-Անդրանիկ-Քոչարյանի-հետ/198069,https://www.youtube.com/embed/nL3FTGWny8g?autoplay=1&autohide=1,Հարցազրույց Անդրանիկ Քոչարյանի հետ,21:15,"10 Մայ, 2022",10,Մայ,2022,5,2022-05-10,անդրանիկ քոչարյան,nL3FTGWny8g,00:25:51,https://i.ytimg.com/vi/nL3FTGWny8g/hqdefault.jpg,48664
https://www.1tv.am/hy/video/Հարցազրույց-Քրիստիննե-Գրիգորյանի-հետ/197998,https://www.youtube.com/embed/IKt8y5E8b2E?autoplay=1&autohide=1,Հարցազրույց Քրիստիննե Գրիգորյանի հետ,21:15,"09 Մայ, 2022",9,Մայ,2022,5,2022-05-09,քրիստիննե գրիգորյան,IKt8y5E8b2E,00:23:51,https://i.ytimg.com/vi/IKt8y5E8b2E/hqdefault.jpg,12880
https://www.1tv.am/hy/video/Հարցազրույց-Արման-Մուսինյանի-հետ/197991,https://www.youtube.com/embed/QbOfHaRgYI0?autoplay=1&autohide=1,Հարցազրույց Արման Մուսինյանի հետ,20:15,"06 Մայ, 2022",6,Մայ,2022,5,2022-05-06,արման մուսինյան,QbOfHaRgYI0,00:23:41,https://i.ytimg.com/vi/QbOfHaRgYI0/hqdefault.jpg,20737
https://www.1tv.am/hy/video/Հարցազրույց-Խաչատուր-Սուքիասյանի-հետ/197873,https://www.youtube.com/embed/HMXPzYplTsk?autoplay=1&autohide=1,Հարցազրույց Խաչատուր Սուքիասյանի հետ,21:30,"05 Մայ, 2022",5,Մայ,2022,5,2022-05-05,խաչատուր սուքիասյան,HMXPzYplTsk,00:21:05,https://i.ytimg.com/vi/HMXPzYplTsk/hqdefault.jpg,69107
https://www.1tv.am/hy/video/Հարցազրույց-Հակոբ-Արշակյանի-հետ/197814,https://www.youtube.com/embed/VbTcLarG-oM?autoplay=1&autohide=1,Հարցազրույց Հակոբ Արշակյանի հետ,21:30,"04 Մայ, 2022",4,Մայ,2022,5,2022-05-04,հակոբ արշակյան,VbTcLarG-oM,00:22:16,https://i.ytimg.com/vi/VbTcLarG-oM/hqdefault.jpg,32320
https://www.1tv.am/hy/video/Հարցազրույց-Արամ-Սարգսյանի-հետ/197756,https://www.youtube.com/embed/QFvl8J-Kpsc?autoplay=1&autohide=1,Հարցազրույց Արամ Սարգսյանի հետ,21:30,"03 Մայ, 2022",3,Մայ,2022,5,2022-05-03,արամ սարգսյան,QFvl8J-Kpsc,00:23:16,https://i.ytimg.com/vi/QFvl8J-Kpsc/hqdefault.jpg,94445
https://www.1tv.am/hy/video/Բանավեճ-Պայքար-հանուն-իշխանությա՞ն-թե՞-Արցախի/197722,https://www.youtube.com/embed/K7yky-BHF9w?autoplay=1&autohide=1,"Բանավեճ. Պայքար հանուն իշխանությա՞ն, թե՞ Արցախի",21:15,"02 Մայ, 2022",2,Մայ,2022,5,2022-05-02,"բանավեճ. պայքար հանուն իշխանությա՞ն, թե՞ արցախ",K7yky-BHF9w,00:37:06,https://i.ytimg.com/vi/K7yky-BHF9w/hqdefault.jpg,78487
https://www.1tv.am/hy/video/Հարցազրույց-Մանե-Թանդիլյանի-հետ/197599,https://www.youtube.com/embed/I8WoWSZWQWc?autoplay=1&autohide=1,Հարցազրույց Մանե Թանդիլյանի հետ,22:30,"29 Ապր, 2022",29,Ապր,2022,4,2022-04-29,մանե թանդիլյան,I8WoWSZWQWc,00:22:06,https://i.ytimg.com/vi/I8WoWSZWQWc/hqdefault.jpg,14694
https://www.1tv.am/hy/video/Հարցազրույց-Արմեն-Մարտիրոսյանի-հետ/197529,https://www.youtube.com/embed/PZgkDUBmGQY?autoplay=1&autohide=1,Հարցազրույց Արմեն Մարտիրոսյանի հետ,21:15,"28 Ապր, 2022",28,Ապր,2022,4,2022-04-28,արմեն մարտիրոսյան,PZgkDUBmGQY,00:22:16,https://i.ytimg.com/vi/PZgkDUBmGQY/hqdefault.jpg,28965
https://www.1tv.am/hy/video/Հարցազրույց-Նորայր-Նորիկյանի-հետ/197460,https://www.youtube.com/embed/Et98obf1N9c?autoplay=1&autohide=1,Հարցազրույց Նորայր Նորիկյանի հետ,21:15,"27 Ապր, 2022",27,Ապր,2022,4,2022-04-27,նորայր նորիկյան,Et98obf1N9c,00:23:40,https://i.ytimg.com/vi/Et98obf1N9c/hqdefault.jpg,44920
https://www.1tv.am/hy/video/Հարցազրույց-Հայկ-Կոնջորյանի-հետ/197385,https://www.youtube.com/embed/AG_IO1YDxMs?autoplay=1&autohide=1,Հարցազրույց Հայկ Կոնջորյանի հետ,21:15,"26 Ապր, 2022",26,Ապր,2022,4,2022-04-26,հայկ կոնջորյան,AG_IO1YDxMs,00:29:36,https://i.ytimg.com/vi/AG_IO1YDxMs/hqdefault.jpg,24360
https://www.1tv.am/hy/video/Հարցազրույց-Արթուր-Խաչատրյանի-հետ/197219,https://www.youtube.com/embed/8MRo3ReuxdM?autoplay=1&autohide=1,Հարցազրույց Արթուր Խաչատրյանի հետ,21:15,"25 Ապր, 2022",25,Ապր,2022,4,2022-04-25,արթուր խաչատրյան,8MRo3ReuxdM,00:26:51,https://i.ytimg.com/vi/8MRo3ReuxdM/hqdefault.jpg,15410
https://www.1tv.am/hy/video/Հարցազրույց-Էդմոն-Մարուքյանի-հետ/197235,https://www.youtube.com/embed/TVcmHF35rNY?autoplay=1&autohide=1,Հարցազրույց Էդմոն Մարուքյանի հետ,20:30,"22 Ապր, 2022",22,Ապր,2022,4,2022-04-22,էդմոն մարուքյան,TVcmHF35rNY,00:26:21,https://i.ytimg.com/vi/TVcmHF35rNY/hqdefault.jpg,53652
https://www.1tv.am/hy/video/Հարցազրույց-Արմեն-Գրիգորյանի-հետ/197169,https://www.youtube.com/embed/b0URoS30OLQ?autoplay=1&autohide=1,Հարցազրույց Արմեն Գրիգորյանի հետ,22:00,"21 Ապր, 2022",21,Ապր,2022,4,2022-04-21,արմեն գրիգորյան,b0URoS30OLQ,00:22:40,https://i.ytimg.com/vi/b0URoS30OLQ/hqdefault.jpg,21927
https://www.1tv.am/hy/video/Հարցազրույց-Խոսրով-Հարությունյանի-հետ/197038,https://www.youtube.com/embed/g8HMCqOk77U?autoplay=1&autohide=1,Հարցազրույց Խոսրով Հարությունյանի հետ,21:15,"19 Ապր, 2022",19,Ապր,2022,4,2022-04-19,խոսրով հարությունյան,g8HMCqOk77U,00:22:31,https://i.ytimg.com/vi/g8HMCqOk77U/hqdefault.jpg,13309
https://www.1tv.am/hy/video/Հարցազրույց-Վահագն-Ալեքսանյանի-հետ/196986,https://www.youtube.com/embed/0-aBMVYhcPU?autoplay=1&autohide=1,Հարցազրույց Վահագն Ալեքսանյանի հետ,21:45,"18 Ապր, 2022",18,Ապր,2022,4,2022-04-18,վահագն ալեքսանյան,0-aBMVYhcPU,00:20:35,https://i.ytimg.com/vi/0-aBMVYhcPU/hqdefault.jpg,27158
https://www.1tv.am/hy/video/Հարցազրույց-Գուրգեն-Արսենյանի-հետ/196784,https://www.youtube.com/embed/5gpdR0YwkiM?autoplay=1&autohide=1,Հարցազրույց Գուրգեն Արսենյանի հետ,21:15,"14 Ապր, 2022",14,Ապր,2022,4,2022-04-14,գուրգեն արսենյան,5gpdR0YwkiM,00:25:51,https://i.ytimg.com/vi/5gpdR0YwkiM/hqdefault.jpg,27895
https://www.1tv.am/hy/video/Հարցազրույց-Հայկ-Կոնջորյանի-հետ/196636,https://www.youtube.com/embed/EXopwaBiu3k?autoplay=1&autohide=1,Հարցազրույց Հայկ Կոնջորյանի հետ,21:30,"12 Ապր, 2022",12,Ապր,2022,4,2022-04-12,հայկ կոնջորյան,EXopwaBiu3k,00:25:41,https://i.ytimg.com/vi/EXopwaBiu3k/hqdefault.jpg,22535
https://www.1tv.am/hy/video/Հարցազրույց-Լևոն-Զուրաբյանի-հետ/196594,https://www.youtube.com/embed/1dwAXtnycQw?autoplay=1&autohide=1,Հարցազրույց Լևոն Զուրաբյանի հետ,21:30,"11 Ապր, 2022",11,Ապր,2022,4,2022-04-11,լևոն զուրաբյան,1dwAXtnycQw,00:27:46,https://i.ytimg.com/vi/1dwAXtnycQw/hqdefault.jpg,14832
https://www.1tv.am/hy/video/Հարցազրույց-Էդուարդ-Աղաջանյանի-հետ/196460,https://www.youtube.com/embed/IM3asu7y-Cc?autoplay=1&autohide=1,Հարցազրույց Էդուարդ Աղաջանյանի հետ,21:15,"08 Ապր, 2022",8,Ապր,2022,4,2022-04-08,էդուարդ աղաջանյան,IM3asu7y-Cc,00:21:05,https://i.ytimg.com/vi/IM3asu7y-Cc/hqdefault.jpg,12077
https://www.1tv.am/hy/video/Հարցազրույց-Էդմոն-Մարուքյանի-հետ/196359,https://www.youtube.com/embed/whMYzxAsGKM?autoplay=1&autohide=1,Հարցազրույց Էդմոն Մարուքյանի հետ,21:10,"07 Ապր, 2022",7,Ապր,2022,4,2022-04-07,էդմոն մարուքյան,whMYzxAsGKM,00:22:05,https://i.ytimg.com/vi/whMYzxAsGKM/hqdefault.jpg,35984
https://www.1tv.am/hy/video/Հարցազրույց-Վահան-Քերոբյանի-հետ/196336,https://www.youtube.com/embed/QzufQOB7xcE?autoplay=1&autohide=1,Հարցազրույց Վահան Քերոբյանի հետ,21:15,"06 Ապր, 2022",6,Ապր,2022,4,2022-04-06,վահան քերոբյան,QzufQOB7xcE,00:22:40,https://i.ytimg.com/vi/QzufQOB7xcE/hqdefault.jpg,9786
https://www.1tv.am/hy/video/Հարցազրույց-Արսեն-Թորոսյանի-հետ/196244,https://www.youtube.com/embed/kGKJ1nTvsrw?autoplay=1&autohide=1,Հարցազրույց Արսեն Թորոսյանի հետ,20:45,"05 Ապր, 2022",5,Ապր,2022,4,2022-04-05,արսեն թորոսյան,kGKJ1nTvsrw,00:20:50,https://i.ytimg.com/vi/kGKJ1nTvsrw/hqdefault.jpg,12297
https://www.1tv.am/hy/video/Հարցազրույց-Մարի-Լու-Փափազյանի-հետ/196077,https://www.youtube.com/embed/QmvYuO2vUfU?autoplay=1&autohide=1,Հարցազրույց Մարի Լու Փափազյանի հետ,20:15,"02 Ապր, 2022",2,Ապր,2022,4,2022-04-02,մար լու փափազյան,QmvYuO2vUfU,00:22:05,https://i.ytimg.com/vi/QmvYuO2vUfU/hqdefault.jpg,11636
https://www.1tv.am/hy/video/Հարցազրույց-Արթուր-Հովհաննիսյանի-հետ/195935,https://www.youtube.com/embed/N4ehxsYOWHk?autoplay=1&autohide=1,Հարցազրույց Արթուր Հովհաննիսյանի հետ,21:15,"31 Մար, 2022",31,Մար,2022,3,2022-03-31,արթուր հովհաննիսյան,N4ehxsYOWHk,00:23:56,https://i.ytimg.com/vi/N4ehxsYOWHk/hqdefault.jpg,17502
https://www.1tv.am/hy/video/Հարցազրույց-Օլգա-Մարկեսի-հետ/195788,https://www.youtube.com/embed/T614hmbSLq8?autoplay=1&autohide=1,Հարցազրույց Օլգա Մարկեսի հետ,21:30,"29 Մար, 2022",29,Մար,2022,3,2022-03-29,օլգա մարկես,T614hmbSLq8,00:21:41,https://i.ytimg.com/vi/T614hmbSLq8/hqdefault.jpg,18665
https://www.1tv.am/hy/video/Հարցազրույց-Արամ-Սարգսյանի-հետ/195726,https://www.youtube.com/embed/Qhsd7QKAf4g?autoplay=1&autohide=1,Հարցազրույց Արամ Սարգսյանի հետ,21:45,"28 Մար, 2022",28,Մար,2022,3,2022-03-28,արամ սարգսյան,Qhsd7QKAf4g,00:25:21,https://i.ytimg.com/vi/Qhsd7QKAf4g/hqdefault.jpg,46658
https://www.1tv.am/hy/video/Հարցազրույց-Լևոն-Շիրինյանի-հետ/195723,https://www.youtube.com/embed/yMVk81-8bQ8?autoplay=1&autohide=1,Հարցազրույց Լևոն Շիրինյանի հետ,21:15,"28 Մար, 2022",28,Մար,2022,3,2022-03-28,լևոն շիրինյան,yMVk81-8bQ8,00:23:48,https://i.ytimg.com/vi/yMVk81-8bQ8/hqdefault.jpg,27215
https://www.1tv.am/hy/video/Հարցազրույց-Անդրանիկ-Քոչարյանի-հետ/195548,https://www.youtube.com/embed/jadeNCyeKAc?autoplay=1&autohide=1,Հարցազրույց Անդրանիկ Քոչարյանի հետ,21:30,"25 Մար, 2022",25,Մար,2022,3,2022-03-25,անդրանիկ քոչարյան,jadeNCyeKAc,00:22:05,https://i.ytimg.com/vi/jadeNCyeKAc/hqdefault.jpg,41587
https://www.1tv.am/hy/video/Հարցազրույց-Արամ-Վարդևանյանի-հետ/195510,https://www.youtube.com/embed/_4uantETzfc?autoplay=1&autohide=1,Հարցազրույց Արամ Վարդևանյանի հետ,21:45,"24 Մար, 2022",24,Մար,2022,3,2022-03-24,արամ վարդևանյան,_4uantETzfc,00:27:06,https://i.ytimg.com/vi/_4uantETzfc/hqdefault.jpg,13882
https://www.1tv.am/hy/video/Հարցազրույց-Սուրեն-Թովմասյանի-հետ/195444,https://www.youtube.com/embed/cvuLa6oAeG4?autoplay=1&autohide=1,Հարցազրույց Սուրեն Թովմասյանի հետ,21:30,"23 Մար, 2022",23,Մար,2022,3,2022-03-23,սուրեն թովմասյան,cvuLa6oAeG4,00:21:31,https://i.ytimg.com/vi/cvuLa6oAeG4/hqdefault.jpg,8328
https://www.1tv.am/hy/video/Հարցազրույց-Գևորգ-Գորգիսյանի-հետ/195379,https://www.youtube.com/embed/ajPTXYM8WgM?autoplay=1&autohide=1,Հարցազրույց Գևորգ Գորգիսյանի հետ,21:15,"22 Մար, 2022",22,Մար,2022,3,2022-03-22,գևորգ գորգիսյան,ajPTXYM8WgM,00:23:36,https://i.ytimg.com/vi/ajPTXYM8WgM/hqdefault.jpg,14833
https://www.1tv.am/hy/video/Հարցազրույց-Ալֆրեդ-Մոէկլիի-հետ/195212,https://www.youtube.com/embed/b9kgJwnqtfg?autoplay=1&autohide=1,Հարցազրույց Ալֆրեդ Մոէկլիի հետ,20:50,"18 Մար, 2022",18,Մար,2022,3,2022-03-18,ալֆրեդ մոէկլի,b9kgJwnqtfg,00:16:16,https://i.ytimg.com/vi/b9kgJwnqtfg/hqdefault.jpg,9313
https://www.1tv.am/hy/video/Հարցազրույց-Վահրամ-Դումանյանի-հետ/195131,https://www.youtube.com/embed/Lkm3j8Jt_Gs?autoplay=1&autohide=1,Հարցազրույց Վահրամ Դումանյանի հետ,20:50,"17 Մար, 2022",17,Մար,2022,3,2022-03-17,վահրամ դումանյան,Lkm3j8Jt_Gs,00:26:41,https://i.ytimg.com/vi/Lkm3j8Jt_Gs/hqdefault.jpg,6587
https://www.1tv.am/hy/video/Հարցազրույց-Տիգրան-Խաչատրյանի-հետ/195078,https://www.youtube.com/embed/3q_xplEoyBs?autoplay=1&autohide=1,Հարցազրույց Տիգրան Խաչատրյանի հետ,21:30,"16 Մար, 2022",16,Մար,2022,3,2022-03-16,տիգրան խաչատրյան,3q_xplEoyBs,00:25:46,https://i.ytimg.com/vi/3q_xplEoyBs/hqdefault.jpg,9206
https://www.1tv.am/hy/video/Հարցազրույց-Էդուարդ-Աղաջանյանի-հետ/195020,https://www.youtube.com/embed/-VsMI3a60Bg?autoplay=1&autohide=1,Հարցազրույց Էդուարդ Աղաջանյանի հետ,21:15,"15 Մար, 2022",15,Մար,2022,3,2022-03-15,էդուարդ աղաջանյան,-VsMI3a60Bg,00:28:05,https://i.ytimg.com/vi/-VsMI3a60Bg/hqdefault.jpg,12833
https://www.1tv.am/hy/video/Հարցազրույց-Արման-Խոջոյանի-հետ/194943,https://www.youtube.com/embed/5fFVFB9LXZA?autoplay=1&autohide=1,Հարցազրույց Արման Խոջոյանի հետ,21:30,"14 Մար, 2022",14,Մար,2022,3,2022-03-14,արման խոջոյան,5fFVFB9LXZA,00:21:26,https://i.ytimg.com/vi/5fFVFB9LXZA/hqdefault.jpg,9298
https://www.1tv.am/hy/video/Հարցազրույց-Կարեն-Անդրեասյանի-հետ/194876,https://www.youtube.com/embed/WfY7YjlKTSU?autoplay=1&autohide=1,Հարցազրույց Կարեն Անդրեասյանի հետ,22:00,"11 Մար, 2022",11,Մար,2022,3,2022-03-11,կարեն անդրեասյան,WfY7YjlKTSU,00:23:35,https://i.ytimg.com/vi/WfY7YjlKTSU/hqdefault.jpg,14814
https://www.1tv.am/hy/video/Հարցազրույց-Վահագն-Խաչատուրյանի-հետ/194783,https://www.youtube.com/embed/Wsy3Jd3GaYQ?autoplay=1&autohide=1,Հարցազրույց Վահագն Խաչատուրյանի հետ,21:30,"10 Մար, 2022",10,Մար,2022,3,2022-03-10,վահագն խաչատուրյան,Wsy3Jd3GaYQ,00:26:47,https://i.ytimg.com/vi/Wsy3Jd3GaYQ/hqdefault.jpg,18368
https://www.1tv.am/hy/video/Հարցազրույց-Արա-Մկրտչյանի-հետ/194718,https://www.youtube.com/embed/AwAKoYfv7yk?autoplay=1&autohide=1,Հարցազրույց Արա Մկրտչյանի հետ,21:35,"09 Մար, 2022",9,Մար,2022,3,2022-03-09,արա մկրտչյան,AwAKoYfv7yk,00:22:46,https://i.ytimg.com/vi/AwAKoYfv7yk/hqdefault.jpg,9364
https://www.1tv.am/hy/video/Հարցազրույց-Քրիստիննե-Գրիգորյանի-հետ/194658,https://www.youtube.com/embed/ENSTZ15SuG8?autoplay=1&autohide=1,Հարցազրույց Քրիստիննե Գրիգորյանի հետ,21:15,"08 Մար, 2022",8,Մար,2022,3,2022-03-08,քրիստիննե գրիգորյան,ENSTZ15SuG8,00:21:50,https://i.ytimg.com/vi/ENSTZ15SuG8/hqdefault.jpg,6006
https://www.1tv.am/hy/video/Հարցազրույց-Գուրգեն-Արսենյանի-հետ/194641,https://www.youtube.com/embed/sIC9fKz_Ra8?autoplay=1&autohide=1,Հարցազրույց Գուրգեն Արսենյանի հետ,14:30,"07 Մար, 2022",7,Մար,2022,3,2022-03-07,գուրգեն արսենյան,sIC9fKz_Ra8,00:25:31,https://i.ytimg.com/vi/sIC9fKz_Ra8/hqdefault.jpg,21606
https://www.1tv.am/hy/video/Հարցազրույց-Արծրուն-Հովհաննիսյանի-հետ/194496,https://www.youtube.com/embed/CjDsgOKuLL0?autoplay=1&autohide=1,Հարցազրույց Արծրուն Հովհաննիսյանի հետ,21:15,"04 Մար, 2022",4,Մար,2022,3,2022-03-04,արծրուն հովհաննիսյան,CjDsgOKuLL0,00:25:56,https://i.ytimg.com/vi/CjDsgOKuLL0/hqdefault.jpg,41441
https://www.1tv.am/hy/video/Հարցազրույց-Գեղամ-Գևորգյանի-հետ/194387,https://www.youtube.com/embed/0ZMaNjHuxXI?autoplay=1&autohide=1,Հարցազրույց Գեղամ Գևորգյանի հետ,21:50,"01 Մար, 2022",1,Մար,2022,3,2022-03-01,գեղամ գևորգյան,0ZMaNjHuxXI,00:26:36,https://i.ytimg.com/vi/0ZMaNjHuxXI/hqdefault.jpg,9128
https://www.1tv.am/hy/video/Հարցազրույց-Հովհաննես-Խաչատրյանի-հետ/194363,https://www.youtube.com/embed/mUP8HNH0clc?autoplay=1&autohide=1,Հարցազրույց Հովհաննես Խաչատրյանի հետ,21:10,"28 Փտր, 2022",28,Փտր,2022,2,2022-02-28,հովհաննես խաչատրյան,mUP8HNH0clc,00:23:51,https://i.ytimg.com/vi/mUP8HNH0clc/hqdefault.jpg,12201
https://www.1tv.am/hy/video/Հարցազրույց-Մարինա-Կալյուրանդի-հետ/194258,https://www.youtube.com/embed/szP8oBTTcoY?autoplay=1&autohide=1,Հարցազրույց Մարինա Կալյուրանդի հետ,21:40,"24 Փտր, 2022",24,Փտր,2022,2,2022-02-24,մարինա կալյուրանդ,szP8oBTTcoY,00:17:20,https://i.ytimg.com/vi/szP8oBTTcoY/hqdefault.jpg,9324
https://www.1tv.am/hy/video/Հարցազրույց-Անդրիուս-Կուբիլիուսի-հետ/194249,https://www.youtube.com/embed/IOBGfdZcZM8?autoplay=1&autohide=1,Հարցազրույց Անդրիուս Կուբիլիուսի հետ,21:40,"23 Փտր, 2022",23,Փտր,2022,2,2022-02-23,անդրիուս կուբիլիուս,IOBGfdZcZM8,00:21:35,https://i.ytimg.com/vi/IOBGfdZcZM8/hqdefault.jpg,1309
https://www.1tv.am/hy/video/Հարցազրույց-Տեր-Նարեկ-քահանա-Ամիրյանի-հետ/194188,https://www.youtube.com/embed/PuW7lkw2Foc?autoplay=1&autohide=1,Հարցազրույց Տեր Նարեկ քահանա Ամիրյանի հետ,21:25,"22 Փտր, 2022",22,Փտր,2022,2,2022-02-22,տեր նարեկ քահանա ամիրյան,PuW7lkw2Foc,00:17:15,https://i.ytimg.com/vi/PuW7lkw2Foc/hqdefault.jpg,4866
https://www.1tv.am/hy/video/Հարցազրույց-Սամվել-Բաբայանի-հետ/194179,https://www.youtube.com/embed/8iUoIxubrLc?autoplay=1&autohide=1,Հարցազրույց Սամվել Բաբայանի հետ,21:15,"21 Փտր, 2022",21,Փտր,2022,2,2022-02-21,սամվել բաբայան,8iUoIxubrLc,00:27:25,https://i.ytimg.com/vi/8iUoIxubrLc/hqdefault.jpg,81567
https://www.1tv.am/hy/video/Հարցազրույց-Գնել-Սանոսյանի-հետ/194102,https://www.youtube.com/embed/fKu6ne0Q5bU?autoplay=1&autohide=1,Հարցազրույց Գնել Սանոսյանի հետ,21:30,"18 Փտր, 2022",18,Փտր,2022,2,2022-02-18,գնել սանոսյան,fKu6ne0Q5bU,00:21:05,https://i.ytimg.com/vi/fKu6ne0Q5bU/hqdefault.jpg,12213
https://www.1tv.am/hy/video/Հարցազրույց-Գեղամ-Մանուկյանի-հետ/194070,https://www.youtube.com/embed/JcoFYqeHf0s?autoplay=1&autohide=1,Հարցազրույց Գեղամ Մանուկյանի հետ,21:45,"17 Փտր, 2022",17,Փտր,2022,2,2022-02-17,գեղամ մանուկյան,JcoFYqeHf0s,00:26:11,https://i.ytimg.com/vi/JcoFYqeHf0s/hqdefault.jpg,19847
https://www.1tv.am/hy/video/Հարցազրույց-Էդմոն-Մարուքյանի-հետ/194037,https://www.youtube.com/embed/saYR0U1eeZw?autoplay=1&autohide=1,Հարցազրույց Էդմոն Մարուքյանի հետ,21:30,"16 Փտր, 2022",16,Փտր,2022,2,2022-02-16,էդմոն մարուքյան,saYR0U1eeZw,00:24:31,https://i.ytimg.com/vi/saYR0U1eeZw/hqdefault.jpg,23532
https://www.1tv.am/hy/video/Հարցազրույց-Տիգրան-Աբրահամյանի-հետ/194017,https://www.youtube.com/embed/ft-46Rx3DaE?autoplay=1&autohide=1,Հարցազրույց Տիգրան Աբրահամյանի հետ,21:30,"15 Փտր, 2022",15,Փտր,2022,2,2022-02-15,տիգրան աբրահամյան,ft-46Rx3DaE,00:27:21,https://i.ytimg.com/vi/ft-46Rx3DaE/hqdefault.jpg,8753
https://www.1tv.am/hy/video/Հարցազրույց-Անդրանիկ-Քոչարյանի-հետգ/193972,https://www.youtube.com/embed/FJ93OBXaJsE?autoplay=1&autohide=1,Հարցազրույց Անդրանիկ Քոչարյանի հետ,21:35,"14 Փտր, 2022",14,Փտր,2022,2,2022-02-14,անդրանիկ քոչարյան,FJ93OBXaJsE,00:24:36,https://i.ytimg.com/vi/FJ93OBXaJsE/hqdefault.jpg,27559
https://www.1tv.am/hy/video/Հարցազրույց-Ռոբերտ-Բեգլարյանի-հետ/193928,https://www.youtube.com/embed/WjdhNu22jLk?autoplay=1&autohide=1,Հարցազրույց Ռոբերտ Բեգլարյանի հետ,21:35,"11 Փտր, 2022",11,Փտր,2022,2,2022-02-11,ռոբերտ բեգլարյան,WjdhNu22jLk,00:22:36,https://i.ytimg.com/vi/WjdhNu22jLk/hqdefault.jpg,9202
https://www.1tv.am/hy/video/Հարցազրույց-Վահագն-Ալեքսանյանի-հետ/193891,https://www.youtube.com/embed/wPdDgatc-VM?autoplay=1&autohide=1,Հարցազրույց Վահագն Ալեքսանյանի հետ,21:30,"10 Փտր, 2022",10,Փտր,2022,2,2022-02-10,վահագն ալեքսանյան,wPdDgatc-VM,00:26:36,https://i.ytimg.com/vi/wPdDgatc-VM/hqdefault.jpg,21398
https://www.1tv.am/hy/video/Հարցազրույց-Մխիթար-Հայրապետյանի-հետ/193895,https://www.youtube.com/embed/LD8x9HFto-4?autoplay=1&autohide=1,Հարցազրույց Մխիթար Հայրապետյանի հետ,21:30,"09 Փտր, 2022",9,Փտր,2022,2,2022-02-09,մխիթար հայրապետյան,LD8x9HFto-4,00:23:46,https://i.ytimg.com/vi/LD8x9HFto-4/hqdefault.jpg,8233
https://www.1tv.am/hy/video/Հարցազրույց-Գագիկ-Ջհանգիրյանի-հետ/193853,https://www.youtube.com/embed/nC6RG-omzec?autoplay=1&autohide=1,Հարցազրույց Գագիկ Ջհանգիրյանի հետ,21:30,"08 Փտր, 2022",8,Փտր,2022,2,2022-02-08,գագիկ ջհանգիրյան,nC6RG-omzec,00:25:55,https://i.ytimg.com/vi/nC6RG-omzec/hqdefault.jpg,39047
https://www.1tv.am/hy/video/Հարցազրույց-Հայկ-Մամիջանյանի-հետ/193850,https://www.youtube.com/embed/8bxxiHvvtEY?autoplay=1&autohide=1,Հարցազրույց Հայկ Մամիջանյանի հետ,21:30,"07 Փտր, 2022",7,Փտր,2022,2,2022-02-07,հայկ մամիջանյան,8bxxiHvvtEY,00:31:01,https://i.ytimg.com/vi/8bxxiHvvtEY/hqdefault.jpg,14212
https://www.1tv.am/hy/video/Հարցազրույց-Սրբուհի-Գալյանի-հետ/193753,https://www.youtube.com/embed/1-N7t8xaEdI?autoplay=1&autohide=1,Հարցազրույց Սրբուհի Գալյանի հետ,21:30,"04 Փտր, 2022",4,Փտր,2022,2,2022-02-04,սրբուհ գալյան,1-N7t8xaEdI,00:22:40,https://i.ytimg.com/vi/1-N7t8xaEdI/hqdefault.jpg,13329
https://www.1tv.am/hy/video/Հարցազրույց-Արսեն-Թորոսյանի-հետ/193731,https://www.youtube.com/embed/OnRDylExiAk?autoplay=1&autohide=1,Հարցազրույց Արսեն Թորոսյանի հետ,21:30,"03 Փտր, 2022",3,Փտր,2022,2,2022-02-03,արսեն թորոսյան,OnRDylExiAk,00:24:55,https://i.ytimg.com/vi/OnRDylExiAk/hqdefault.jpg,8904
https://www.1tv.am/hy/video/Հարցազրույց-Վահագն-Խաչատուրյանի-հետ/193707,https://www.youtube.com/embed/zp_KA459KM0?autoplay=1&autohide=1,Հարցազրույց Վահագն Խաչատուրյանի հետ,21:30,"02 Փտր, 2022",2,Փտր,2022,2,2022-02-02,վահագն խաչատուրյան,zp_KA459KM0,00:31:25,https://i.ytimg.com/vi/zp_KA459KM0/hqdefault.jpg,35997
https://www.1tv.am/hy/video/Հարցազրույց-Ալեն-Սիմոնյանի-հետ/193679,https://www.youtube.com/embed/DUHV6M3yuZU?autoplay=1&autohide=1,Հարցազրույց Ալեն Սիմոնյանի հետ,21:30,"01 Փտր, 2022",1,Փտր,2022,2,2022-02-01,ալեն սիմոնյան,DUHV6M3yuZU,00:29:46,https://i.ytimg.com/vi/DUHV6M3yuZU/hqdefault.jpg,41535
https://www.1tv.am/hy/video/Հարցազրույց-Տիգրան-Հակոբյանի-հետ/193664,https://www.youtube.com/embed/F1j6ejAAIGI?autoplay=1&autohide=1,Հարցազրույց Տիգրան Հակոբյանի հետ,21:45,"31 Հնվ, 2022",31,Հնվ,2022,1,2022-01-31,տիգրան հակոբյան,F1j6ejAAIGI,00:27:45,https://i.ytimg.com/vi/F1j6ejAAIGI/hqdefault.jpg,8543
https://www.1tv.am/hy/video/Հարցազրույց-Հակոբ-Արշակյանի-հետ/193564,https://www.youtube.com/embed/zJCb-f93Q_I?autoplay=1&autohide=1,Հարցազրույց Հակոբ Արշակյանի հետ,20:30,"28 Հնվ, 2022",28,Հնվ,2022,1,2022-01-28,հակոբ արշակյան,zJCb-f93Q_I,00:23:49,https://i.ytimg.com/vi/zJCb-f93Q_I/hqdefault.jpg,14300
https://www.1tv.am/hy/video/Հարցազրույց-Հայկուհի-Մինասյանի-հետ/193561,https://www.youtube.com/embed/U2RExU8N9Pg?autoplay=1&autohide=1,Հարցազրույց Հայկուհի Մինասյանի հետ,20:30,"27 Հնվ, 2022",27,Հնվ,2022,1,2022-01-27,հայկուհ մինասյան,U2RExU8N9Pg,00:22:26,https://i.ytimg.com/vi/U2RExU8N9Pg/hqdefault.jpg,8317
https://www.1tv.am/hy/video/Հարցազրույց-Թագուհի-Թովմասյանի-հետ/193536,https://www.youtube.com/embed/IWxyKggF5GM?autoplay=1&autohide=1,Հարցազրույց Թագուհի Թովմասյանի հետ,21:30,"26 Հնվ, 2022",26,Հնվ,2022,1,2022-01-26,թագուհ թովմասյան,IWxyKggF5GM,00:25:31,https://i.ytimg.com/vi/IWxyKggF5GM/hqdefault.jpg,9537
https://www.1tv.am/hy/video/Հարցազրույց-Քրիստիննե-Գրիգորյանի-հետ/193525,https://www.youtube.com/embed/uANEXCHUKa0?autoplay=1&autohide=1,Հարցազրույց Քրիստիննե Գրիգորյանի հետ,21:30,"25 Հնվ, 2022",25,Հնվ,2022,1,2022-01-25,քրիստիննե գրիգորյան,uANEXCHUKa0,00:24:10,https://i.ytimg.com/vi/uANEXCHUKa0/hqdefault.jpg,8826
https://www.1tv.am/hy/video/Հարցազրույց-Մարտիրոս-Մինասյանի-և-Միքայել-Պողոսյանի-հետ/192929,https://www.youtube.com/embed/vmVvW4xjwVg?autoplay=1&autohide=1,Հարցազրույց Մարտիրոս Մինասյանի և Միքայել Պողոսյանի հետ,21:30,"01 Հնվ, 2022",1,Հնվ,2022,1,2022-01-01,մարտիրոս մինասյան և միքայել պողոսյան,vmVvW4xjwVg,00:23:21,https://i.ytimg.com/vi/vmVvW4xjwVg/hqdefault.jpg,11124
https://www.1tv.am/hy/video/Լուրեր-Գլխավոր-թողարկում/192790,https://www.youtube.com/embed/VjKUe3erKbc?autoplay=1&autohide=1,Լուրեր. Գլխավոր թողարկում,21:00,"30 Դեկ, 2021",30,Դեկ,2021,12,2021-12-30,լուրեր. գլխավոր թողարկում,VjKUe3erKbc,00:55:05,https://i.ytimg.com/vi/VjKUe3erKbc/hqdefault.jpg,36864
https://www.1tv.am/hy/video/Հարցազրույց-Սեյրան-Օհանյանի-հետ/192798,https://www.youtube.com/embed/KfvUCNOy5jE?autoplay=1&autohide=1,Հարցազրույց Սեյրան Օհանյանի հետ,21:15,"28 Դեկ, 2021",28,Դեկ,2021,12,2021-12-28,սեյրան օհանյան,KfvUCNOy5jE,00:27:46,https://i.ytimg.com/vi/KfvUCNOy5jE/hqdefault.jpg,17951
https://www.1tv.am/hy/video/Հարցազրույց-Արմեն-Մուրադյանի-Ռուբեն-Բաբայանի-և-Հարություն-Խաչատրյանի-հետ/192693,https://www.youtube.com/embed/2F0FWkeIvHc?autoplay=1&autohide=1,"Հարցազրույց Արմեն Մուրադյանի, Ռուբեն Բաբայանի և Հարություն Խաչատրյանի հետ",21:15,"27 Դեկ, 2021",27,Դեկ,2021,12,2021-12-27,"արմեն մուրադյան, ռուբեն բաբայան և հարություն խաչատրյան",2F0FWkeIvHc,00:26:46,https://i.ytimg.com/vi/2F0FWkeIvHc/hqdefault.jpg,13850
https://www.1tv.am/hy/video/Հարցազրույց-Ռուստամ-Բադասյանի-հետ/192375,https://www.youtube.com/embed/zskasARxZtk?autoplay=1&autohide=1,Հարցազրույց Ռուստամ Բադասյանի հետ,21:15,"23 Դեկ, 2021",23,Դեկ,2021,12,2021-12-23,ռուստամ բադասյան,zskasARxZtk,00:22:26,https://i.ytimg.com/vi/zskasARxZtk/hqdefault.jpg,10692
https://www.1tv.am/hy/video/Հարցազրույց-Հրաչյա-Սարգսյանի-հետ/192376,https://www.youtube.com/embed/Igusrb2doCA?autoplay=1&autohide=1,Հարցազրույց Հրաչյա Սարգսյանի հետ,21:10,"23 Դեկ, 2021",23,Դեկ,2021,12,2021-12-23,հրաչյա սարգսյան,Igusrb2doCA,00:23:51,https://i.ytimg.com/vi/Igusrb2doCA/hqdefault.jpg,25944
https://www.1tv.am/hy/video/Հարցազրույց-Արմեն-Գրիգորյանի-հետ/192373,https://www.youtube.com/embed/zUqvuYWQgr0?autoplay=1&autohide=1,Հարցազրույց Արմեն Գրիգորյանի հետ,21:00,"22 Դեկ, 2021",22,Դեկ,2021,12,2021-12-22,արմեն գրիգորյան,zUqvuYWQgr0,00:21:23,https://i.ytimg.com/vi/zUqvuYWQgr0/hqdefault.jpg,23450
https://www.1tv.am/hy/video/Հարցազրույց-Վիկտոր-Մնացականյանի-հետ/192286,https://www.youtube.com/embed/NtZ5hipyUbM?autoplay=1&autohide=1,Հարցազրույց Վիկտոր Մնացականյանի հետ,21:15,"20 Դեկ, 2021",20,Դեկ,2021,12,2021-12-20,վիկտոր մնացականյան,NtZ5hipyUbM,00:26:43,https://i.ytimg.com/vi/NtZ5hipyUbM/hqdefault.jpg,17311
https://www.1tv.am/hy/video/Հարցազրույց-Քրիստիննե-Գրիգորյանի-հետ/192158,https://www.youtube.com/embed/c8FOvK519C0?autoplay=1&autohide=1,Հարցազրույց Քրիստիննե Գրիգորյանի հետ,21:30,"18 Դեկ, 2021",18,Դեկ,2021,12,2021-12-18,քրիստիննե գրիգորյան,c8FOvK519C0,00:21:41,https://i.ytimg.com/vi/c8FOvK519C0/hqdefault.jpg,13457
https://www.1tv.am/hy/video/Հարցազրույց-Թաթուլ-Հակոբյանի-հետ/192052,https://www.youtube.com/embed/Z1zAwwz8UxY?autoplay=1&autohide=1,Հարցազրույց Թաթուլ Հակոբյանի հետ,21:30,"15 Դեկ, 2021",15,Դեկ,2021,12,2021-12-15,թաթուլ հակոբյան,Z1zAwwz8UxY,00:22:56,https://i.ytimg.com/vi/Z1zAwwz8UxY/hqdefault.jpg,23049
https://www.1tv.am/hy/video/Հարցազրույց-Աղվան-Վարդանյանի-հետ/191999,https://www.youtube.com/embed/DYizVp1THqQ?autoplay=1&autohide=1,Հարցազրույց Աղվան Վարդանյանի հետ,21:15,"14 Դեկ, 2021",14,Դեկ,2021,12,2021-12-14,աղվան վարդանյան,DYizVp1THqQ,00:25:45,https://i.ytimg.com/vi/DYizVp1THqQ/hqdefault.jpg,18553
https://www.1tv.am/hy/video/Հարցազրույց-Վահագն-Ալեքսանյանի-հետ/191928,https://www.youtube.com/embed/lJT2Elupvsw?autoplay=1&autohide=1,Հարցազրույց Վահագն Ալեքսանյանի հետ,21:30,"13 Դեկ, 2021",13,Դեկ,2021,12,2021-12-13,վահագն ալեքսանյան,lJT2Elupvsw,00:21:55,https://i.ytimg.com/vi/lJT2Elupvsw/hqdefault.jpg,29492
https://www.1tv.am/hy/video/Հարցազրույց-Հայկ-Մամիջանյանի-հետ/191828,https://www.youtube.com/embed/a3LCyQvoMLA?autoplay=1&autohide=1,Հարցազրույց Հայկ Մամիջանյանի հետ,21:30,"10 Դեկ, 2021",10,Դեկ,2021,12,2021-12-10,հայկ մամիջանյան,a3LCyQvoMLA,00:28:05,https://i.ytimg.com/vi/a3LCyQvoMLA/hqdefault.jpg,13104
https://www.1tv.am/hy/video/Հարցազրույց-Սուրեն-Թովմասյանի-հետ/191755,https://www.youtube.com/embed/35_R-aOJwNQ?autoplay=1&autohide=1,Հարցազրույց Սուրեն Թովմասյանի հետ,21:15,"09 Դեկ, 2021",9,Դեկ,2021,12,2021-12-09,սուրեն թովմասյան,35_R-aOJwNQ,00:24:46,https://i.ytimg.com/vi/35_R-aOJwNQ/hqdefault.jpg,14553
https://www.1tv.am/hy/video/Հարցազրույց-Հրաչյա-Հակոբյանի-հետ/191719,https://www.youtube.com/embed/lgoyQIzYcbs?autoplay=1&autohide=1,Հարցազրույց Հրաչյա Հակոբյանի հետ,21:15,"08 Դեկ, 2021",8,Դեկ,2021,12,2021-12-08,հրաչյա հակոբյան,lgoyQIzYcbs,00:23:25,https://i.ytimg.com/vi/lgoyQIzYcbs/hqdefault.jpg,21754
https://www.1tv.am/hy/video/Հարցազրույց-Նազելի-Բաղդասարյանի-հետ/191655,https://www.youtube.com/embed/cKMp_wGrOxY?autoplay=1&autohide=1,Հարցազրույց Նազելի Բաղդասարյանի հետ,21:15,"07 Դեկ, 2021",7,Դեկ,2021,12,2021-12-07,նազել բաղդասարյան,cKMp_wGrOxY,00:25:29,https://i.ytimg.com/vi/cKMp_wGrOxY/hqdefault.jpg,12487
https://www.1tv.am/hy/video/Հարցազրույց-Արամ-Սարգսյանի-հետ/191592,https://www.youtube.com/embed/fKje_vRJkmE?autoplay=1&autohide=1,Հարցազրույց Արամ Սարգսյանի հետ,21:15,"06 Դեկ, 2021",6,Դեկ,2021,12,2021-12-06,արամ սարգսյան,fKje_vRJkmE,00:25:55,https://i.ytimg.com/vi/fKje_vRJkmE/hqdefault.jpg,50825
https://www.1tv.am/hy/video/Հարցազրույց-Արթուր-Հովհաննիսյանի-հետ/191442,https://www.youtube.com/embed/nx36QRne71o?autoplay=1&autohide=1,Հարցազրույց Արթուր Հովհաննիսյանի հետ,21:40,"03 Դեկ, 2021",3,Դեկ,2021,12,2021-12-03,արթուր հովհաննիսյան,nx36QRne71o,00:22:10,https://i.ytimg.com/vi/nx36QRne71o/hqdefault.jpg,20862
https://www.1tv.am/hy/video/Հարցազրույց-Գարեգին-Բաղրամյանի-հետ/191325,https://www.youtube.com/embed/kGjK39SYJKU?autoplay=1&autohide=1,Հարցազրույց Գարեգին Բաղրամյանի հետ,21:30,"01 Դեկ, 2021",1,Դեկ,2021,12,2021-12-01,գարեգին բաղրամյան,kGjK39SYJKU,00:20:50,https://i.ytimg.com/vi/kGjK39SYJKU/hqdefault.jpg,10814
https://www.1tv.am/hy/video/Հարցազրույց-Հովհաննես-Մովսիսյանի-հետ/191223,https://www.youtube.com/embed/8AySZlLb9h0?autoplay=1&autohide=1,Հարցազրույց Հովհաննես Մովսիսյանի հետ,21:30,"29 Նմբ, 2021",29,Նմբ,2021,11,2021-11-29,հովհաննես մովսիսյան,8AySZlLb9h0,00:26:53,https://i.ytimg.com/vi/8AySZlLb9h0/hqdefault.jpg,7604
https://www.1tv.am/hy/video/Հարցազրույց-Ստեփան-Գրիգորյանի-հետ/191124,https://www.youtube.com/embed/lZDCNC_DWt8?autoplay=1&autohide=1,Հարցազրույց Ստեփան Գրիգորյանի հետ,21:00,"28 Նմբ, 2021",28,Նմբ,2021,11,2021-11-28,ստեփան գրիգորյան,lZDCNC_DWt8,00:25:06,https://i.ytimg.com/vi/lZDCNC_DWt8/hqdefault.jpg,89576
https://www.1tv.am/hy/video/Հարցազրույց-Էդմոն-Մարուքյանի-հետ/191025,https://www.youtube.com/embed/Z8_3ynjWNpw?autoplay=1&autohide=1,Հարցազրույց Էդմոն Մարուքյանի հետ,21:45,"25 Նմբ, 2021",25,Նմբ,2021,11,2021-11-25,էդմոն մարուքյան,Z8_3ynjWNpw,00:22:25,https://i.ytimg.com/vi/Z8_3ynjWNpw/hqdefault.jpg,51676
https://www.1tv.am/hy/video/Հարցազրույց-Հայկ-Կոնջորյանի-հետ/190948,https://www.youtube.com/embed/6mW2Z9NCPTQ?autoplay=1&autohide=1,Հարցազրույց Հայկ Կոնջորյանի հետ,21:15,"24 Նմբ, 2021",24,Նմբ,2021,11,2021-11-24,հայկ կոնջորյան,6mW2Z9NCPTQ,00:22:40,https://i.ytimg.com/vi/6mW2Z9NCPTQ/hqdefault.jpg,15716
https://www.1tv.am/hy/video/Հարցազրույց-Կոնստանտին-Զատուլինի-հետ/190873,https://www.youtube.com/embed/2xFcV9fzaXk?autoplay=1&autohide=1,Հարցազրույց Կոնստանտին Զատուլինի հետ,20:30,"23 Նմբ, 2021",23,Նմբ,2021,11,2021-11-23,կոնստանտին զատուլին,2xFcV9fzaXk,00:22:20,https://i.ytimg.com/vi/2xFcV9fzaXk/hqdefault.jpg,79955
https://www.1tv.am/hy/video/ՀՀ-վարչապետ-Նիկոլ-Փաշինյանի-ասուլիսը/190876,https://www.youtube.com/embed/oZ0i0AwmfEM?autoplay=1&autohide=1,ՀՀ վարչապետ Նիկոլ Փաշինյանի ասուլիսը,19:15,"23 Նմբ, 2021",23,Նմբ,2021,11,2021-11-23,նիկոլ փաշինյան ասուլիսը,oZ0i0AwmfEM,02:15:01,https://i.ytimg.com/vi/oZ0i0AwmfEM/hqdefault.jpg,149832
https://www.1tv.am/hy/video/Հարցազրույց-Վան-Ահարոնյանի-հետ/190818,https://www.youtube.com/embed/H_8I4bY0xX4?autoplay=1&autohide=1,Հարցազրույց Վան Ահարոնյանի հետ,21:50,"22 Նմբ, 2021",22,Նմբ,2021,11,2021-11-22,վան ահարոնյան,H_8I4bY0xX4,00:22:45,https://i.ytimg.com/vi/H_8I4bY0xX4/hqdefault.jpg,36408
https://www.1tv.am/hy/video/Հարցազրույց-Տիգրան-Աբրահամյանի-հետ/190618,https://www.youtube.com/embed/tNBaYAhV2l0?autoplay=1&autohide=1,Հարցազրույց Տիգրան Աբրահամյանի հետ,21:20,"18 Նմբ, 2021",18,Նմբ,2021,11,2021-11-18,տիգրան աբրահամյան,tNBaYAhV2l0,00:28:01,https://i.ytimg.com/vi/tNBaYAhV2l0/hqdefault.jpg,19335
https://www.1tv.am/hy/video/Հարցազրույց-Գուրգեն-Արսենյանի-հետ/190550,https://www.youtube.com/embed/Q4qZ4G8AMlo?autoplay=1&autohide=1,Հարցազրույց Գուրգեն Արսենյանի հետ,21:15,"17 Նմբ, 2021",17,Նմբ,2021,11,2021-11-17,գուրգեն արսենյան,Q4qZ4G8AMlo,00:24:40,https://i.ytimg.com/vi/Q4qZ4G8AMlo/hqdefault.jpg,46098
https://www.1tv.am/hy/video/Հարցազրույց-Անդրանիկ-Քոչարյանի-հետ/190471,https://www.youtube.com/embed/qIcu6aHfXHI?autoplay=1&autohide=1,Հարցազրույց Անդրանիկ Քոչարյանի հետ,21:30,"16 Նմբ, 2021",16,Նմբ,2021,11,2021-11-16,անդրանիկ քոչարյան,qIcu6aHfXHI,00:21:55,https://i.ytimg.com/vi/qIcu6aHfXHI/hqdefault.jpg,75769
https://www.1tv.am/hy/video/Հարցազրույց-Ռուբեն-Ռուբինյանի-հետ/190396,https://www.youtube.com/embed/ZOj-q8M0ros?autoplay=1&autohide=1,Հարցազրույց Ռուբեն Ռուբինյանի հետ,21:30,"15 Նմբ, 2021",15,Նմբ,2021,11,2021-11-15,ռուբեն ռուբինյան,ZOj-q8M0ros,00:28:36,https://i.ytimg.com/vi/ZOj-q8M0ros/hqdefault.jpg,34238
https://www.1tv.am/hy/video/Հարցազրույց-Դավիթ-Դանիելյանի-հետ/190346,https://www.youtube.com/embed/xwK5YfF8PrM?autoplay=1&autohide=1,Հարցազրույց Դավիթ Դանիելյանի հետ,21:45,"12 Նմբ, 2021",12,Նմբ,2021,11,2021-11-12,դավիթ դանիելյան,xwK5YfF8PrM,00:21:55,https://i.ytimg.com/vi/xwK5YfF8PrM/hqdefault.jpg,17247
https://www.1tv.am/hy/video/Հարցազրույց-Արմեն-Գրիգորյանի-հետ/190223,https://www.youtube.com/embed/eDN4uWLIDgE?autoplay=1&autohide=1,Հարցազրույց Արմեն Գրիգորյանի հետ,21:30,"11 Նմբ, 2021",11,Նմբ,2021,11,2021-11-11,արմեն գրիգորյան,eDN4uWLIDgE,00:24:00,https://i.ytimg.com/vi/eDN4uWLIDgE/hqdefault.jpg,23801
https://www.1tv.am/hy/video/Հարցազրույց-Էդուարդ-Աղաջանյանի-հետ/190138,https://www.youtube.com/embed/LDIl1W0U3Cs?autoplay=1&autohide=1,Հարցազրույց Էդուարդ Աղաջանյանի հետ,21:50,"10 Նմբ, 2021",10,Նմբ,2021,11,2021-11-10,էդուարդ աղաջանյան,LDIl1W0U3Cs,00:26:36,https://i.ytimg.com/vi/LDIl1W0U3Cs/hqdefault.jpg,16285
https://www.1tv.am/hy/video/Հարցազրույց-Սերգեյ-Կոպիրկինի-հետ/190068,https://www.youtube.com/embed/z_O0Xfck98g?autoplay=1&autohide=1,Հարցազրույց Սերգեյ Կոպիրկինի հետ,21:30,"09 Նմբ, 2021",9,Նմբ,2021,11,2021-11-09,սերգեյ կոպիրկին,z_O0Xfck98g,00:25:16,https://i.ytimg.com/vi/z_O0Xfck98g/hqdefault.jpg,11537
https://www.1tv.am/hy/video/Հարցազրույց-Հայկ-Կոնջորյանի-հետ/190022,https://www.youtube.com/embed/iyEFOnQDfFI?autoplay=1&autohide=1,Հարցազրույց Հայկ Կոնջորյանի հետ,21:30,"08 Նմբ, 2021",8,Նմբ,2021,11,2021-11-08,հայկ կոնջորյան,iyEFOnQDfFI,00:24:10,https://i.ytimg.com/vi/iyEFOnQDfFI/hqdefault.jpg,24887
https://www.1tv.am/hy/video/Հարցազրույց-Նիկոլ-Փաշինյանի-հետ/189851,https://www.youtube.com/embed/hCW05C3hxQM?autoplay=1&autohide=1,Հարցազրույց Նիկոլ Փաշինյանի հետ,21:25,"07 Նմբ, 2021",7,Նմբ,2021,11,2021-11-07,նիկոլ փաշինյան,hCW05C3hxQM,01:00:26,https://i.ytimg.com/vi/hCW05C3hxQM/hqdefault.jpg,7525
https://www.1tv.am/hy/video/Հարցազրույց-Եղիշե-Կիրակոսյանի-հետ/189977,https://www.youtube.com/embed/J8VksuAf39k?autoplay=1&autohide=1,Հարցազրույց Եղիշե Կիրակոսյանի հետ,21:45,"05 Նմբ, 2021",5,Նմբ,2021,11,2021-11-05,եղիշե կիրակոսյան,J8VksuAf39k,00:22:15,https://i.ytimg.com/vi/J8VksuAf39k/hqdefault.jpg,10902
https://www.1tv.am/hy/video/Հարցազրույց-Ներսես-Երիցյանի-հետ/189769,https://www.youtube.com/embed/cU6Vi-SmNzk?autoplay=1&autohide=1,Հարցազրույց Ներսես Երիցյանի հետ,21:15,"04 Նմբ, 2021",4,Նմբ,2021,11,2021-11-04,ներսես երիցյան,cU6Vi-SmNzk,00:25:40,https://i.ytimg.com/vi/cU6Vi-SmNzk/hqdefault.jpg,8675
https://www.1tv.am/hy/video/Հարցազրույց-Սամվել-Բաբայանի-հետ/189684,https://www.youtube.com/embed/g2tugYdOW3o?autoplay=1&autohide=1,Հարցազրույց Սամվել Բաբայանի հետ,21:25,"03 Նմբ, 2021",3,Նմբ,2021,11,2021-11-03,սամվել բաբայան,g2tugYdOW3o,00:24:05,https://i.ytimg.com/vi/g2tugYdOW3o/hqdefault.jpg,219814
https://www.1tv.am/hy/video/Հարցազրույց-Անահիտ-Ավանեսյանի-հետ/189593,https://www.youtube.com/embed/oyagljM8JbA?autoplay=1&autohide=1,Հարցազրույց Անահիտ Ավանեսյանի հետ,21:30,"02 Նմբ, 2021",2,Նմբ,2021,11,2021-11-02,անահիտ ավանեսյան,oyagljM8JbA,00:22:11,https://i.ytimg.com/vi/oyagljM8JbA/hqdefault.jpg,7718
https://www.1tv.am/hy/video/Հարցազրույց-Վիգեն-Խաչատրյանի-հետ/189530,https://www.youtube.com/embed/TzxTWHB8iis?autoplay=1&autohide=1,Հարցազրույց Վիգեն Խաչատրյանի հետ,21:15,"01 Նմբ, 2021",1,Նմբ,2021,11,2021-11-01,վիգեն խաչատրյան,TzxTWHB8iis,00:25:25,https://i.ytimg.com/vi/TzxTWHB8iis/hqdefault.jpg,42506
https://www.1tv.am/hy/video/Հարցազրույց-Վարդան-Պետրոսյանի-հետ/189374,https://www.youtube.com/embed/Fm2FGMq-yAA?autoplay=1&autohide=1,Հարցազրույց Վարդան Պետրոսյանի հետ,21:30,"29 Հոկ, 2021",29,Հոկ,2021,10,2021-10-29,վարդան պետրոսյան,Fm2FGMq-yAA,00:22:35,https://i.ytimg.com/vi/Fm2FGMq-yAA/hqdefault.jpg,26959
https://www.1tv.am/hy/video/Հարցազրույց-Հայկ-Եսայանի-հետ/189371,https://www.youtube.com/embed/Io7O3ynMHHQ?autoplay=1&autohide=1,Հարցազրույց Հայկ Եսայանի հետ,19:00,"29 Հոկ, 2021",29,Հոկ,2021,10,2021-10-29,հայկ եսայան,Io7O3ynMHHQ,00:21:37,https://i.ytimg.com/vi/Io7O3ynMHHQ/hqdefault.jpg,8167
https://www.1tv.am/hy/video/Հարցազրույց-Սուրեն-Պապիկյանի-հետ/189323,https://www.youtube.com/embed/ZrFVWCZFROM?autoplay=1&autohide=1,Հարցազրույց Սուրեն Պապիկյանի հետ,21:30,"28 Հոկ, 2021",28,Հոկ,2021,10,2021-10-28,սուրեն պապիկյան,ZrFVWCZFROM,00:20:35,https://i.ytimg.com/vi/ZrFVWCZFROM/hqdefault.jpg,81680
https://www.1tv.am/hy/video/Հարցազրույց-Գարիկ-Իսրայելյանի-հետ/189239,https://www.youtube.com/embed/T_7i0EumoS8?autoplay=1&autohide=1,Հարցազրույց Գարիկ Իսրայելյանի հետ,21:40,"27 Հոկ, 2021",27,Հոկ,2021,10,2021-10-27,գարիկ իսրայելյան,T_7i0EumoS8,00:22:40,https://i.ytimg.com/vi/T_7i0EumoS8/hqdefault.jpg,6110
https://www.1tv.am/hy/video/Հարցազրույց-Արծվիկ-Մինասյանի-հետ/189208,https://www.youtube.com/embed/6P39mxJo2fo?autoplay=1&autohide=1,Հարցազրույց Արծվիկ Մինասյանի հետ,21:15,"26 Հոկ, 2021",26,Հոկ,2021,10,2021-10-26,արծվիկ մինասյան,6P39mxJo2fo,00:25:40,https://i.ytimg.com/vi/6P39mxJo2fo/hqdefault.jpg,31145
https://www.1tv.am/hy/video/Հարցազրույց-Գևորգ-Պապոյանի-հետ/189129,https://www.youtube.com/embed/JONslVzHJB0?autoplay=1&autohide=1,Հարցազրույց Գևորգ Պապոյանի հետ,22:30,"25 Հոկ, 2021",25,Հոկ,2021,10,2021-10-25,գևորգ պապոյան,JONslVzHJB0,00:23:16,https://i.ytimg.com/vi/JONslVzHJB0/hqdefault.jpg,11079
https://www.1tv.am/hy/video/Հարցազրույց-Արտակ-Մանուկյանի-հետ/188991,https://www.youtube.com/embed/6h6SFEGr7ow?autoplay=1&autohide=1,Հարցազրույց Արտակ Մանուկյանի հետ,21:30,"22 Հոկ, 2021",22,Հոկ,2021,10,2021-10-22,արտակ մանուկյան,6h6SFEGr7ow,00:23:05,https://i.ytimg.com/vi/6h6SFEGr7ow/hqdefault.jpg,8477
https://www.1tv.am/hy/video/Հարցազրույց-Վահրամ-Պետրոսյանի-և-Մովսես-Վարդանյանի-հետ/188915,https://www.youtube.com/embed/9AALhbBObak?autoplay=1&autohide=1,Հարցազրույց Վահրամ Պետրոսյանի և Մովսես Վարդանյանի հետ,21:40,"21 Հոկ, 2021",21,Հոկ,2021,10,2021-10-21,վահրամ պետրոսյան և մովսես վարդանյան,9AALhbBObak,00:26:00,https://i.ytimg.com/vi/9AALhbBObak/hqdefault.jpg,24253
https://www.1tv.am/hy/video/Հարցազրույց-Տիգրան-Աբրահամյանի-հետ/188851,https://www.youtube.com/embed/4PmeL7tT550?autoplay=1&autohide=1,Հարցազրույց Տիգրան Աբրահամյանի հետ,21:30,"20 Հոկ, 2021",20,Հոկ,2021,10,2021-10-20,տիգրան աբրահամյան,4PmeL7tT550,00:26:16,https://i.ytimg.com/vi/4PmeL7tT550/hqdefault.jpg,6353
https://www.1tv.am/hy/video/Հարցազրույց-Արուսյակ-Ջուլհակյանի-հետ/188786,https://www.youtube.com/embed/61MCCaiFcDs?autoplay=1&autohide=1,Հարցազրույց Արուսյակ Ջուլհակյանի հետ,21:30,"19 Հոկ, 2021",19,Հոկ,2021,10,2021-10-19,արուսյակ ջուլհակյան,61MCCaiFcDs,00:21:25,https://i.ytimg.com/vi/61MCCaiFcDs/hqdefault.jpg,10146
https://www.1tv.am/hy/video/Հարցազրույց-Տիգրան-Հակոբյանի-հետ/188701,https://www.youtube.com/embed/cHERxY8NFF8?autoplay=1&autohide=1,Հարցազրույց Տիգրան Հակոբյանի հետ,21:15,"18 Հոկ, 2021",18,Հոկ,2021,10,2021-10-18,տիգրան հակոբյան,cHERxY8NFF8,00:25:10,https://i.ytimg.com/vi/cHERxY8NFF8/hqdefault.jpg,12982
https://www.1tv.am/hy/video/Հարցազրույց-Ռուբեն-Վարդանյանի-հետ/188474,https://www.youtube.com/embed/HYStUlrOdwM?autoplay=1&autohide=1,Հարցազրույց Ռուբեն Վարդանյանի հետ,21:40,"14 Հոկ, 2021",14,Հոկ,2021,10,2021-10-14,ռուբեն վարդանյան,HYStUlrOdwM,00:26:30,https://i.ytimg.com/vi/HYStUlrOdwM/hqdefault.jpg,46108
https://www.1tv.am/hy/video/Հարցազրույց-Արմեն-Ղազարյանի-հետ/188462,https://www.youtube.com/embed/5-ZDiRbKq7k?autoplay=1&autohide=1,Հարցազրույց Արմեն Ղազարյանի հետ,21:15,"13 Հոկ, 2021",13,Հոկ,2021,10,2021-10-13,արմեն ղազարյան,5-ZDiRbKq7k,00:21:40,https://i.ytimg.com/vi/5-ZDiRbKq7k/hqdefault.jpg,10909
https://www.1tv.am/hy/video/Հարցազրույց-Էդմոն-Մարուքյանի-հետ/188340,https://www.youtube.com/embed/9c1e_XAgZVM?autoplay=1&autohide=1,Հարցազրույց Էդմոն Մարուքյանի հետ,21:30,"11 Հոկ, 2021",11,Հոկ,2021,10,2021-10-11,էդմոն մարուքյան,9c1e_XAgZVM,00:24:25,https://i.ytimg.com/vi/9c1e_XAgZVM/hqdefault.jpg,43736
https://www.1tv.am/hy/video/Հարցազրույց-Վարվառա-Հովհաննիսյանի-հետ/188225,https://www.youtube.com/embed/712mLvZRLsw?autoplay=1&autohide=1,Հարցազրույց Վարվառա Հովհաննիսյանի հետ,21:35,"09 Հոկ, 2021",9,Հոկ,2021,10,2021-10-09,վարվառա հովհաննիսյան,712mLvZRLsw,00:20:55,https://i.ytimg.com/vi/712mLvZRLsw/hqdefault.jpg,1910
https://www.1tv.am/hy/video/Հարցազրույց-Հովիկ-Սաֆոյանի-հետ/188160,https://www.youtube.com/embed/cZxsUtmJh4Y?autoplay=1&autohide=1,Հարցազրույց Հովիկ Սաֆոյանի հետ,20:30,"08 Հոկ, 2021",8,Հոկ,2021,10,2021-10-08,հովիկ սաֆոյան,cZxsUtmJh4Y,00:24:55,https://i.ytimg.com/vi/cZxsUtmJh4Y/hqdefault.jpg,27023
https://www.1tv.am/hy/video/Հարցազրույց-Արմեն-Խաչատրյանի-հետ/188120,https://www.youtube.com/embed/n8d9iUmz_Zc?autoplay=1&autohide=1,Հարցազրույց Արմեն Խաչատրյանի հետ,21:30,"07 Հոկ, 2021",7,Հոկ,2021,10,2021-10-07,արմեն խաչատրյան,n8d9iUmz_Zc,00:25:40,https://i.ytimg.com/vi/n8d9iUmz_Zc/hqdefault.jpg,17909
https://www.1tv.am/hy/video/Հարցազրույց-Տաթևիկ-Ռևազյանի-հետ/188064,https://www.youtube.com/embed/i1bT0vJVgnQ?autoplay=1&autohide=1,Հարցազրույց Տաթևիկ Ռևազյանի հետ,21:30,"06 Հոկ, 2021",6,Հոկ,2021,10,2021-10-06,տաթևիկ ռևազյան,i1bT0vJVgnQ,00:17:55,https://i.ytimg.com/vi/i1bT0vJVgnQ/hqdefault.jpg,26712
https://www.1tv.am/hy/video/Հարցազրույց-Էդիկ-Բաղդասարյանի-և-Վահե-Սարուխանյանի-հետ/188002,https://www.youtube.com/embed/1Bmd38CTKec?autoplay=1&autohide=1,Հարցազրույց Էդիկ Բաղդասարյանի և Վահե Սարուխանյանի հետ,21:30,"05 Հոկ, 2021",5,Հոկ,2021,10,2021-10-05,էդիկ բաղդասարյան և վահե սարուխանյան,1Bmd38CTKec,00:22:55,https://i.ytimg.com/vi/1Bmd38CTKec/hqdefault.jpg,33432
https://www.1tv.am/hy/video/Հարցազրույց-Ռոման-Տրոցենկոյի-հետ/187922,https://www.youtube.com/embed/FXuKI_jVUxM?autoplay=1&autohide=1,Հարցազրույց Ռոման Տրոցենկոյի հետ,22:15,"04 Հոկ, 2021",4,Հոկ,2021,10,2021-10-04,ռոման տրոցենկոյ,FXuKI_jVUxM,00:16:45,https://i.ytimg.com/vi/FXuKI_jVUxM/hqdefault.jpg,23522
https://www.1tv.am/hy/video/Հարցազրույց-Արմեն-Գրիգորյանի-հետ/187780,https://www.youtube.com/embed/QvPl3S8KczM?autoplay=1&autohide=1,Հարցազրույց Արմեն Գրիգորյանի հետ,20:30,"01 Հոկ, 2021",1,Հոկ,2021,10,2021-10-01,արմեն գրիգորյան,QvPl3S8KczM,00:21:20,https://i.ytimg.com/vi/QvPl3S8KczM/hqdefault.jpg,34138
https://www.1tv.am/hy/video/Հարցազրույց-Ռուբեն-Ստեփանյանի-հետ/187687,https://www.youtube.com/embed/jc4CR5xjlRs?autoplay=1&autohide=1,Հարցազրույց Ռուբեն Ստեփանյանի հետ,21:30,"30 Սեպ, 2021",30,Սեպ,2021,9,2021-09-30,ռուբեն ստեփանյան,jc4CR5xjlRs,00:24:30,https://i.ytimg.com/vi/jc4CR5xjlRs/hqdefault.jpg,9275
https://www.1tv.am/hy/video/Հարցազրույց-Արման-Բաբաջանյանի-հետ/187627,https://www.youtube.com/embed/g8RBGuFD6aU?autoplay=1&autohide=1,Հարցազրույց Արման Բաբաջանյանի հետ,21:30,"29 Սեպ, 2021",29,Սեպ,2021,9,2021-09-29,արման բաբաջանյան,g8RBGuFD6aU,00:26:46,https://i.ytimg.com/vi/g8RBGuFD6aU/hqdefault.jpg,36876
https://www.1tv.am/hy/video/Հարցազրույց-Լենա-Նանուշյանի-հետ/187575,https://www.youtube.com/embed/arbmPhd7gNY?autoplay=1&autohide=1,Հարցազրույց Լենա Նանուշյանի հետ,21:45,"28 Սեպ, 2021",28,Սեպ,2021,9,2021-09-28,լենա նանուշյան,arbmPhd7gNY,00:26:26,https://i.ytimg.com/vi/arbmPhd7gNY/hqdefault.jpg,9756
https://www.1tv.am/hy/video/Հարցազրույց-Հայկ-Մամիջանյանի-հետ/187488,https://www.youtube.com/embed/8VlDzN1XVOo?autoplay=1&autohide=1,Հարցազրույց Հայկ Մամիջանյանի հետ,21:55,"27 Սեպ, 2021",27,Սեպ,2021,9,2021-09-27,հայկ մամիջանյան,8VlDzN1XVOo,00:23:26,https://i.ytimg.com/vi/8VlDzN1XVOo/hqdefault.jpg,7613
https://www.1tv.am/hy/video/Հարցազրույց-Անդրանիկ-Քոչարյանի-հետ/187486,https://www.youtube.com/embed/NpmQ78xPGtk?autoplay=1&autohide=1,Հարցազրույց Անդրանիկ Քոչարյանի հետ,21:45,"27 Սեպ, 2021",27,Սեպ,2021,9,2021-09-27,անդրանիկ քոչարյան,NpmQ78xPGtk,00:25:56,https://i.ytimg.com/vi/NpmQ78xPGtk/hqdefault.jpg,47031
https://www.1tv.am/hy/video/Հարցազրույց-Արամ-Սարգսյանի-հետ/187482,https://www.youtube.com/embed/AwOF9zBLTqE?autoplay=1&autohide=1,Հարցազրույց Արամ Սարգսյանի հետ,18:50,"27 Սեպ, 2021",27,Սեպ,2021,9,2021-09-27,արամ սարգսյան,AwOF9zBLTqE,00:26:10,https://i.ytimg.com/vi/AwOF9zBLTqE/hqdefault.jpg,88369
https://www.1tv.am/hy/video/Հարցազրույց-Էդմոն-Մարուքյանի-հետ/187464,https://www.youtube.com/embed/1zdViaK_CcE?autoplay=1&autohide=1,Հարցազրույց Էդմոն Մարուքյանի հետ,17:30,"27 Սեպ, 2021",27,Սեպ,2021,9,2021-09-27,էդմոն մարուքյան,1zdViaK_CcE,00:26:10,https://i.ytimg.com/vi/1zdViaK_CcE/hqdefault.jpg,20330
https://www.1tv.am/hy/video/Հարցազրույց-Վահե-Ղալումյանի-հետ/187366,https://www.youtube.com/embed/XRzPSgUnGw8?autoplay=1&autohide=1,Հարցազրույց Վահե Ղալումյանի հետ,21:40,"24 Սեպ, 2021",24,Սեպ,2021,9,2021-09-24,վահե ղալումյան,XRzPSgUnGw8,00:24:31,https://i.ytimg.com/vi/XRzPSgUnGw8/hqdefault.jpg,14686
https://www.1tv.am/hy/video/Հարցազրույց-Արտակ-Բեգլարյանի-հետ/187288,https://www.youtube.com/embed/8yW90SQpEAY?autoplay=1&autohide=1,Հարցազրույց Արտակ Բեգլարյանի հետ,22:00,"23 Սեպ, 2021",23,Սեպ,2021,9,2021-09-23,արտակ բեգլարյան,8yW90SQpEAY,00:21:46,https://i.ytimg.com/vi/8yW90SQpEAY/hqdefault.jpg,8100
https://www.1tv.am/hy/video/Հարցազրույց-Վահան-Քերոբյանի-հետ/187230,https://www.youtube.com/embed/BfUBNZo9n-Y?autoplay=1&autohide=1,Հարցազրույց Վահան Քերոբյանի հետ,22:20,"22 Սեպ, 2021",22,Սեպ,2021,9,2021-09-22,վահան քերոբյան,BfUBNZo9n-Y,00:25:46,https://i.ytimg.com/vi/BfUBNZo9n-Y/hqdefault.jpg,11100
https://www.1tv.am/hy/video/Հարցազրույց-Արամ-Մանուկյանի-հետ/187179,https://www.youtube.com/embed/l7Nf_5MeEFs?autoplay=1&autohide=1,Հարցազրույց Արամ Մանուկյանի հետ,22:30,"21 Սեպ, 2021",21,Սեպ,2021,9,2021-09-21,արամ մանուկյան,l7Nf_5MeEFs,00:26:21,https://i.ytimg.com/vi/l7Nf_5MeEFs/hqdefault.jpg,15498
https://www.1tv.am/hy/video/Հարցազրույց-Լին-Թրեյսիի-հետ/187100,https://www.youtube.com/embed/xHMdUtQrPtI?autoplay=1&autohide=1,Հարցազրույց Լին Թրեյսիի հետ,21:30,"20 Սեպ, 2021",20,Սեպ,2021,9,2021-09-20,լին թրեյսի,xHMdUtQrPtI,00:23:21,https://i.ytimg.com/vi/xHMdUtQrPtI/hqdefault.jpg,37822
https://www.1tv.am/hy/video/Հարցազրույց-Արմեն-Մուրադյանի-հետ/186907,https://www.youtube.com/embed/73cxSmaccoY?autoplay=1&autohide=1,Հարցազրույց Արմեն Մուրադյանի հետ,21:30,"17 Սեպ, 2021",17,Սեպ,2021,9,2021-09-17,արմեն մուրադյան,73cxSmaccoY,00:22:01,https://i.ytimg.com/vi/73cxSmaccoY/hqdefault.jpg,12940
https://www.1tv.am/hy/video/Հարցազրույց-Արթուր-Ղազինյանի-հետ/186903,https://www.youtube.com/embed/vJPUEjG4n6c?autoplay=1&autohide=1,Հարցազրույց Արթուր Ղազինյանի հետ,21:45,"16 Սեպ, 2021",16,Սեպ,2021,9,2021-09-16,արթուր ղազինյան,vJPUEjG4n6c,00:24:06,https://i.ytimg.com/vi/vJPUEjG4n6c/hqdefault.jpg,8335
https://www.1tv.am/hy/video/Հարցազրույց-Գագիկ-Ջհանգիրյանի-հետ/186828,https://www.youtube.com/embed/ZdLfzITH4As?autoplay=1&autohide=1,Հարցազրույց Գագիկ Ջհանգիրյանի հետ,21:30,"15 Սեպ, 2021",15,Սեպ,2021,9,2021-09-15,գագիկ ջհանգիրյան,ZdLfzITH4As,00:24:26,https://i.ytimg.com/vi/ZdLfzITH4As/hqdefault.jpg,45449
https://www.1tv.am/hy/video/Հարցազրույց-Անդրանիկ-Քոչարյանի-հետ/186779,https://www.youtube.com/embed/t32gTnDauZ4?autoplay=1&autohide=1,Հարցազրույց Անդրանիկ Քոչարյանի հետ,21:30,"14 Սեպ, 2021",14,Սեպ,2021,9,2021-09-14,անդրանիկ քոչարյան,t32gTnDauZ4,00:23:36,https://i.ytimg.com/vi/t32gTnDauZ4/hqdefault.jpg,51906
https://www.1tv.am/hy/video/Հարցազրույց-Գնել-Սանոսյանի-հետ/186649,https://www.youtube.com/embed/tqJdURINt5s?autoplay=1&autohide=1,Հարցազրույց Գնել Սանոսյանի հետ,22:30,"13 Սեպ, 2021",13,Սեպ,2021,9,2021-09-13,գնել սանոսյան,tqJdURINt5s,00:22:05,https://i.ytimg.com/vi/tqJdURINt5s/hqdefault.jpg,6774
https://www.1tv.am/hy/video/Հարցազրույց-Արմեն-Մելիքբեկյանի-հետ/186573,https://www.youtube.com/embed/OmCQR5NQ2iE?autoplay=1&autohide=1,Հարցազրույց Արմեն Մելիքբեկյանի հետ,21:35,"12 Սեպ, 2021",12,Սեպ,2021,9,2021-09-12,արմեն մելիքբեկյան,OmCQR5NQ2iE,00:22:45,https://i.ytimg.com/vi/OmCQR5NQ2iE/hqdefault.jpg,12968
https://www.1tv.am/hy/video/Հարցազրույց-Գեղամ-Ստեփանյանի-հետ/186467,https://www.youtube.com/embed/gyI1DaW4p6c?autoplay=1&autohide=1,Հարցազրույց Գեղամ Ստեփանյանի հետ,22:00,"09 Սեպ, 2021",9,Սեպ,2021,9,2021-09-09,գեղամ ստեփանյան,gyI1DaW4p6c,00:21:16,https://i.ytimg.com/vi/gyI1DaW4p6c/hqdefault.jpg,7115
https://www.1tv.am/hy/video/Հարցազրույց-Հովհաննես-Հարությունյանի-հետ/186425,https://www.youtube.com/embed/JngRnpfJ4Ms?autoplay=1&autohide=1,Հարցազրույց Հովհաննես Հարությունյանի հետ,21:35,"08 Սեպ, 2021",8,Սեպ,2021,9,2021-09-08,հովհաննես հարությունյան,JngRnpfJ4Ms,00:23:11,https://i.ytimg.com/vi/JngRnpfJ4Ms/hqdefault.jpg,12629
https://www.1tv.am/hy/video/Հարցազրույց-Մանե-Թանդիլյանի-հետ/186374,https://www.youtube.com/embed/TmKmKa1BROk?autoplay=1&autohide=1,Հարցազրույց Մանե Թանդիլյանի հետ,21:30,"07 Սեպ, 2021",7,Սեպ,2021,9,2021-09-07,մանե թանդիլյան,TmKmKa1BROk,00:21:35,https://i.ytimg.com/vi/TmKmKa1BROk/hqdefault.jpg,8220
https://www.1tv.am/hy/video/Հարցազրույց-Արման-Խոջոյանի-հետ/186347,https://www.youtube.com/embed/b2xQFDxqT6M?autoplay=1&autohide=1,Հարցազրույց Արման Խոջոյանի հետ,21:30,"06 Սեպ, 2021",6,Սեպ,2021,9,2021-09-06,արման խոջոյան,b2xQFDxqT6M,00:23:51,https://i.ytimg.com/vi/b2xQFDxqT6M/hqdefault.jpg,14398
https://www.1tv.am/hy/video/Հարցազրույց-Տիգրան-Ձիթողցյանի-հետ/186270,https://www.youtube.com/embed/QZSJBl9We_E?autoplay=1&autohide=1,Հարցազրույց Տիգրան Ձիթողցյանի հետ,21:30,"05 Սեպ, 2021",5,Սեպ,2021,9,2021-09-05,տիգրան ձիթողցյան,QZSJBl9We_E,00:21:40,https://i.ytimg.com/vi/QZSJBl9We_E/hqdefault.jpg,20214
https://www.1tv.am/hy/video/Հարցազրույց-Կարեն-Անդրեասյանի-հետ/186229,https://www.youtube.com/embed/CZl2rWfm2Vc?autoplay=1&autohide=1,Հարցազրույց Կարեն Անդրեասյանի հետ,21:30,"02 Սեպ, 2021",2,Սեպ,2021,9,2021-09-02,կարեն անդրեասյան,CZl2rWfm2Vc,00:24:25,https://i.ytimg.com/vi/CZl2rWfm2Vc/hqdefault.jpg,39983
https://www.1tv.am/hy/video/Հարցազրույց-Հրանտ-Տեր-Աբրահամյանի-հետ/186185,https://www.youtube.com/embed/0gq7b4IyWKk?autoplay=1&autohide=1,Հարցազրույց Հրանտ Տեր-Աբրահամյանի հետ,21:30,"01 Սեպ, 2021",1,Սեպ,2021,9,2021-09-01,հրանտ տեր-աբրահամյան,0gq7b4IyWKk,00:23:51,https://i.ytimg.com/vi/0gq7b4IyWKk/hqdefault.jpg,18169
https://www.1tv.am/hy/video/Հարցազրույց-Արամ-Սարգսյանի-հետ/186151,https://www.youtube.com/embed/WoU5OiFq5AQ?autoplay=1&autohide=1,Հարցազրույց Արամ Սարգսյանի հետ,21:15,"31 Օգս, 2021",31,Օգս,2021,8,2021-08-31,արամ սարգսյան,WoU5OiFq5AQ,00:24:56,https://i.ytimg.com/vi/WoU5OiFq5AQ/hqdefault.jpg,97642
https://www.1tv.am/hy/video/Հարցազրույց-Վահե-Հակոբյանի-հետ/186130,https://www.youtube.com/embed/709Z9iv4EoE?autoplay=1&autohide=1,Հարցազրույց Վահե Հակոբյանի հետ,21:10,"30 Օգս, 2021",30,Օգս,2021,8,2021-08-30,վահե հակոբյան,709Z9iv4EoE,00:26:16,https://i.ytimg.com/vi/709Z9iv4EoE/hqdefault.jpg,42580
https://www.1tv.am/hy/video/Հարցազրույց-Արծրուն-Հովհաննիսյանի-հետ/186078,https://www.youtube.com/embed/FseCqvjb3fo?autoplay=1&autohide=1,Հարցազրույց Արծրուն Հովհաննիսյանի հետ,21:15,"27 Օգս, 2021",27,Օգս,2021,8,2021-08-27,արծրուն հովհաննիսյան,FseCqvjb3fo,00:24:56,https://i.ytimg.com/vi/FseCqvjb3fo/hqdefault.jpg,179596
https://www.1tv.am/hy/video/Հարցազրույց-Հակոբ-Վարդանյանի-հետ/186077,https://www.youtube.com/embed/sR7jF87yILU?autoplay=1&autohide=1,Հարցազրույց Հակոբ Վարդանյանի հետ,20:30,"27 Օգս, 2021",27,Օգս,2021,8,2021-08-27,հակոբ վարդանյան,sR7jF87yILU,00:22:56,https://i.ytimg.com/vi/sR7jF87yILU/hqdefault.jpg,3218
https://www.1tv.am/hy/video/Հարցազրույց-Սեյրան-Օհանյանի-հետ/186032,https://www.youtube.com/embed/gI3WwMIbvaI?autoplay=1&autohide=1,Հարցազրույց Սեյրան Օհանյանի հետ,21:15,"26 Օգս, 2021",26,Օգս,2021,8,2021-08-26,սեյրան օհանյան,gI3WwMIbvaI,00:26:31,https://i.ytimg.com/vi/gI3WwMIbvaI/hqdefault.jpg,52615
https://www.1tv.am/hy/video/Հարցազրույց-Անդրանիկ-Քոչարյանի-հետ/185975,https://www.youtube.com/embed/M4cVkirX9qg?autoplay=1&autohide=1,Հարցազրույց Անդրանիկ Քոչարյանի հետ,21:50,"25 Օգս, 2021",25,Օգս,2021,8,2021-08-25,անդրանիկ քոչարյան,M4cVkirX9qg,00:24:10,https://i.ytimg.com/vi/M4cVkirX9qg/hqdefault.jpg,100607
https://www.1tv.am/hy/video/Հարցազրույց-Վիգեն-Խաչատրյանի-հետ/185934,https://www.youtube.com/embed/q-CDKL7cnis?autoplay=1&autohide=1,Հարցազրույց Վիգեն Խաչատրյանի հետ,21:45,"24 Օգս, 2021",24,Օգս,2021,8,2021-08-24,վիգեն խաչատրյան,q-CDKL7cnis,00:20:05,https://i.ytimg.com/vi/q-CDKL7cnis/hqdefault.jpg,51436
https://www.1tv.am/hy/video/Հարցազրույց-Արմեն-Գրիգորյանի-հետ/185825,https://www.youtube.com/embed/S9y7UAMyvsQ?autoplay=1&autohide=1,Հարցազրույց Արմեն Գրիգորյանի հետ,21:30,"20 Օգս, 2021",20,Օգս,2021,8,2021-08-20,արմեն գրիգորյան,S9y7UAMyvsQ,00:23:30,https://i.ytimg.com/vi/S9y7UAMyvsQ/hqdefault.jpg,22065
https://www.1tv.am/hy/video/Հարցազրույց-Վահան-Քերոբյանի-հետ/185780,https://www.youtube.com/embed/E3W_hssYYvc?autoplay=1&autohide=1,Հարցազրույց Վահան Քերոբյանի հետ,21:30,"19 Օգս, 2021",19,Օգս,2021,8,2021-08-19,վահան քերոբյան,E3W_hssYYvc,00:21:46,https://i.ytimg.com/vi/E3W_hssYYvc/hqdefault.jpg,10424
https://www.1tv.am/hy/video/Հարցազրույց-Հովհաննես-Հովհաննիսյանի-հետ/185717,https://www.youtube.com/embed/V5IGX5WZL6c?autoplay=1&autohide=1,Հարցազրույց Հովհաննես Հովհաննիսյանի հետ,21:30,"18 Օգս, 2021",18,Օգս,2021,8,2021-08-18,հովհաննես հովհաննիսյան,V5IGX5WZL6c,00:24:35,https://i.ytimg.com/vi/V5IGX5WZL6c/hqdefault.jpg,14895
https://www.1tv.am/hy/video/Հարցազրույց-Անահիտ-Ավանեսյանի-հետ/185691,https://www.youtube.com/embed/vqnneCS2qaI?autoplay=1&autohide=1,Հարցազրույց Անահիտ Ավանեսյանի հետ,21:30,"17 Օգս, 2021",17,Օգս,2021,8,2021-08-17,անահիտ ավանեսյան,vqnneCS2qaI,00:25:55,https://i.ytimg.com/vi/vqnneCS2qaI/hqdefault.jpg,5587
https://www.1tv.am/hy/video/Հարցազրույց-Ռուբեն-Ռուբինյանի-հետ/185648,https://www.youtube.com/embed/g68QLnC2Hv8?autoplay=1&autohide=1,Հարցազրույց Ռուբեն Ռուբինյանի հետ,21:30,"16 Օգս, 2021",16,Օգս,2021,8,2021-08-16,ռուբեն ռուբինյան,g68QLnC2Hv8,00:25:45,https://i.ytimg.com/vi/g68QLnC2Hv8/hqdefault.jpg,20414
https://www.1tv.am/hy/video/Հարցազրույց-Արման-Դիլանյանի-հետ/185017,https://www.youtube.com/embed/qm5OPcvYHzk?autoplay=1&autohide=1,Հարցազրույց Արման Դիլանյանի հետ,21:20,"26 Հլս, 2021",26,Հլս,2021,7,2021-07-26,արման դիլանյան,qm5OPcvYHzk,00:29:30,https://i.ytimg.com/vi/qm5OPcvYHzk/hqdefault.jpg,20029
https://www.1tv.am/hy/video/Հարցազրույց-Տիգրան-Ուլիխանյանի-հետ/184947,https://www.youtube.com/embed/ARCSaClfJN8?autoplay=1&autohide=1,Հարցազրույց Տիգրան Ուլիխանյանի հետ,20:30,"23 Հլս, 2021",23,Հլս,2021,7,2021-07-23,տիգրան ուլիխանյան,ARCSaClfJN8,00:22:50,https://i.ytimg.com/vi/ARCSaClfJN8/hqdefault.jpg,17828
https://www.1tv.am/hy/video/Հարցազրույց-Արթուր-Վանեցյանի-հետ/184861,https://www.youtube.com/embed/UaquHqXWHrA?autoplay=1&autohide=1,Հարցազրույց Արթուր Վանեցյանի հետ,21:30,"21 Հլս, 2021",21,Հլս,2021,7,2021-07-21,արթուր վանեցյան,UaquHqXWHrA,00:21:10,https://i.ytimg.com/vi/UaquHqXWHrA/hqdefault.jpg,16555
https://www.1tv.am/hy/video/Հարցազրույց-Գագիկ-Մելքոնյանի-հետ/184823,https://www.youtube.com/embed/s9i5JfdQHa4?autoplay=1&autohide=1,Հարցազրույց Գագիկ Մելքոնյանի հետ,20:30,"20 Հլս, 2021",20,Հլս,2021,7,2021-07-20,գագիկ մելքոնյան,s9i5JfdQHa4,00:22:01,https://i.ytimg.com/vi/s9i5JfdQHa4/hqdefault.jpg,53535
https://www.1tv.am/hy/video/Հարցազրույց-Արման-Եղոյանի-հետ/184778,https://www.youtube.com/embed/eJiUA3ZNhGs?autoplay=1&autohide=1,Հարցազրույց Արման Եղոյանի հետ,21:30,"19 Հլս, 2021",19,Հլս,2021,7,2021-07-19,արման եղոյան,eJiUA3ZNhGs,00:23:05,https://i.ytimg.com/vi/eJiUA3ZNhGs/hqdefault.jpg,17847
https://www.1tv.am/hy/video/Հարցազրույց-Տաթևիկ-Հայրապետյանի-հետ/184678,https://www.youtube.com/embed/wenZKEaG_2w?autoplay=1&autohide=1,Հարցազրույց Տաթևիկ Հայրապետյանի հետ,21:15,"16 Հլս, 2021",16,Հլս,2021,7,2021-07-16,տաթևիկ հայրապետյան,wenZKEaG_2w,00:20:25,https://i.ytimg.com/vi/wenZKEaG_2w/hqdefault.jpg,10593
https://www.1tv.am/hy/video/Հարցազրույց-Տաթևիկ-Ռևազյանի-հետ/184620,https://www.youtube.com/embed/KXLnQCyv1qU?autoplay=1&autohide=1,Հարցազրույց Տաթևիկ Ռևազյանի հետ,21:45,"15 Հլս, 2021",15,Հլս,2021,7,2021-07-15,տաթևիկ ռևազյան,KXLnQCyv1qU,00:19:25,https://i.ytimg.com/vi/KXLnQCyv1qU/hqdefault.jpg,19524
https://www.1tv.am/hy/video/Հարցազրույց-Ռուստամ-Բադասյանի-հետ/184587,https://www.youtube.com/embed/b7fAtM2-xxk?autoplay=1&autohide=1,Հարցազրույց Ռուստամ Բադասյանի հետ,20:30,"14 Հլս, 2021",14,Հլս,2021,7,2021-07-14,ռուստամ բադասյան,b7fAtM2-xxk,00:22:50,https://i.ytimg.com/vi/b7fAtM2-xxk/hqdefault.jpg,23506
https://www.1tv.am/hy/video/Հարցազրույց-Տիգրան-Եգորյանի-հետ/184479,https://www.youtube.com/embed/A-gQxXeeNiQ?autoplay=1&autohide=1,Հարցազրույց Տիգրան Եգորյանի հետ,21:30,"12 Հլս, 2021",12,Հլս,2021,7,2021-07-12,տիգրան եգորյան,A-gQxXeeNiQ,00:23:51,https://i.ytimg.com/vi/A-gQxXeeNiQ/hqdefault.jpg,15185
https://www.1tv.am/hy/video/Հարցազրույց-Արման-Բաբաջանյանի-հետ/184411,https://www.youtube.com/embed/RDYXmJdMx0M?autoplay=1&autohide=1,Հարցազրույց Արման Բաբաջանյանի հետ,20:15,"10 Հլս, 2021",10,Հլս,2021,7,2021-07-10,արման բաբաջանյան,RDYXmJdMx0M,00:21:05,https://i.ytimg.com/vi/RDYXmJdMx0M/hqdefault.jpg,28254
https://www.1tv.am/hy/video/Հարցազրույց-Էլեն-Հարությունյանի-և-Կարեն-Հովհաննիսյանի-հետ/184306,https://www.youtube.com/embed/z4i25ZcNLSg?autoplay=1&autohide=1,Հարցազրույց Էլեն Հարությունյանի և Կարեն Հովհաննիսյանի հետ,21:30,"08 Հլս, 2021",8,Հլս,2021,7,2021-07-08,էլեն հարությունյան և կարեն հովհաննիսյան,z4i25ZcNLSg,00:21:50,https://i.ytimg.com/vi/z4i25ZcNLSg/hqdefault.jpg,17639
https://www.1tv.am/hy/video/Հարցազրույց-Հայկ-Մամիջանյանի-հետ/184255,https://www.youtube.com/embed/rSgPhtg49gc?autoplay=1&autohide=1,Հարցազրույց Հայկ Մամիջանյանի հետ,21:40,"07 Հլս, 2021",7,Հլս,2021,7,2021-07-07,հայկ մամիջանյան,rSgPhtg49gc,00:23:00,https://i.ytimg.com/vi/rSgPhtg49gc/hqdefault.jpg,6770
https://www.1tv.am/hy/video/Հարցազրույց-Արմեն-Գրիգորյանի-հետ/184212,https://www.youtube.com/embed/_IUyBtJHl1I?autoplay=1&autohide=1,Հարցազրույց Արմեն Գրիգորյանի հետ,21:15,"06 Հլս, 2021",6,Հլս,2021,7,2021-07-06,արմեն գրիգորյան,_IUyBtJHl1I,00:22:40,https://i.ytimg.com/vi/_IUyBtJHl1I/hqdefault.jpg,17919
https://www.1tv.am/hy/video/Հարցազրույց-Մխիթար-Հայրապետյանի-հետ/184076,https://www.youtube.com/embed/P9Tl8VIG5ac?autoplay=1&autohide=1,Հարցազրույց Մխիթար Հայրապետյանի հետ,21:30,"05 Հլս, 2021",5,Հլս,2021,7,2021-07-05,մխիթար հայրապետյան,P9Tl8VIG5ac,00:24:21,https://i.ytimg.com/vi/P9Tl8VIG5ac/hqdefault.jpg,16631
https://www.1tv.am/hy/video/Հարցազրույց-Արմեն-Հովհաննիսյանի-հետ/184070,https://www.youtube.com/embed/I8XCXczRIbc?autoplay=1&autohide=1,Հարցազրույց Արմեն Հովհաննիսյանի հետ,21:30,"03 Հլս, 2021",3,Հլս,2021,7,2021-07-03,արմեն հովհաննիսյան,I8XCXczRIbc,00:23:15,https://i.ytimg.com/vi/I8XCXczRIbc/hqdefault.jpg,14935
https://www.1tv.am/hy/video/Հարցազրույց-Արմեն-Մուրադյանի-հետ/183940,https://www.youtube.com/embed/MO2cJxAUNbo?autoplay=1&autohide=1,Հարցազրույց Արմեն Մուրադյանի հետ,22:30,"01 Հլս, 2021",1,Հլս,2021,7,2021-07-01,արմեն մուրադյան,MO2cJxAUNbo,00:22:16,https://i.ytimg.com/vi/MO2cJxAUNbo/hqdefault.jpg,13595
https://www.1tv.am/hy/video/Հարցազրույց-Գուրգեն-Արսենյանի-հետ/183800,https://www.youtube.com/embed/DjUTtJ5W6CE?autoplay=1&autohide=1,Հարցազրույց Գուրգեն Արսենյանի հետ,21:30,"29 Հնս, 2021",29,Հնս,2021,6,2021-06-29,գուրգեն արսենյան,DjUTtJ5W6CE,00:22:55,https://i.ytimg.com/vi/DjUTtJ5W6CE/hqdefault.jpg,36877
https://www.1tv.am/hy/video/Հարցազրույց-Արմեն-Գրիգորյանի-հետ/183717,https://www.youtube.com/embed/U49rI0aSHZk?autoplay=1&autohide=1,Հարցազրույց Արմեն Գրիգորյանի հետ,21:45,"28 Հնս, 2021",28,Հնս,2021,6,2021-06-28,արմեն գրիգորյան,U49rI0aSHZk,00:21:31,https://i.ytimg.com/vi/U49rI0aSHZk/hqdefault.jpg,26886
https://www.1tv.am/hy/video/Հարցազրույց-Տիգրան-Հակոբյանի-հետ/183515,https://www.youtube.com/embed/42IwiuBjk-g?autoplay=1&autohide=1,Հարցազրույց Տիգրան Հակոբյանի հետ,21:15,"24 Հնս, 2021",24,Հնս,2021,6,2021-06-24,տիգրան հակոբյան,42IwiuBjk-g,00:24:36,https://i.ytimg.com/vi/42IwiuBjk-g/hqdefault.jpg,13255
https://www.1tv.am/hy/video/Հարցազրույց-Էդմոն-Մարուքյանի-հետ/183481,https://www.youtube.com/embed/7gDuj8upEhk?autoplay=1&autohide=1,Հարցազրույց Էդմոն Մարուքյանի հետ,21:30,"23 Հնս, 2021",23,Հնս,2021,6,2021-06-23,էդմոն մարուքյան,7gDuj8upEhk,00:20:55,https://i.ytimg.com/vi/7gDuj8upEhk/hqdefault.jpg,23379
https://www.1tv.am/hy/video/Հարցազրույց-Սուրեն-Պապիկյանի-հետ/183382,https://www.youtube.com/embed/KvIOt5T-_0E?autoplay=1&autohide=1,Հարցազրույց Սուրեն Պապիկյանի հետ,21:30,"22 Հնս, 2021",22,Հնս,2021,6,2021-06-22,սուրեն պապիկյան,KvIOt5T-_0E,00:21:55,https://i.ytimg.com/vi/KvIOt5T-_0E/hqdefault.jpg,72732
https://www.1tv.am/hy/video/Հարցազրույց-Արայիկ-Հարությունյանի-հետ/184405,https://www.youtube.com/embed/xpTtSa7XBEk?autoplay=1&autohide=1,Հարցազրույց Արայիկ Հարությունյանի հետ,21:30,"21 Հնս, 2021",21,Հնս,2021,6,2021-06-21,արայիկ հարությունյան,xpTtSa7XBEk,00:13:09,https://i.ytimg.com/vi/xpTtSa7XBEk/hqdefault.jpg,26383
https://www.1tv.am/hy/video/Հարցազրույց-Արա-Ֆիդանյանի-հետ/183206,https://www.youtube.com/embed/OhHAfOZ8fDo?autoplay=1&autohide=1,Հարցազրույց Արա Ֆիդանյանի հետ,20:00,"19 Հնս, 2021",19,Հնս,2021,6,2021-06-19,արա ֆիդանյան,OhHAfOZ8fDo,00:08:10,https://i.ytimg.com/vi/OhHAfOZ8fDo/hqdefault.jpg,4379
https://www.1tv.am/hy/video/Հարցազրույց-Նիկոլ-Փաշինյանի-հետ/183170,https://www.youtube.com/embed/k8pxddSkNzw?autoplay=1&autohide=1,Հարցազրույց Նիկոլ Փաշինյանի հետ,22:00,"18 Հնս, 2021",18,Հնս,2021,6,2021-06-18,նիկոլ փաշինյան,k8pxddSkNzw,00:36:15,https://i.ytimg.com/vi/k8pxddSkNzw/hqdefault.jpg,214216
https://www.1tv.am/hy/video/Հարցազրույց-Գագիկ-Ծառուկյանի-հետ/182988,https://www.youtube.com/embed/m5081RkxsaE?autoplay=1&autohide=1,Հարցազրույց Գագիկ Ծառուկյանի հետ,17:30,"17 Հնս, 2021",17,Հնս,2021,6,2021-06-17,գագիկ ծառուկյան,m5081RkxsaE,00:21:20,https://i.ytimg.com/vi/m5081RkxsaE/hqdefault.jpg,51992
https://www.1tv.am/hy/video/Հարցազրույց-Նորայր-Նորիկյանի-հետ/182937,https://www.youtube.com/embed/KRwGXBf5VBs?autoplay=1&autohide=1,Հարցազրույց Նորայր Նորիկյանի հետ,17:35,"16 Հնս, 2021",16,Հնս,2021,6,2021-06-16,նորայր նորիկյան,KRwGXBf5VBs,00:21:41,https://i.ytimg.com/vi/KRwGXBf5VBs/hqdefault.jpg,5231
https://www.1tv.am/hy/video/Հարցազրույց-Լևոն-Տեր-Պետրոսյանի-հետ/182881,https://www.youtube.com/embed/QpdJbsNA5dg?autoplay=1&autohide=1,Հարցազրույց Լևոն Տեր-Պետրոսյանի հետ,23:30,"15 Հնս, 2021",15,Հնս,2021,6,2021-06-15,լևոն տեր-պետրոսյան,QpdJbsNA5dg,00:32:01,https://i.ytimg.com/vi/QpdJbsNA5dg/hqdefault.jpg,164726
https://www.1tv.am/hy/video/Հարցազրույց-Ոսկան-արքեպիսկոպոս-Գալփակյանի-հետ/182905,https://www.youtube.com/embed/t63jD2QjjI8?autoplay=1&autohide=1,Հարցազրույց Ոսկան արքեպիսկոպոս Գալփակյանի հետ,20:30,"15 Հնս, 2021",15,Հնս,2021,6,2021-06-15,ոսկան արքեպիսկոպոս գալփակյան,t63jD2QjjI8,00:24:51,https://i.ytimg.com/vi/t63jD2QjjI8/hqdefault.jpg,3549
https://www.1tv.am/hy/video/Հարցազրույց-Էդմոն-Մարուքյանի-հետ/182817,https://www.youtube.com/embed/yC-BzPdm38I?autoplay=1&autohide=1,Հարցազրույց Էդմոն Մարուքյանի հետ,21:30,"14 Հնս, 2021",14,Հնս,2021,6,2021-06-14,էդմոն մարուքյան,yC-BzPdm38I,00:23:54,https://i.ytimg.com/vi/yC-BzPdm38I/hqdefault.jpg,5501
https://www.1tv.am/hy/video/Հարցազրույց-Արման-Բաբաջանյանի-հետ/182709,https://www.youtube.com/embed/u9hZ_jBEGYU?autoplay=1&autohide=1,Հարցազրույց Արման Բաբաջանյանի հետ,21:45,"13 Հնս, 2021",13,Հնս,2021,6,2021-06-13,արման բաբաջանյան,u9hZ_jBEGYU,00:21:05,https://i.ytimg.com/vi/u9hZ_jBEGYU/hqdefault.jpg,25936
https://www.1tv.am/hy/video/Հարցազրույց-Արտակ-Գալստյանի-հետ/182555,https://www.youtube.com/embed/BvotC2GNdQo?autoplay=1&autohide=1,Հարցազրույց Արտակ Գալստյանի հետ,17:45,"11 Հնս, 2021",11,Հնս,2021,6,2021-06-11,արտակ գալստյան,BvotC2GNdQo,00:25:31,https://i.ytimg.com/vi/BvotC2GNdQo/hqdefault.jpg,4798
https://www.1tv.am/hy/video/Հարցազրույց-Արամ-Սարգսյանի-հետ/182546,https://www.youtube.com/embed/q7rXlcHmIyQ?autoplay=1&autohide=1,Հարցազրույց Արամ Սարգսյանի հետ,17:30,"11 Հնս, 2021",11,Հնս,2021,6,2021-06-11,արամ սարգսյան,q7rXlcHmIyQ,00:19:40,https://i.ytimg.com/vi/q7rXlcHmIyQ/hqdefault.jpg,64591
https://www.1tv.am/hy/video/Հարցազրույց-Վահե-Գասպարյանի-հետ/182417,https://www.youtube.com/embed/g4NBsGdD2Xs?autoplay=1&autohide=1,Հարցազրույց Վահե Գասպարյանի հետ,21:55,"10 Հնս, 2021",10,Հնս,2021,6,2021-06-10,վահե գասպարյան,g4NBsGdD2Xs,00:27:15,https://i.ytimg.com/vi/g4NBsGdD2Xs/hqdefault.jpg,26044
https://www.1tv.am/hy/video/Հարցազրույց-Արթուր-Դավթյանի-հետ/182465,https://www.youtube.com/embed/S0CWp-v8-Vc?autoplay=1&autohide=1,Հարցազրույց Արթուր Դավթյանի հետ,21:30,"09 Հնս, 2021",9,Հնս,2021,6,2021-06-09,արթուր դավթյան,S0CWp-v8-Vc,00:29:20,https://i.ytimg.com/vi/S0CWp-v8-Vc/hqdefault.jpg,27400
https://www.1tv.am/hy/video/Հարցազրույց-Սամվել-Բաբայանի-հետ/182245,https://www.youtube.com/embed/_QTq8kZszN8?autoplay=1&autohide=1,Հարցազրույց Սամվել Բաբայանի հետ,17:30,"08 Հնս, 2021",8,Հնս,2021,6,2021-06-08,սամվել բաբայան,_QTq8kZszN8,00:26:17,https://i.ytimg.com/vi/_QTq8kZszN8/hqdefault.jpg,136823
https://www.1tv.am/hy/video/Հարցազրույց-Սուրեն-Սահակյանի-հետ/182177,https://www.youtube.com/embed/21x-MBzXw2k?autoplay=1&autohide=1,Հարցազրույց Սուրեն Սահակյանի հետ,21:30,"07 Հնս, 2021",7,Հնս,2021,6,2021-06-07,սուրեն սահակյան,21x-MBzXw2k,00:25:20,https://i.ytimg.com/vi/21x-MBzXw2k/hqdefault.jpg,1661
https://www.1tv.am/hy/video/Հարցազրույց-Էդմոն-Մարուքյանի-հետ/182063,https://www.youtube.com/embed/C4m5TlMZoLg?autoplay=1&autohide=1,Հարցազրույց Էդմոն Մարուքյանի հետ,21:30,"04 Հնս, 2021",4,Հնս,2021,6,2021-06-04,էդմոն մարուքյան,C4m5TlMZoLg,00:21:10,https://i.ytimg.com/vi/C4m5TlMZoLg/hqdefault.jpg,22054
https://www.1tv.am/hy/video/Հարցազրույց-Արթուր-Վանեցյանի-հետ/181885,https://www.youtube.com/embed/w2AihV7bWxw?autoplay=1&autohide=1,Հարցազրույց Արթուր Վանեցյանի հետ,21:30,"03 Հնս, 2021",3,Հնս,2021,6,2021-06-03,արթուր վանեցյան,w2AihV7bWxw,00:30:10,https://i.ytimg.com/vi/w2AihV7bWxw/hqdefault.jpg,127475
https://www.1tv.am/hy/video/Հարցազրույց-Անահիտ-Ավանեսյանի-հետ/181826,https://www.youtube.com/embed/IQNVjVNS1T0?autoplay=1&autohide=1,Հարցազրույց Անահիտ Ավանեսյանի հետ,21:30,"02 Հնս, 2021",2,Հնս,2021,6,2021-06-02,անահիտ ավանեսյան,IQNVjVNS1T0,00:21:15,https://i.ytimg.com/vi/IQNVjVNS1T0/hqdefault.jpg,17207
https://www.1tv.am/hy/video/Հարցազրույց-Վահան-Քերոբյանի-հետ/181658,https://www.youtube.com/embed/IffQn31DFnE?autoplay=1&autohide=1,Հարցազրույց Վահան Քերոբյանի հետ,21:15,"31 Մայ, 2021",31,Մայ,2021,5,2021-05-31,վահան քերոբյան,IffQn31DFnE,00:24:51,https://i.ytimg.com/vi/IffQn31DFnE/hqdefault.jpg,16912
https://www.1tv.am/hy/video/Հարցազրույց-Ալեն-Սիմոնյանի-հետ/181491,https://www.youtube.com/embed/uoEmXXXyQo4?autoplay=1&autohide=1,Հարցազրույց Ալեն Սիմոնյանի հետ,21:30,"28 Մայ, 2021",28,Մայ,2021,5,2021-05-28,ալեն սիմոնյան,uoEmXXXyQo4,00:22:16,https://i.ytimg.com/vi/uoEmXXXyQo4/hqdefault.jpg,65684
https://www.1tv.am/hy/video/Հարցազրույց-Լևոն-Տեր-Պետրոսյանի-հետ/181358,https://www.youtube.com/embed/Xa5bhGIZHR8?autoplay=1&autohide=1,Հարցազրույց Լևոն Տեր-Պետրոսյանի հետ,22:05,"27 Մայ, 2021",27,Մայ,2021,5,2021-05-27,լևոն տեր-պետրոսյան,Xa5bhGIZHR8,00:51:59,https://i.ytimg.com/vi/Xa5bhGIZHR8/hqdefault.jpg,2315924
https://www.1tv.am/hy/video/Հարցազրույց-Հայկ-Կոնջորյանի-հետ/181305,https://www.youtube.com/embed/TD7RKp_us7w?autoplay=1&autohide=1,Հարցազրույց Հայկ Կոնջորյանի հետ,21:30,"26 Մայ, 2021",26,Մայ,2021,5,2021-05-26,հայկ կոնջորյան,TD7RKp_us7w,00:25:31,https://i.ytimg.com/vi/TD7RKp_us7w/hqdefault.jpg,24507
https://www.1tv.am/hy/video/Հարցազրույց-Արմեն-Գրիգորյանի-հետ/181160,https://www.youtube.com/embed/ezh4aX2HKqM?autoplay=1&autohide=1,Հարցազրույց Արմեն Գրիգորյանի հետ,22:00,"25 Մայ, 2021",25,Մայ,2021,5,2021-05-25,արմեն գրիգորյան,ezh4aX2HKqM,00:20:10,https://i.ytimg.com/vi/ezh4aX2HKqM/hqdefault.jpg,25699
https://www.1tv.am/hy/video/Հարցազրույց-Հայկ-Մամիջանյանի-հետ/181159,https://www.youtube.com/embed/IIOgvUGDY_8?autoplay=1&autohide=1,Հարցազրույց Հայկ Մամիջանյանի հետ,21:30,"25 Մայ, 2021",25,Մայ,2021,5,2021-05-25,հայկ մամիջանյան,IIOgvUGDY_8,00:26:36,https://i.ytimg.com/vi/IIOgvUGDY_8/hqdefault.jpg,10152
https://www.1tv.am/hy/video/Հարցազրույց-Արա-Աբրահամյանի-հետ/181068,https://www.youtube.com/embed/XowSSe6m6MY?autoplay=1&autohide=1,Հարցազրույց Արա Աբրահամյանի հետ,21:30,"24 Մայ, 2021",24,Մայ,2021,5,2021-05-24,արա աբրահամյան,XowSSe6m6MY,00:25:25,https://i.ytimg.com/vi/XowSSe6m6MY/hqdefault.jpg,15255
https://www.1tv.am/hy/video/Հարցազրույց-Վարդան-Ոսկանյանի-հետ/180948,https://www.youtube.com/embed/Brq2EEkSQyM?autoplay=1&autohide=1,Հարցազրույց Վարդան Ոսկանյանի հետ,21:30,"21 Մայ, 2021",21,Մայ,2021,5,2021-05-21,վարդան ոսկանյան,Brq2EEkSQyM,00:24:16,https://i.ytimg.com/vi/Brq2EEkSQyM/hqdefault.jpg,12690
https://www.1tv.am/hy/video/Հարցազրույց-Արմեն-Գրիգորյանի-հետ/180799,https://www.youtube.com/embed/01H22olc_6U?autoplay=1&autohide=1,Հարցազրույց Արմեն Գրիգորյանի հետ,22:00,"20 Մայ, 2021",20,Մայ,2021,5,2021-05-20,արմեն գրիգորյան,01H22olc_6U,00:13:50,https://i.ytimg.com/vi/01H22olc_6U/hqdefault.jpg,19965
https://www.1tv.am/hy/video/Հարցազրույց-Արսեն-Թորոսյանի-հետ/180677,https://www.youtube.com/embed/TtdO0QQF8dU?autoplay=1&autohide=1,Հարցազրույց Արսեն Թորոսյանի հետ,21:15,"19 Մայ, 2021",19,Մայ,2021,5,2021-05-19,արսեն թորոսյան,TtdO0QQF8dU,00:26:00,https://i.ytimg.com/vi/TtdO0QQF8dU/hqdefault.jpg,15868
https://www.1tv.am/hy/video/Հարցազրույց-Լևոն-Շիրինյանի-և-Արման-Բաբաջանյանի-հետ/180567,https://www.youtube.com/embed/v3nE41ULQp8?autoplay=1&autohide=1,Հարցազրույց Լևոն Շիրինյանի և Արման Բաբաջանյանի հետ,21:15,"18 Մայ, 2021",18,Մայ,2021,5,2021-05-18,լևոն շիրինյան և արման բաբաջանյան,v3nE41ULQp8,00:25:45,https://i.ytimg.com/vi/v3nE41ULQp8/hqdefault.jpg,91747
https://www.1tv.am/hy/video/Հարցազրույց-Արմեն-Գրիգորյանի-հետ/180428,https://www.youtube.com/embed/qUnkwwGLU7E?autoplay=1&autohide=1,Հարցազրույց Արմեն Գրիգորյանի հետ,21:15,"17 Մայ, 2021",17,Մայ,2021,5,2021-05-17,արմեն գրիգորյան,qUnkwwGLU7E,00:21:31,https://i.ytimg.com/vi/qUnkwwGLU7E/hqdefault.jpg,25915
https://www.1tv.am/hy/video/Հարցազրույց-Գնել-Սանոսյանի-հետ/180279,https://www.youtube.com/embed/HNuoE9yeUZw?autoplay=1&autohide=1,Հարցազրույց Գնել Սանոսյանի հետ,21:30,"15 Մայ, 2021",15,Մայ,2021,5,2021-05-15,գնել սանոսյան,HNuoE9yeUZw,00:15:16,https://i.ytimg.com/vi/HNuoE9yeUZw/hqdefault.jpg,19607
https://www.1tv.am/hy/video/Հարցազրույց-Էդմոն-Մարուքյանի-հետ/180280,https://www.youtube.com/embed/PR6rlYPaJ_4?autoplay=1&autohide=1,Հարցազրույց Էդմոն Մարուքյանի հետ,21:30,"15 Մայ, 2021",15,Մայ,2021,5,2021-05-15,էդմոն մարուքյան,PR6rlYPaJ_4,00:20:28,https://i.ytimg.com/vi/PR6rlYPaJ_4/hqdefault.jpg,59210
https://www.1tv.am/hy/video/Հարցազրույց-Արմեն-Խաչատրյանի-հետ/180270,https://www.youtube.com/embed/K9AsPYGf3no?autoplay=1&autohide=1,Հարցազրույց Արմեն Խաչատրյանի հետ,21:30,"13 Մայ, 2021",13,Մայ,2021,5,2021-05-13,արմեն խաչատրյան,K9AsPYGf3no,00:25:45,https://i.ytimg.com/vi/K9AsPYGf3no/hqdefault.jpg,24780
https://www.1tv.am/hy/video/Հարցազրույց-Արման-Բաբաջանյանի-հետ/180007,https://www.youtube.com/embed/a1aAwodYWFA?autoplay=1&autohide=1,Հարցազրույց Արման Բաբաջանյանի հետ,21:45,"12 Մայ, 2021",12,Մայ,2021,5,2021-05-12,արման բաբաջանյան,a1aAwodYWFA,00:25:11,https://i.ytimg.com/vi/a1aAwodYWFA/hqdefault.jpg,43273
https://www.1tv.am/hy/video/Հարցազրույց-Տաթևիկ-Ստեփանյանի-հետ/179408,https://www.youtube.com/embed/UhapeIK5mc4?autoplay=1&autohide=1,Հարցազրույց Տաթևիկ Ստեփանյանի հետ,21:15,"11 Մայ, 2021",11,Մայ,2021,5,2021-05-11,տաթևիկ ստեփանյան,UhapeIK5mc4,00:20:23,https://i.ytimg.com/vi/UhapeIK5mc4/hqdefault.jpg,6419
https://www.1tv.am/hy/video/Հարցազրույց-Արսեն-Բաբայանի-հետ/179831,https://www.youtube.com/embed/OtLTMUupujA?autoplay=1&autohide=1,Հարցազրույց Արսեն Բաբայանի հետ,21:30,"10 Մայ, 2021",10,Մայ,2021,5,2021-05-10,արսեն բաբայան,OtLTMUupujA,00:21:17,https://i.ytimg.com/vi/OtLTMUupujA/hqdefault.jpg,16125
https://www.1tv.am/hy/video/Հարցազրույց-Արման-Թաթոյանի-հետ/179753,https://www.youtube.com/embed/9y7L7RMSoYQ?autoplay=1&autohide=1,Հարցազրույց Արման Թաթոյանի հետ,21:30,"08 Մայ, 2021",8,Մայ,2021,5,2021-05-08,արման թաթոյան,9y7L7RMSoYQ,00:30:26,https://i.ytimg.com/vi/9y7L7RMSoYQ/hqdefault.jpg,40291
https://www.1tv.am/hy/video/Հարցազրույց-Արմեն-Մուրադյանի-հետ/179518,https://www.youtube.com/embed/MEWLng8BoKQ?autoplay=1&autohide=1,Հարցազրույց Արմեն Մուրադյանի հետ,21:45,"06 Մայ, 2021",6,Մայ,2021,5,2021-05-06,արմեն մուրադյան,MEWLng8BoKQ,00:21:59,https://i.ytimg.com/vi/MEWLng8BoKQ/hqdefault.jpg,9650
https://www.1tv.am/hy/video/Հարցազրույց-Անդրանիկ-Քոչարյանի-հետ/179413,https://www.youtube.com/embed/wuJoG9ee5h4?autoplay=1&autohide=1,Հարցազրույց Անդրանիկ Քոչարյանի հետ,21:15,"05 Մայ, 2021",5,Մայ,2021,5,2021-05-05,անդրանիկ քոչարյան,wuJoG9ee5h4,00:24:25,https://i.ytimg.com/vi/wuJoG9ee5h4/hqdefault.jpg,50837
https://www.1tv.am/hy/video/Հարցազրույց-Ռուբեն-Վարդանյանի-հետ/179194,https://www.youtube.com/embed/gXVxpY1YwBE?autoplay=1&autohide=1,Հարցազրույց Ռուբեն Վարդանյանի հետ,21:30,"03 Մայ, 2021",3,Մայ,2021,5,2021-05-03,ռուբեն վարդանյան,gXVxpY1YwBE,00:34:06,https://i.ytimg.com/vi/gXVxpY1YwBE/hqdefault.jpg,174604
https://www.1tv.am/hy/video/Հարցազրույց-Լիլիթ-Մակունցի-հետ/179204,https://www.youtube.com/embed/YwD3C5dl478?autoplay=1&autohide=1,Հարցազրույց Լիլիթ Մակունցի հետ,21:15,"03 Մայ, 2021",3,Մայ,2021,5,2021-05-03,լիլիթ մակունց,YwD3C5dl478,00:21:41,https://i.ytimg.com/vi/YwD3C5dl478/hqdefault.jpg,14868
https://www.1tv.am/hy/video/Հարցազրույց-Դավիթ-Բաղդասարյանի-հետ/179041,https://www.youtube.com/embed/bhOutev0BGg?autoplay=1&autohide=1,Հարցազրույց Դավիթ Բաղդասարյանի հետ,21:30,"30 Ապր, 2021",30,Ապր,2021,4,2021-04-30,դավիթ բաղդասարյան,bhOutev0BGg,00:20:22,https://i.ytimg.com/vi/bhOutev0BGg/hqdefault.jpg,12645
https://www.1tv.am/hy/video/Հարցազրույց-Գեորգի-Ավետիսյանի-հետ/178987,https://www.youtube.com/embed/GIlcqFTvOTU?autoplay=1&autohide=1,Հարցազրույց Գեորգի Ավետիսյանի հետ,21:15,"30 Ապր, 2021",30,Ապր,2021,4,2021-04-30,գեորգ ավետիսյան,GIlcqFTvOTU,00:20:18,https://i.ytimg.com/vi/GIlcqFTvOTU/hqdefault.jpg,6136
https://www.1tv.am/hy/video/Հարցազրույց-Վալերի-Բուայեի-հետ/178868,https://www.youtube.com/embed/OmNzeJaY21I?autoplay=1&autohide=1,Հարցազրույց Վալերի Բուայեի հետ,21:30,"29 Ապր, 2021",29,Ապր,2021,4,2021-04-29,վալեր բուայե,OmNzeJaY21I,00:15:56,https://i.ytimg.com/vi/OmNzeJaY21I/hqdefault.jpg,16718
https://www.1tv.am/hy/video/Հարցազրույց-Լևոն-Օհանեսյանի-հետ/178745,https://www.youtube.com/embed/g6T-0TdMT_0?autoplay=1&autohide=1,Հարցազրույց Լևոն Օհանեսյանի հետ,21:15,"28 Ապր, 2021",28,Ապր,2021,4,2021-04-28,լևոն օհանեսյան,g6T-0TdMT_0,00:22:19,https://i.ytimg.com/vi/g6T-0TdMT_0/hqdefault.jpg,10609
https://www.1tv.am/hy/video/Հարցազրույց-Տիգրան-Հակոբյանի-հետ/178626,https://www.youtube.com/embed/Z3H8a6WjIQ8?autoplay=1&autohide=1,Հարցազրույց Տիգրան Հակոբյանի հետ,21:15,"27 Ապր, 2021",27,Ապր,2021,4,2021-04-27,տիգրան հակոբյան,Z3H8a6WjIQ8,00:22:00,https://i.ytimg.com/vi/Z3H8a6WjIQ8/hqdefault.jpg,17403
https://www.1tv.am/hy/video/Հարցազրույց-Մխիթար-Հայրապետյանի-հետ/178545,https://www.youtube.com/embed/r77FAhrMYgw?autoplay=1&autohide=1,Հարցազրույց Մխիթար Հայրապետյանի հետ,21:30,"26 Ապր, 2021",26,Ապր,2021,4,2021-04-26,մխիթար հայրապետյան,r77FAhrMYgw,00:20:23,https://i.ytimg.com/vi/r77FAhrMYgw/hqdefault.jpg,27422
https://www.1tv.am/hy/video/Հարցազրույց-Համազասպ-Դանիելյանի-և-Դանիել-Իոաննիսյանի-հետ/178387,https://www.youtube.com/embed/ru8ELbyHQb0?autoplay=1&autohide=1,Հարցազրույց Համազասպ Դանիելյանի և Դանիել Իոաննիսյանի հետ,21:15,"24 Ապր, 2021",24,Ապր,2021,4,2021-04-24,համազասպ դանիելյան և դանիել իոաննիսյան,ru8ELbyHQb0,00:21:33,https://i.ytimg.com/vi/ru8ELbyHQb0/hqdefault.jpg,8849
https://www.1tv.am/hy/video/Խորհրդարանական-շաբաթ/178397,https://www.youtube.com/embed/dUWvX_wcqGI?autoplay=1&autohide=1,Խորհրդարանական շաբաթ,13:15,"24 Ապր, 2021",24,Ապր,2021,4,2021-04-24,խորհրդարանական շաբաթ,dUWvX_wcqGI,00:57:45,https://i.ytimg.com/vi/dUWvX_wcqGI/hqdefault.jpg,9086
https://www.1tv.am/hy/video/Հարցազրույց-Կիրո-Մանոյանի-հետ/178378,https://www.youtube.com/embed/bYRDxG1CBg4?autoplay=1&autohide=1,Հարցազրույց Կիրո Մանոյանի հետ,21:15,"23 Ապր, 2021",23,Ապր,2021,4,2021-04-23,կիրո մանոյան,bYRDxG1CBg4,00:22:56,https://i.ytimg.com/vi/bYRDxG1CBg4/hqdefault.jpg,5928
https://www.1tv.am/hy/video/Հարցազրույց-Լևոն-Շիրինյանի-հետ/178236,https://www.youtube.com/embed/gndaok5dI5c?autoplay=1&autohide=1,Հարցազրույց Լևոն Շիրինյանի հետ,21:15,"22 Ապր, 2021",22,Ապր,2021,4,2021-04-22,լևոն շիրինյան,gndaok5dI5c,00:21:02,https://i.ytimg.com/vi/gndaok5dI5c/hqdefault.jpg,139709
https://www.1tv.am/hy/video/Հարցազրույց-Արայիկ-Հարությունյանի-հետ/178117,https://www.youtube.com/embed/vtLAzMiAslU?autoplay=1&autohide=1,Հարցազրույց Արայիկ Հարությունյանի հետ,21:35,"21 Ապր, 2021",21,Ապր,2021,4,2021-04-21,արայիկ հարությունյան,vtLAzMiAslU,00:20:26,https://i.ytimg.com/vi/vtLAzMiAslU/hqdefault.jpg,20187
https://www.1tv.am/hy/video/Հարցազրույց-Հարություն-Մարությանի-հետ/178005,https://www.youtube.com/embed/p-Z_ijrxmFw?autoplay=1&autohide=1,Հարցազրույց Հարություն Մարությանի հետ,21:15,"20 Ապր, 2021",20,Ապր,2021,4,2021-04-20,հարություն մարության,p-Z_ijrxmFw,00:20:16,https://i.ytimg.com/vi/p-Z_ijrxmFw/hqdefault.jpg,22084
https://www.1tv.am/hy/video/Հարցազրույց-Վահան-Քերոբյանի-հետ/177932,https://www.youtube.com/embed/wdt5KCqxX18?autoplay=1&autohide=1,Հարցազրույց Վահան Քերոբյանի հետ,21:30,"19 Ապր, 2021",19,Ապր,2021,4,2021-04-19,վահան քերոբյան,wdt5KCqxX18,00:20:24,https://i.ytimg.com/vi/wdt5KCqxX18/hqdefault.jpg,14332
https://www.1tv.am/hy/video/Հարցազրույց-Սամվել-Բաբայանի-հետ/177803,https://www.youtube.com/embed/t2Xw6e60UTg?autoplay=1&autohide=1,Հարցազրույց Սամվել Բաբայանի հետ,21:30,"17 Ապր, 2021",17,Ապր,2021,4,2021-04-17,սամվել բաբայան,t2Xw6e60UTg,00:52:08,https://i.ytimg.com/vi/t2Xw6e60UTg/hqdefault.jpg,848868
https://www.1tv.am/hy/video/Հարցազրույց-Անահիտ-Ավանեսյանի-հետ/177774,https://www.youtube.com/embed/rpMNFp1ENpA?autoplay=1&autohide=1,Հարցազրույց Անահիտ Ավանեսյանի հետ,21:15,"16 Ապր, 2021",16,Ապր,2021,4,2021-04-16,անահիտ ավանեսյան,rpMNFp1ENpA,00:22:32,https://i.ytimg.com/vi/rpMNFp1ENpA/hqdefault.jpg,4292
https://www.1tv.am/hy/video/Հարցազրույց-Անդրանիկ-Քոչարյանի-հետ/177621,https://www.youtube.com/embed/Lu3y3seRfNM?autoplay=1&autohide=1,Հարցազրույց Անդրանիկ Քոչարյանի հետ,21:15,"15 Ապր, 2021",15,Ապր,2021,4,2021-04-15,անդրանիկ քոչարյան,Lu3y3seRfNM,00:25:59,https://i.ytimg.com/vi/Lu3y3seRfNM/hqdefault.jpg,57313
https://www.1tv.am/hy/video/Հարցազրույց-Հայկ-Կոնջորյանի-հետ/177524,https://www.youtube.com/embed/wo6fldFrihM?autoplay=1&autohide=1,Հարցազրույց Հայկ Կոնջորյանի հետ,21:30,"14 Ապր, 2021",14,Ապր,2021,4,2021-04-14,հայկ կոնջորյան,wo6fldFrihM,00:29:21,https://i.ytimg.com/vi/wo6fldFrihM/hqdefault.jpg,101742
https://www.1tv.am/hy/video/Հարցազրույց-Վիգեն-Խաչատրյանի-և/177411,https://www.youtube.com/embed/S1x7TrEcwJI?autoplay=1&autohide=1,Հարցազրույց Վիգեն Խաչատրյանի և Կարեն Ավագյանի հետ,21:15,"13 Ապր, 2021",13,Ապր,2021,4,2021-04-13,վիգեն խաչատրյան և կարեն ավագյան,S1x7TrEcwJI,00:22:41,https://i.ytimg.com/vi/S1x7TrEcwJI/hqdefault.jpg,12443
https://www.1tv.am/hy/video/Հարցազրույց-Արամ-Սարգսյանի-հետ/177311,https://www.youtube.com/embed/lnqTMbPM7Fw?autoplay=1&autohide=1,Հարցազրույց Արամ Սարգսյանի հետ,21:15,"12 Ապր, 2021",12,Ապր,2021,4,2021-04-12,արամ սարգսյան,lnqTMbPM7Fw,00:26:49,https://i.ytimg.com/vi/lnqTMbPM7Fw/hqdefault.jpg,80758
https://www.1tv.am/hy/video/Հարցազրույց-Ավագ-Ավանեսյանի-և-Կարեն-Զաքարյանի-հետ/177129,https://www.youtube.com/embed/h3JCs0zuJ8A?autoplay=1&autohide=1,Հարցազրույց Ավագ Ավանեսյանի և Կարեն Զաքարյանի հետ,21:30,"10 Ապր, 2021",10,Ապր,2021,4,2021-04-10,ավագ ավանեսյան և կարեն զաքարյան,h3JCs0zuJ8A,00:23:13,https://i.ytimg.com/vi/h3JCs0zuJ8A/hqdefault.jpg,5575
https://www.1tv.am/hy/video/Հարցազրույց-Գրիգոր-Մինասյանի-հետ/177122,https://www.youtube.com/embed/IQCXBa0dW-0?autoplay=1&autohide=1,Հարցազրույց Գրիգոր Մինասյանի հետ,21:30,"09 Ապր, 2021",9,Ապր,2021,4,2021-04-09,գրիգոր մինասյան,IQCXBa0dW-0,00:19:35,https://i.ytimg.com/vi/IQCXBa0dW-0/hqdefault.jpg,19901
https://www.1tv.am/hy/video/Հարցազրույց-Արմեն-Քթոյանի-հետ/177002,https://www.youtube.com/embed/QgdL8_bVuys?autoplay=1&autohide=1,Հարցազրույց Արմեն Քթոյանի հետ,20:00,"08 Ապր, 2021",8,Ապր,2021,4,2021-04-08,արմեն քթոյան,QgdL8_bVuys,00:22:03,https://i.ytimg.com/vi/QgdL8_bVuys/hqdefault.jpg,12071
https://www.1tv.am/hy/video/Հարցազրույց-Հրանտ-Բագրատյանի-հետ/176893,https://www.youtube.com/embed/C0z7cBSaB0A?autoplay=1&autohide=1,Հարցազրույց Հրանտ Բագրատյանի հետ,21:30,"07 Ապր, 2021",7,Ապր,2021,4,2021-04-07,հրանտ բագրատյան,C0z7cBSaB0A,00:24:43,https://i.ytimg.com/vi/C0z7cBSaB0A/hqdefault.jpg,35131
https://www.1tv.am/hy/video/Հարցազրույց-Տիգրան-Ուլիխանյանի-հետ/176775,https://www.youtube.com/embed/8bmpow4mfOI?autoplay=1&autohide=1,Հարցազրույց Տիգրան Ուլիխանյանի հետ,21:15,"06 Ապր, 2021",6,Ապր,2021,4,2021-04-06,տիգրան ուլիխանյան,8bmpow4mfOI,00:22:25,https://i.ytimg.com/vi/8bmpow4mfOI/hqdefault.jpg,8954
https://www.1tv.am/hy/video/Հարցազրույց-Արման-Բաբաջանյանի-հետ/176661,https://www.youtube.com/embed/LaT_ztK5iO8?autoplay=1&autohide=1,Հարցազրույց Արման Բաբաջանյանի հետ,21:15,"05 Ապր, 2021",5,Ապր,2021,4,2021-04-05,արման բաբաջանյան,LaT_ztK5iO8,00:20:12,https://i.ytimg.com/vi/LaT_ztK5iO8/hqdefault.jpg,35118
https://www.1tv.am/hy/video/Հարցազրույց-Էդվարդ-Հովհաննիսյանի-հետ/176480,https://www.youtube.com/embed/xwuzCAom45Y?autoplay=1&autohide=1,Հարցազրույց Էդվարդ Հովհաննիսյանի հետ,21:15,"03 Ապր, 2021",3,Ապր,2021,4,2021-04-03,էդվարդ հովհաննիսյան,xwuzCAom45Y,00:22:22,https://i.ytimg.com/vi/xwuzCAom45Y/hqdefault.jpg,9549
https://www.1tv.am/hy/video/Հարցազրույց-Արմեն-Մելիքբեկյանի-հետ/176481,https://www.youtube.com/embed/rfYzbXUQ2B8?autoplay=1&autohide=1,Հարցազրույց Արմեն Մելիքբեկյանի հետ,21:35,"02 Ապր, 2021",2,Ապր,2021,4,2021-04-02,արմեն մելիքբեկյան,rfYzbXUQ2B8,00:23:43,https://i.ytimg.com/vi/rfYzbXUQ2B8/hqdefault.jpg,49931
https://www.1tv.am/hy/video/Հարցազրույց-Արտակ-Գրիգորյանի-և-Հակոբ-Հակոբյանի-հետ/176319,https://www.youtube.com/embed/aRO7akLLRyU?autoplay=1&autohide=1,Հարցազրույց Արտակ Գրիգորյանի և Հակոբ Հակոբյանի հետ,21:15,"01 Ապր, 2021",1,Ապր,2021,4,2021-04-01,արտակ գրիգորյան և հակոբ հակոբյան,aRO7akLLRyU,00:25:58,https://i.ytimg.com/vi/aRO7akLLRyU/hqdefault.jpg,38945
https://www.1tv.am/hy/video/Հարցազրույց-Վահրամ-Դումանյանի-հետ/176181,https://www.youtube.com/embed/KbvsTfOgdmA?autoplay=1&autohide=1,Հարցազրույց Վահրամ Դումանյանի հետ,21:15,"31 Մար, 2021",31,Մար,2021,3,2021-03-31,վահրամ դումանյան,KbvsTfOgdmA,00:24:33,https://i.ytimg.com/vi/KbvsTfOgdmA/hqdefault.jpg,7355
https://www.1tv.am/hy/video/Հարցազրույց-Արտակ-Մանուկյանի-հետ/176081,https://www.youtube.com/embed/jOKDUcPIs-w?autoplay=1&autohide=1,Հարցազրույց Արտակ Մանուկյանի հետ,21:30,"30 Մար, 2021",30,Մար,2021,3,2021-03-30,արտակ մանուկյան,jOKDUcPIs-w,00:24:00,https://i.ytimg.com/vi/jOKDUcPIs-w/hqdefault.jpg,15948
https://www.1tv.am/hy/video/Հարցազրույց-Հրանտ-Տեր-Աբրահամյանի-հետ/175970,https://www.youtube.com/embed/qaQ0X4DMXoI?autoplay=1&autohide=1,Հարցազրույց Հրանտ Տեր-Աբրահամյանի հետ,21:15,"29 Մար, 2021",29,Մար,2021,3,2021-03-29,հրանտ տեր-աբրահամյան,qaQ0X4DMXoI,00:21:34,https://i.ytimg.com/vi/qaQ0X4DMXoI/hqdefault.jpg,21584
https://www.1tv.am/hy/video/Հարցազրույց-Արմեն-Գրիգորյանի-հետ/175763,https://www.youtube.com/embed/4a71t-k2h1k?autoplay=1&autohide=1,Հարցազրույց Արմեն Գրիգորյանի հետ,21:35,"27 Մար, 2021",27,Մար,2021,3,2021-03-27,արմեն գրիգորյան,4a71t-k2h1k,00:21:36,https://i.ytimg.com/vi/4a71t-k2h1k/hqdefault.jpg,23973
https://www.1tv.am/hy/video/Հարցազրույց-Գեղամ-Գևորգյանի-հետ/175756,https://www.youtube.com/embed/KdgSYfEG28I?autoplay=1&autohide=1,Հարցազրույց Գեղամ Գևորգյանի հետ,21:25,"26 Մար, 2021",26,Մար,2021,3,2021-03-26,գեղամ գևորգյան,KdgSYfEG28I,00:21:44,https://i.ytimg.com/vi/KdgSYfEG28I/hqdefault.jpg,7525
https://www.1tv.am/hy/video/Հարցազրույց-Վահագն-Հովակիմյանի-հետ/175631,https://www.youtube.com/embed/H6IwBrzdXgM?autoplay=1&autohide=1,Հարցազրույց Վահագն Հովակիմյանի հետ,21:15,"25 Մար, 2021",25,Մար,2021,3,2021-03-25,վահագն հովակիմյան,H6IwBrzdXgM,00:21:18,https://i.ytimg.com/vi/H6IwBrzdXgM/hqdefault.jpg,17871
https://www.1tv.am/hy/video/Հարցազրույց-Արծվիկ-Մինասյանի-հետ/175532,https://www.youtube.com/embed/5k5ZkIfvax0?autoplay=1&autohide=1,Հարցազրույց Արծվիկ Մինասյանի հետ,21:15,"24 Մար, 2021",24,Մար,2021,3,2021-03-24,արծվիկ մինասյան,5k5ZkIfvax0,00:29:03,https://i.ytimg.com/vi/5k5ZkIfvax0/hqdefault.jpg,24953
https://www.1tv.am/hy/video/Հարցազրույց-Ռուստամ-Բադասյանի-հետ/175394,https://www.youtube.com/embed/n9AUNxiVxnQ?autoplay=1&autohide=1,Հարցազրույց Ռուստամ Բադասյանի հետ,21:15,"23 Մար, 2021",23,Մար,2021,3,2021-03-23,ռուստամ բադասյան,n9AUNxiVxnQ,00:23:56,https://i.ytimg.com/vi/n9AUNxiVxnQ/hqdefault.jpg,17981
https://www.1tv.am/hy/video/Հարցազրույց-Ռուբեն-Վարդազարյանի-հետ/175263,https://www.youtube.com/embed/lsrPUf3Pg0g?autoplay=1&autohide=1,Հարցազրույց Ռուբեն Վարդազարյանի հետ,21:30,"22 Մար, 2021",22,Մար,2021,3,2021-03-22,ռուբեն վարդազարյան,lsrPUf3Pg0g,00:30:59,https://i.ytimg.com/vi/lsrPUf3Pg0g/hqdefault.jpg,10134
https://www.1tv.am/hy/video/Հարցազրույց-Վարդինե-Գրիգորյանի-հետ/175186,https://www.youtube.com/embed/DobyBXbels0?autoplay=1&autohide=1,Հարցազրույց Վարդինե Գրիգորյանի հետ,21:25,"19 Մար, 2021",19,Մար,2021,3,2021-03-19,վարդինե գրիգորյան,DobyBXbels0,00:21:58,https://i.ytimg.com/vi/DobyBXbels0/hqdefault.jpg,11437
https://www.1tv.am/hy/video/Հարցազրույց-Պետրոս-Թերզյանի-հետ/175054,https://www.youtube.com/embed/oWJALACRX90?autoplay=1&autohide=1,Հարցազրույց Պետրոս Թերզյանի հետ,21:15,"18 Մար, 2021",18,Մար,2021,3,2021-03-18,պետրոս թերզյան,oWJALACRX90,00:18:58,https://i.ytimg.com/vi/oWJALACRX90/hqdefault.jpg,15538
https://www.1tv.am/hy/video/Հարցազրույց-Էդմոն-Մարուքյանի-հետ/174805,https://www.youtube.com/embed/5fKiSGdZjmY?autoplay=1&autohide=1,Հարցազրույց Էդմոն Մարուքյանի հետ,21:15,"17 Մար, 2021",17,Մար,2021,3,2021-03-17,էդմոն մարուքյան,5fKiSGdZjmY,00:21:22,https://i.ytimg.com/vi/5fKiSGdZjmY/hqdefault.jpg,26851
https://www.1tv.am/hy/video/Հարցազրույց-Մանվել-Ղազարյանի-հետ/174706,https://www.youtube.com/embed/gEk8_fhTBsA?autoplay=1&autohide=1,Հարցազրույց Մանվել Ղազարյանի հետ,21:30,"16 Մար, 2021",16,Մար,2021,3,2021-03-16,մանվել ղազարյան,gEk8_fhTBsA,00:22:50,https://i.ytimg.com/vi/gEk8_fhTBsA/hqdefault.jpg,39777
https://www.1tv.am/hy/video/Հարցազրույց-Համազասպ-Դանիելյանի-հետ/174636,https://www.youtube.com/embed/Lo_KvllzC-E?autoplay=1&autohide=1,Հարցազրույց Համազասպ Դանիելյանի հետ,21:05,"15 Մար, 2021",15,Մար,2021,3,2021-03-15,համազասպ դանիելյան,Lo_KvllzC-E,00:23:19,https://i.ytimg.com/vi/Lo_KvllzC-E/hqdefault.jpg,21739
https://www.1tv.am/hy/video/Հարցազրույց-Ռաֆայել-Վարդանյանի-հետ/174465,https://www.youtube.com/embed/4lR7w3WT6Mk?autoplay=1&autohide=1,Հարցազրույց Ռաֆայել Վարդանյանի հետ,21:15,"13 Մար, 2021",13,Մար,2021,3,2021-03-13,ռաֆայել վարդանյան,4lR7w3WT6Mk,00:17:58,https://i.ytimg.com/vi/4lR7w3WT6Mk/hqdefault.jpg,15702
https://www.1tv.am/hy/video/Հարցազրույց-Գնել-Սանոսյանի-հետ/174457,https://www.youtube.com/embed/w9mTbJQJSX4?autoplay=1&autohide=1,Հարցազրույց Գնել Սանոսյանի հետ,21:45,"12 Մար, 2021",12,Մար,2021,3,2021-03-12,գնել սանոսյան,w9mTbJQJSX4,00:14:27,https://i.ytimg.com/vi/w9mTbJQJSX4/hqdefault.jpg,20786
https://www.1tv.am/hy/video/Հարցազրույց-Լուսինե-Հակոբյանի-հետ/174308,https://www.youtube.com/embed/qMn4Agapve8?autoplay=1&autohide=1,Հարցազրույց Լուսինե Հակոբյանի հետ,21:30,"11 Մար, 2021",11,Մար,2021,3,2021-03-11,լուսինե հակոբյան,qMn4Agapve8,00:25:58,https://i.ytimg.com/vi/qMn4Agapve8/hqdefault.jpg,33257
https://www.1tv.am/hy/video/Հարցազրույց-Արսեն-Թորոսյանի-հետ/174220,https://www.youtube.com/embed/g1iiWMpBNnM?autoplay=1&autohide=1,Հարցազրույց Արսեն Թորոսյանի հետ,21:30,"10 Մար, 2021",10,Մար,2021,3,2021-03-10,արսեն թորոսյան,g1iiWMpBNnM,00:22:40,https://i.ytimg.com/vi/g1iiWMpBNnM/hqdefault.jpg,30574
https://www.1tv.am/hy/video/Հարցազրույց-Նազելի-Բաղդասարյանի-հետ/174163,https://www.youtube.com/embed/nydcxlbVzxs?autoplay=1&autohide=1,Հարցազրույց Նազելի Բաղդասարյանի հետ,21:30,"09 Մար, 2021",9,Մար,2021,3,2021-03-09,նազել բաղդասարյան,nydcxlbVzxs,00:25:36,https://i.ytimg.com/vi/nydcxlbVzxs/hqdefault.jpg,16372
https://www.1tv.am/hy/video/Հարցազրույց-Հայկ-Չոբանյանի-հետ/173973,https://www.youtube.com/embed/eSEIbWLa1vM?autoplay=1&autohide=1,Հարցազրույց Հայկ Չոբանյանի հետ,21:30,"08 Մար, 2021",8,Մար,2021,3,2021-03-08,հայկ չոբանյան,eSEIbWLa1vM,00:17:08,https://i.ytimg.com/vi/eSEIbWLa1vM/hqdefault.jpg,34914
https://www.1tv.am/hy/video/Հարցազրույց-Արման-Թաթոյանի-հետ/173963,https://www.youtube.com/embed/yAfMaGgHJx0?autoplay=1&autohide=1,Հարցազրույց Արման Թաթոյանի հետ,21:30,"07 Մար, 2021",7,Մար,2021,3,2021-03-07,արման թաթոյան,yAfMaGgHJx0,00:25:21,https://i.ytimg.com/vi/yAfMaGgHJx0/hqdefault.jpg,9919
https://www.1tv.am/hy/video/Հարցազրույց-Արտյոմ-Մեհրաբյանի-հետ/173961,https://www.youtube.com/embed/DCEKbIVLOcE?autoplay=1&autohide=1,Հարցազրույց Արտյոմ Մեհրաբյանի հետ,21:15,"06 Մար, 2021",6,Մար,2021,3,2021-03-06,արտյոմ մեհրաբյան,DCEKbIVLOcE,00:16:36,https://i.ytimg.com/vi/DCEKbIVLOcE/hqdefault.jpg,18476
https://www.1tv.am/hy/video/Հարցազրույց-Ռոմելլա-Աբովյանի-հետ/173951,https://www.youtube.com/embed/d3EhHNZiLMQ?autoplay=1&autohide=1,Հարցազրույց Ռոմելլա Աբովյանի հետ,21:30,"05 Մար, 2021",5,Մար,2021,3,2021-03-05,ռոմելլա աբովյան,d3EhHNZiLMQ,00:20:52,https://i.ytimg.com/vi/d3EhHNZiLMQ/hqdefault.jpg,6350
https://www.1tv.am/hy/video/Հարցազրույց-Հայկ-Կոնջորյանի-հետ/173790,https://www.youtube.com/embed/ZGZ5lf_JNik?autoplay=1&autohide=1,Հարցազրույց Հայկ Կոնջորյանի հետ,21:30,"04 Մար, 2021",4,Մար,2021,3,2021-03-04,հայկ կոնջորյան,ZGZ5lf_JNik,00:23:06,https://i.ytimg.com/vi/ZGZ5lf_JNik/hqdefault.jpg,49340
https://www.1tv.am/hy/video/Հարցազրույց-Տիգրան-Ուրիխանյանի-հետ/173714,https://www.youtube.com/embed/XmKKpnMRD3s?autoplay=1&autohide=1,Հարցազրույց Տիգրան Ուրիխանյանի հետ,21:30,"03 Մար, 2021",3,Մար,2021,3,2021-03-03,տիգրան ուրիխանյան,XmKKpnMRD3s,00:22:16,https://i.ytimg.com/vi/XmKKpnMRD3s/hqdefault.jpg,6194
https://www.1tv.am/hy/video/Հարցազրույց-Սասուն-Միքայելյանի-հետ/173705,https://www.youtube.com/embed/59wOq9tCN2o?autoplay=1&autohide=1,Հարցազրույց Սասուն Միքայելյանի հետ,19:30,"03 Մար, 2021",3,Մար,2021,3,2021-03-03,սասուն միքայելյան,59wOq9tCN2o,00:33:32,https://i.ytimg.com/vi/59wOq9tCN2o/hqdefault.jpg,457551
https://www.1tv.am/hy/video/Հարցազրույց-Հրանտ-Բագրատյանի-հետ/173647,https://www.youtube.com/embed/QJ9lhAx-MAM?autoplay=1&autohide=1,Հարցազրույց Հրանտ Բագրատյանի հետ,20:30,"02 Մար, 2021",2,Մար,2021,3,2021-03-02,հրանտ բագրատյան,QJ9lhAx-MAM,00:23:15,https://i.ytimg.com/vi/QJ9lhAx-MAM/hqdefault.jpg,16754
https://www.1tv.am/hy/video/Հարցազրույց-Տիգրան-Ավինյանի-հետ/173546,https://www.youtube.com/embed/0RXlI7bt55Q?autoplay=1&autohide=1,Հարցազրույց Տիգրան Ավինյանի հետ,20:30,"01 Մար, 2021",1,Մար,2021,3,2021-03-01,տիգրան ավինյան,0RXlI7bt55Q,00:23:39,https://i.ytimg.com/vi/0RXlI7bt55Q/hqdefault.jpg,18552
https://www.1tv.am/hy/video/Հարցազրույց-Արամ-Սարգսյանի-հետ/173549,https://www.youtube.com/embed/9hSwXnOk3QQ?autoplay=1&autohide=1,Հարցազրույց Արամ Սարգսյանի հետ,20:15,"01 Մար, 2021",1,Մար,2021,3,2021-03-01,արամ սարգսյան,9hSwXnOk3QQ,00:34:09,https://i.ytimg.com/vi/9hSwXnOk3QQ/hqdefault.jpg,38077
https://www.1tv.am/hy/video/Հարցազրույց-Միքայել-Նահապետյանի-հետ/173418,https://www.youtube.com/embed/R8wC3Z1kOrY?autoplay=1&autohide=1,Հարցազրույց Միքայել Նահապետյանի հետ,20:00,"27 Փտր, 2021",27,Փտր,2021,2,2021-02-27,միքայել նահապետյան,R8wC3Z1kOrY,00:19:48,https://i.ytimg.com/vi/R8wC3Z1kOrY/hqdefault.jpg,5609
https://www.1tv.am/hy/video/Հարցազրույց-Էդմոն-Մարուքյանի-հետ/173411,https://www.youtube.com/embed/PXUUAFRvzPM?autoplay=1&autohide=1,Հարցազրույց Էդմոն Մարուքյանի հետ,20:15,"26 Փտր, 2021",26,Փտր,2021,2,2021-02-26,էդմոն մարուքյան,PXUUAFRvzPM,00:47:32,https://i.ytimg.com/vi/PXUUAFRvzPM/hqdefault.jpg,25791
https://www.1tv.am/hy/video/Հարցազրույց-Ալեն-Սիմոնյանի-հետ/173324,https://www.youtube.com/embed/RNeuHfw9YDA?autoplay=1&autohide=1,Հարցազրույց Ալեն Սիմոնյանի հետ,20:30,"25 Փտր, 2021",25,Փտր,2021,2,2021-02-25,ալեն սիմոնյան,RNeuHfw9YDA,00:21:42,https://i.ytimg.com/vi/RNeuHfw9YDA/hqdefault.jpg,54539
https://www.1tv.am/hy/video/Հարցազրույց-Արման-Բաբաջանյանի-հետ/173329,https://www.youtube.com/embed/VcjNlseWZj0?autoplay=1&autohide=1,Հարցազրույց Արման Բաբաջանյանի հետ,20:30,"25 Փտր, 2021",25,Փտր,2021,2,2021-02-25,արման բաբաջանյան,VcjNlseWZj0,00:25:36,https://i.ytimg.com/vi/VcjNlseWZj0/hqdefault.jpg,28603
https://www.1tv.am/hy/video/Հարցազրույց-Խոսրով-Հարությունյանի-հետ/173330,https://www.youtube.com/embed/ovpbbvNQ5yU?autoplay=1&autohide=1,Հարցազրույց Խոսրով Հարությունյանի հետ,20:00,"25 Փտր, 2021",25,Փտր,2021,2,2021-02-25,խոսրով հարությունյան,ovpbbvNQ5yU,00:27:09,https://i.ytimg.com/vi/ovpbbvNQ5yU/hqdefault.jpg,6295
https://www.1tv.am/hy/video/Հարցազրույց-Սուրեն-Սուրենյանցի-և-Նորայր-Նորիկյանի-հետ/173319,https://www.youtube.com/embed/J6Q-ajL916k?autoplay=1&autohide=1,Հարցազրույց Սուրեն Սուրենյանցի և Նորայր Նորիկյանի հետ,19:15,"25 Փտր, 2021",25,Փտր,2021,2,2021-02-25,սուրեն սուրենյանց և նորայր նորիկյան,J6Q-ajL916k,00:27:53,https://i.ytimg.com/vi/J6Q-ajL916k/hqdefault.jpg,24648
https://www.1tv.am/hy/video/Հարցազրույց-Անդրանիկ-Քոչարյանի-հետ/173258,https://www.youtube.com/embed/nvO3Pgwz9Ws?autoplay=1&autohide=1,Հարցազրույց Անդրանիկ Քոչարյանի հետ,20:45,"24 Փտր, 2021",24,Փտր,2021,2,2021-02-24,անդրանիկ քոչարյան,nvO3Pgwz9Ws,00:26:21,https://i.ytimg.com/vi/nvO3Pgwz9Ws/hqdefault.jpg,43454
https://www.1tv.am/hy/video/Հարցազրույց-Լիլիթ-Գալստյանի-հետ/173192,https://www.youtube.com/embed/SvgOtyTCyms?autoplay=1&autohide=1,Հարցազրույց Լիլիթ Գալստյանի հետ,21:15,"23 Փտր, 2021",23,Փտր,2021,2,2021-02-23,լիլիթ գալստյան,SvgOtyTCyms,00:28:19,https://i.ytimg.com/vi/SvgOtyTCyms/hqdefault.jpg,17892
https://www.1tv.am/hy/video/Հարցազրույց-Կիրո-Մանոյանի-հետ/173099,https://www.youtube.com/embed/wiRu57GvrrA?autoplay=1&autohide=1,Հարցազրույց Կիրո Մանոյանի հետ,20:30,"22 Փտր, 2021",22,Փտր,2021,2,2021-02-22,կիրո մանոյան,wiRu57GvrrA,00:25:49,https://i.ytimg.com/vi/wiRu57GvrrA/hqdefault.jpg,6714
https://www.1tv.am/hy/video/Հարցազրույց-Հայկակ-Արշամյանի-հետ/173009,https://www.youtube.com/embed/RZ957NVnF3Y?autoplay=1&autohide=1,Հարցազրույց Հայկակ Արշամյանի հետ,20:30,"20 Փտր, 2021",20,Փտր,2021,2,2021-02-20,հայկակ արշամյան,RZ957NVnF3Y,00:21:17,https://i.ytimg.com/vi/RZ957NVnF3Y/hqdefault.jpg,5401
https://www.1tv.am/hy/video/Հարցազրույց-Հայկազ-Ֆանյանի-հետ/173005,https://www.youtube.com/embed/aBiwuJU-fDo?autoplay=1&autohide=1,Հարցազրույց Հայկազ Ֆանյանի հետ,21:30,"19 Փտր, 2021",19,Փտր,2021,2,2021-02-19,հայկազ ֆանյան,aBiwuJU-fDo,00:18:24,https://i.ytimg.com/vi/aBiwuJU-fDo/hqdefault.jpg,3636
https://www.1tv.am/hy/video/Հարցազրույց-Ռոբերտ-Ղուկասյանի-հետ/172852,https://www.youtube.com/embed/_9a-lhNeYGM?autoplay=1&autohide=1,Հարցազրույց Ռոբերտ Ղուկասյանի հետ,21:15,"18 Փտր, 2021",18,Փտր,2021,2,2021-02-18,ռոբերտ ղուկասյան,_9a-lhNeYGM,00:19:39,https://i.ytimg.com/vi/_9a-lhNeYGM/hqdefault.jpg,5363
https://www.1tv.am/hy/video/Հարցազրույց-Ռուբեն-Ռուբինյանի-հետ/172842,https://www.youtube.com/embed/vyaxyn4I4Wg?autoplay=1&autohide=1,Հարցազրույց Ռուբեն Ռուբինյանի հետ,20:30,"18 Փտր, 2021",18,Փտր,2021,2,2021-02-18,ռուբեն ռուբինյան,vyaxyn4I4Wg,00:27:05,https://i.ytimg.com/vi/vyaxyn4I4Wg/hqdefault.jpg,16456
https://www.1tv.am/hy/video/Հարցազրույց-Հայկուհի-Հարությունյանի-հետ/172777,https://www.youtube.com/embed/bB7shxXQ8Ho?autoplay=1&autohide=1,Հարցազրույց Հայկուհի Հարությունյանի հետ,20:40,"17 Փտր, 2021",17,Փտր,2021,2,2021-02-17,հայկուհ հարությունյան,bB7shxXQ8Ho,00:22:26,https://i.ytimg.com/vi/bB7shxXQ8Ho/hqdefault.jpg,4059
https://www.1tv.am/hy/video/Հարցազրույց-Լևոն-Շիրինյանի-հետ/172720,https://www.youtube.com/embed/HLsltifHLE4?autoplay=1&autohide=1,Հարցազրույց Լևոն Շիրինյանի հետ,20:15,"16 Փտր, 2021",16,Փտր,2021,2,2021-02-16,լևոն շիրինյան,HLsltifHLE4,00:24:23,https://i.ytimg.com/vi/HLsltifHLE4/hqdefault.jpg,149468
https://www.1tv.am/hy/video/Հարցազրույց/172624,https://www.youtube.com/embed/2dtBckkQ5RU?autoplay=1&autohide=1,Հարցազրույց Արման Խոջոյանի հետ,21:30,"15 Փտր, 2021",15,Փտր,2021,2,2021-02-15,արման խոջոյան,2dtBckkQ5RU,00:18:20,https://i.ytimg.com/vi/2dtBckkQ5RU/hqdefault.jpg,2788
https://www.1tv.am/hy/video/Հարցազրույց-Անահիտ-Ավանեսյանի-հետ/172634,https://www.youtube.com/embed/WP371LUhsQY?autoplay=1&autohide=1,Հարցազրույց Անահիտ Ավանեսյանի հետ,20:35,"15 Փտր, 2021",15,Փտր,2021,2,2021-02-15,անահիտ ավանեսյան,WP371LUhsQY,00:21:37,https://i.ytimg.com/vi/WP371LUhsQY/hqdefault.jpg,6711
https://www.1tv.am/hy/video/Հարցազրույց-Վաղարշակ-Հակոբյանի-հետ/172501,https://www.youtube.com/embed/mswWoiFjc3A?autoplay=1&autohide=1,Հարցազրույց Վաղարշակ Հակոբյանի հետ,20:30,"13 Փտր, 2021",13,Փտր,2021,2,2021-02-13,վաղարշակ հակոբյան,mswWoiFjc3A,00:20:05,https://i.ytimg.com/vi/mswWoiFjc3A/hqdefault.jpg,8437
https://www.1tv.am/hy/video/Հարցազրույց-Սեդրակ-Բարսեղյանի-հետ/172476,https://www.youtube.com/embed/ISG7AZa-d8o?autoplay=1&autohide=1,Հարցազրույց Սեդրակ Բարսեղյանի հետ,21:50,"12 Փտր, 2021",12,Փտր,2021,2,2021-02-12,սեդրակ բարսեղյան,ISG7AZa-d8o,00:21:44,https://i.ytimg.com/vi/ISG7AZa-d8o/hqdefault.jpg,4324
https://www.1tv.am/hy/video/Հարցազրույց/172398,https://www.youtube.com/embed/h0ETOmRH_-g?autoplay=1&autohide=1,Հարցազրույց Գեղամ Գևորգյանի հետ,21:40,"11 Փտր, 2021",11,Փտր,2021,2,2021-02-11,գեղամ գևորգյան,h0ETOmRH_-g,00:21:05,https://i.ytimg.com/vi/h0ETOmRH_-g/hqdefault.jpg,3797
https://www.1tv.am/hy/video/Հարցազրույց-Սամվել-Կարաբեկյանի-հետ/172336,https://www.youtube.com/embed/3pP9rUPO6YU?autoplay=1&autohide=1,Հարցազրույց Սամվել Կարաբեկյանի հետ,21:21,"10 Փտր, 2021",10,Փտր,2021,2,2021-02-10,սամվել կարաբեկյան,3pP9rUPO6YU,00:25:49,https://i.ytimg.com/vi/3pP9rUPO6YU/hqdefault.jpg,3814
https://www.1tv.am/hy/video/Հարցազրույց-Քրիստինե-Գրիգորյանի-հետ/172241,https://www.youtube.com/embed/-NoF0M9uu5M?autoplay=1&autohide=1,Հարցազրույց Քրիստինե Գրիգորյանի հետ,21:15,"09 Փտր, 2021",9,Փտր,2021,2,2021-02-09,քրիստինե գրիգորյան,-NoF0M9uu5M,00:20:36,https://i.ytimg.com/vi/-NoF0M9uu5M/hqdefault.jpg,4719
https://www.1tv.am/hy/video/Հարցազրույց-Անդրանիկ-Քոչարյանի-հետ/172187,https://www.youtube.com/embed/4zocDTmz7NQ?autoplay=1&autohide=1,Հարցազրույց Անդրանիկ Քոչարյանի հետ,21:45,"08 Փտր, 2021",8,Փտր,2021,2,2021-02-08,անդրանիկ քոչարյան,4zocDTmz7NQ,00:22:07,https://i.ytimg.com/vi/4zocDTmz7NQ/hqdefault.jpg,24341
https://www.1tv.am/hy/video/Հարցազրույց-Զոհրաբ-Եգանյանի-հետ/172025,https://www.youtube.com/embed/I2LSLUhUjOY?autoplay=1&autohide=1,Հարցազրույց Զոհրաբ Եգանյանի հետ,21:50,"06 Փտր, 2021",6,Փտր,2021,2,2021-02-06,զոհրաբ եգանյան,I2LSLUhUjOY,00:19:52,https://i.ytimg.com/vi/I2LSLUhUjOY/hqdefault.jpg,4837
https://www.1tv.am/hy/video/Հարցազրույց-Խաչատուր-Սուքիասյանի-հետ/172033,https://www.youtube.com/embed/A_qypGbakNQ?autoplay=1&autohide=1,Հարցազրույց Խաչատուր Սուքիասյանի հետ,21:50,"05 Փտր, 2021",5,Փտր,2021,2,2021-02-05,խաչատուր սուքիասյան,A_qypGbakNQ,00:21:42,https://i.ytimg.com/vi/A_qypGbakNQ/hqdefault.jpg,132274
https://www.1tv.am/hy/video/Հարցազրույց-Արտակ-Մարկոսյանի-հետ/172043,https://www.youtube.com/embed/MFoyEAV9PrE?autoplay=1&autohide=1,Հարցազրույց Արտակ Մարկոսյանի հետ,21:30,"05 Փտր, 2021",5,Փտր,2021,2,2021-02-05,արտակ մարկոսյան,MFoyEAV9PrE,00:21:33,https://i.ytimg.com/vi/MFoyEAV9PrE/hqdefault.jpg,4627
https://www.1tv.am/hy/video/Հարցազրույց-Գայանե-Սահակյանի-հետ/171904,https://www.youtube.com/embed/xzbiYjC1a8M?autoplay=1&autohide=1,Հարցազրույց Գայանե Սահակյանի հետ,21:10,"04 Փտր, 2021",4,Փտր,2021,2,2021-02-04,գայանե սահակյան,xzbiYjC1a8M,00:23:40,https://i.ytimg.com/vi/xzbiYjC1a8M/hqdefault.jpg,2635
https://www.1tv.am/hy/video/Հարցազրույց-Ներսես/171896,https://www.youtube.com/embed/P8SB0xxpN2Y?autoplay=1&autohide=1,Հարցազրույց Ներսես Երիցյանի հետ,21:05,"04 Փտր, 2021",4,Փտր,2021,2,2021-02-04,ներսես երիցյան,P8SB0xxpN2Y,00:21:07,https://i.ytimg.com/vi/P8SB0xxpN2Y/hqdefault.jpg,9234
https://www.1tv.am/hy/video/Հարցազրույց-Արա-Սարգսյանի-հետ/171794,https://www.youtube.com/embed/8g8V2qvY09o?autoplay=1&autohide=1,Հարցազրույց Արամ Սարգսյանի հետ,21:15,"03 Փտր, 2021",3,Փտր,2021,2,2021-02-03,արամ սարգսյան,8g8V2qvY09o,00:26:26,https://i.ytimg.com/vi/8g8V2qvY09o/hqdefault.jpg,130607
https://www.1tv.am/hy/video/Հարցազրույց-Բագրատ-Ասատրյանի-հետ/171607,https://www.youtube.com/embed/9MoMVdavBZw?autoplay=1&autohide=1,Հարցազրույց Բագրատ Ասատրյանի հետ,21:15,"01 Փտր, 2021",1,Փտր,2021,2,2021-02-01,բագրատ ասատրյան,9MoMVdavBZw,00:24:37,https://i.ytimg.com/vi/9MoMVdavBZw/hqdefault.jpg,14288
https://www.1tv.am/hy/video/Հարցազրույց-Աշոտ-Թավադյանի-հետ/171436,https://www.youtube.com/embed/zaOYLYuQ4Zs?autoplay=1&autohide=1,Հարցազրույց Աշոտ Թավադյանի հետ,20:30,"30 Հնվ, 2021",30,Հնվ,2021,1,2021-01-30,աշոտ թավադյան,zaOYLYuQ4Zs,00:19:33,https://i.ytimg.com/vi/zaOYLYuQ4Zs/hqdefault.jpg,21322
https://www.1tv.am/hy/video/Հարցազրույց-Հակոբ-Ասլանյանի-հետ/171427,https://www.youtube.com/embed/QcQeinqpkig?autoplay=1&autohide=1,Հարցազրույց Հակոբ Ասլանյանի հետ,20:00,"29 Հնվ, 2021",29,Հնվ,2021,1,2021-01-29,հակոբ ասլանյան,QcQeinqpkig,00:18:36,https://i.ytimg.com/vi/QcQeinqpkig/hqdefault.jpg,19313
https://www.1tv.am/hy/video/Հարցազրույց-Լեոնարդ-Պողոսյանի-հետ/171330,https://www.youtube.com/embed/KdF_11cICqE?autoplay=1&autohide=1,Հարցազրույց Լեոնարդ Պողոսյանի հետ,20:45,"28 Հնվ, 2021",28,Հնվ,2021,1,2021-01-28,լեոնարդ պողոսյան,KdF_11cICqE,00:21:21,https://i.ytimg.com/vi/KdF_11cICqE/hqdefault.jpg,21272
https://www.1tv.am/hy/video/Հարցազրույց-Արտակ-Թովմասյանի-հետ/171326,https://www.youtube.com/embed/qzZCBXUDIjc?autoplay=1&autohide=1,Հարցազրույց Արտակ Թովմասյանի հետ,21:45,"27 Հնվ, 2021",27,Հնվ,2021,1,2021-01-27,արտակ թովմասյան,qzZCBXUDIjc,00:25:24,https://i.ytimg.com/vi/qzZCBXUDIjc/hqdefault.jpg,6605
https://www.1tv.am/hy/video/Հարցազրույց-Վահագն-Հովակիմյանի-հետ/171294,https://www.youtube.com/embed/ZlXBXavm-08?autoplay=1&autohide=1,Հարցազրույց Վահագն Հովակիմյանի հետ,20:30,"27 Հնվ, 2021",27,Հնվ,2021,1,2021-01-27,վահագն հովակիմյան,ZlXBXavm-08,00:19:53,https://i.ytimg.com/vi/ZlXBXavm-08/hqdefault.jpg,6429
https://www.1tv.am/hy/video/Հարցազրույց-Մեսրոպ-Առաքելյանի-հետ/171158,https://www.youtube.com/embed/X7N2Z0Gjo_s?autoplay=1&autohide=1,Հարցազրույց Մեսրոպ Առաքելյանի հետ,21:30,"26 Հնվ, 2021",26,Հնվ,2021,1,2021-01-26,մեսրոպ առաքելյան,X7N2Z0Gjo_s,00:21:11,https://i.ytimg.com/vi/X7N2Z0Gjo_s/hqdefault.jpg,4017
https://www.1tv.am/hy/video/Հարցազրույց-Սերգեյ-Սմբատյանի-հետ/171040,https://www.youtube.com/embed/DaZM4f-a_do?autoplay=1&autohide=1,Հարցազրույց Սերգեյ Սմբատյանի հետ,21:30,"25 Հնվ, 2021",25,Հնվ,2021,1,2021-01-25,սերգեյ սմբատյան,DaZM4f-a_do,00:20:42,https://i.ytimg.com/vi/DaZM4f-a_do/hqdefault.jpg,3506
https://www.1tv.am/hy/video/Հարցազրույց-Նազելի-Բաղդասարյանի-հետ/171046,https://www.youtube.com/embed/lA_U5wKJizc?autoplay=1&autohide=1,Հարցազրույց Նազելի Բաղդասարյանի հետ,20:40,"25 Հնվ, 2021",25,Հնվ,2021,1,2021-01-25,նազել բաղդասարյան,lA_U5wKJizc,00:21:55,https://i.ytimg.com/vi/lA_U5wKJizc/hqdefault.jpg,7318
https://www.1tv.am/hy/video/Հարցազրույց-Եղիշե-Կիրակոսյանի-հետ/170887,https://www.youtube.com/embed/51VEYhKixSM?autoplay=1&autohide=1,Հարցազրույց Եղիշե Կիրակոսյանի հետ,21:30,"23 Հնվ, 2021",23,Հնվ,2021,1,2021-01-23,եղիշե կիրակոսյան,51VEYhKixSM,00:17:38,https://i.ytimg.com/vi/51VEYhKixSM/hqdefault.jpg,6393
https://www.1tv.am/hy/video/Հարցազրույց-Սուրեն-Սուրենյանց/170877,https://www.youtube.com/embed/3eP-YitpWbY?autoplay=1&autohide=1,Հարցազրույց Սուրեն Սուրենյանց,21:30,"22 Հնվ, 2021",22,Հնվ,2021,1,2021-01-22,սուրեն սուրենյանց,3eP-YitpWbY,00:22:56,https://i.ytimg.com/vi/3eP-YitpWbY/hqdefault.jpg,8347
https://www.1tv.am/hy/video/Հարցազրույց-Հայկ-Կոնջորյանի-հետ/170794,https://www.youtube.com/embed/X6yvNXb9ycY?autoplay=1&autohide=1,Հարցազրույց Հայկ Կոնջորյանի հետ,21:30,"21 Հնվ, 2021",21,Հնվ,2021,1,2021-01-21,հայկ կոնջորյան,X6yvNXb9ycY,00:24:10,https://i.ytimg.com/vi/X6yvNXb9ycY/hqdefault.jpg,12501
https://www.1tv.am/hy/video/Հարցազրույց-Րաֆֆի-Քասարջյանի-հետ/170721,https://www.youtube.com/embed/G0mpwat_h34?autoplay=1&autohide=1,Հարցազրույց Րաֆֆի Քասարջյանի հետ,21:30,"20 Հնվ, 2021",20,Հնվ,2021,1,2021-01-20,րաֆֆ քասարջյան,G0mpwat_h34,00:20:40,https://i.ytimg.com/vi/G0mpwat_h34/hqdefault.jpg,9959
https://www.1tv.am/hy/video/Հարցազրույց-Արթուր-Խաչատրյանի-հետ/170628,https://www.youtube.com/embed/TX6141fnFXw?autoplay=1&autohide=1,Հարցազրույց Արթուր Խաչատրյանի հետ,21:30,"19 Հնվ, 2021",19,Հնվ,2021,1,2021-01-19,արթուր խաչատրյան,TX6141fnFXw,00:22:49,https://i.ytimg.com/vi/TX6141fnFXw/hqdefault.jpg,6396
https://www.1tv.am/hy/video/Հարցազրույց-Արման-Թաթոյանի-հետ/170546,https://www.youtube.com/embed/UrCvKgxH29Y?autoplay=1&autohide=1,Հարցազրույց Արման Թաթոյանի հետ,21:35,"18 Հնվ, 2021",18,Հնվ,2021,1,2021-01-18,արման թաթոյան,UrCvKgxH29Y,00:22:25,https://i.ytimg.com/vi/UrCvKgxH29Y/hqdefault.jpg,6867
https://www.1tv.am/hy/video/Հարցազրույց-Վահան-Վարդապետյանի-հետ/170443,https://www.youtube.com/embed/_avCehEz88o?autoplay=1&autohide=1,Հարցազրույց Վահան Վարդապետյանի հետ,20:00,"16 Հնվ, 2021",16,Հնվ,2021,1,2021-01-16,վահան վարդապետյան,_avCehEz88o,00:20:50,https://i.ytimg.com/vi/_avCehEz88o/hqdefault.jpg,29359
https://www.1tv.am/hy/video/Հարցազրույց-Էդմոն-Մարուքյանի-հետ/170398,https://www.youtube.com/embed/XBV765Mr2Uk?autoplay=1&autohide=1,Հարցազրույց Էդմոն Մարուքյանի հետ,21:30,"15 Հնվ, 2021",15,Հնվ,2021,1,2021-01-15,էդմոն մարուքյան,XBV765Mr2Uk,00:21:23,https://i.ytimg.com/vi/XBV765Mr2Uk/hqdefault.jpg,23016
https://www.1tv.am/hy/video/Հարցազրույց-Ռուստամ-Բադասյանի-հետ/170304,https://www.youtube.com/embed/BIVvsyjuk5s?autoplay=1&autohide=1,Հարցազրույց Ռուստամ Բադասյանի հետ,21:30,"14 Հնվ, 2021",14,Հնվ,2021,1,2021-01-14,ռուստամ բադասյան,BIVvsyjuk5s,00:21:31,https://i.ytimg.com/vi/BIVvsyjuk5s/hqdefault.jpg,9585
https://www.1tv.am/hy/video/Հարցազրույց-Դավիթ-Բաբայանի-հետ/170296,https://www.youtube.com/embed/aNSkNsjkHE0?autoplay=1&autohide=1,Հարցազրույց Դավիթ Բաբայանի հետ,21:30,"14 Հնվ, 2021",14,Հնվ,2021,1,2021-01-14,դավիթ բաբայան,aNSkNsjkHE0,00:24:15,https://i.ytimg.com/vi/aNSkNsjkHE0/hqdefault.jpg,7583
https://www.1tv.am/hy/video/Հարցազրույց-Արգիշտի-Քյարամյանի-հետ/170224,https://www.youtube.com/embed/eYPoRilb8qg?autoplay=1&autohide=1,Հարցազրույց Արգիշտի Քյարամյանի հետ,21:45,"13 Հնվ, 2021",13,Հնվ,2021,1,2021-01-13,արգիշտ քյարամյան,eYPoRilb8qg,00:26:44,https://i.ytimg.com/vi/eYPoRilb8qg/hqdefault.jpg,127063
https://www.1tv.am/hy/video/Հարցազրույց-Գագիկ-Ջհանգիրյանի-հետ/170216,https://www.youtube.com/embed/xHXiKwAYIhg?autoplay=1&autohide=1,Հարցազրույց Գագիկ Ջհանգիրյանի հետ,20:30,"13 Հնվ, 2021",13,Հնվ,2021,1,2021-01-13,գագիկ ջհանգիրյան,xHXiKwAYIhg,00:25:31,https://i.ytimg.com/vi/xHXiKwAYIhg/hqdefault.jpg,125595
https://www.1tv.am/hy/video/Հարցազրույց-Վիկտոր-Ենգիբարյանի-հետ/170136,https://www.youtube.com/embed/LcMW2lVg2-c?autoplay=1&autohide=1,Հարցազրույց Վիկտոր Ենգիբարյանի հետ,21:30,"12 Հնվ, 2021",12,Հնվ,2021,1,2021-01-12,վիկտոր ենգիբարյան,LcMW2lVg2-c,00:18:28,https://i.ytimg.com/vi/LcMW2lVg2-c/hqdefault.jpg,8761
https://www.1tv.am/hy/video/Հարցազրույց-Արման-Բաբաջանյանի-հետ/170084,https://www.youtube.com/embed/nH8SoWnV-kU?autoplay=1&autohide=1,Հարցազրույց Արման Բաբաջանյանի հետ,21:30,"11 Հնվ, 2021",11,Հնվ,2021,1,2021-01-11,արման բաբաջանյան,nH8SoWnV-kU,00:24:35,https://i.ytimg.com/vi/nH8SoWnV-kU/hqdefault.jpg,21651
https://www.1tv.am/hy/video/Հարցազրույց-Ռուբեն-Ռուբինյանի-հետ/169912,https://www.youtube.com/embed/ilJkzqjDaoM?autoplay=1&autohide=1,Հարցազրույց Ռուբեն Ռուբինյանի հետ,21:30,"10 Հնվ, 2021",10,Հնվ,2021,1,2021-01-10,ռուբեն ռուբինյան,ilJkzqjDaoM,00:24:50,https://i.ytimg.com/vi/ilJkzqjDaoM/hqdefault.jpg,15750
https://www.1tv.am/hy/video/Հարցազրույց-Նորայր-Նորիկյանի-հետ/169921,https://www.youtube.com/embed/UQOX6Yl3Zl0?autoplay=1&autohide=1,Հարցազրույց Նորայր Նորիկյանի հետ,21:30,"09 Հնվ, 2021",9,Հնվ,2021,1,2021-01-09,նորայր նորիկյան,UQOX6Yl3Zl0,00:21:14,https://i.ytimg.com/vi/UQOX6Yl3Zl0/hqdefault.jpg,23056
https://www.1tv.am/hy/video/Հարցազրույց-Վահան-Քերոբյանի-հետ/169797,https://www.youtube.com/embed/dvRlAGxdbqc?autoplay=1&autohide=1,Հարցազրույց Վահան Քերոբյանի հետ,19:30,"07 Հնվ, 2021",7,Հնվ,2021,1,2021-01-07,վահան քերոբյան,dvRlAGxdbqc,00:24:37,https://i.ytimg.com/vi/dvRlAGxdbqc/hqdefault.jpg,12080
https://www.1tv.am/hy/video/Հարցազրույց-Ռուբեն-Բաբայանի-հետ/169615,https://www.youtube.com/embed/1wvNJaricqE?autoplay=1&autohide=1,Հարցազրույց Ռուբեն Բաբայանի հետ,21:30,"30 Դեկ, 2020",30,Դեկ,2020,12,2020-12-30,ռուբեն բաբայան,1wvNJaricqE,00:22:16,https://i.ytimg.com/vi/1wvNJaricqE/hqdefault.jpg,13001
https://www.1tv.am/hy/video/Հարցազրույց-Մխիթար-Հայրապետյանի-հետ/169468,https://www.youtube.com/embed/emmu8-aY1L4?autoplay=1&autohide=1,Հարցազրույց Մխիթար Հայրապետյանի հետ,21:30,"29 Դեկ, 2020",29,Դեկ,2020,12,2020-12-29,մխիթար հայրապետյան,emmu8-aY1L4,00:22:45,https://i.ytimg.com/vi/emmu8-aY1L4/hqdefault.jpg,29198
https://www.1tv.am/hy/video/Հարցազրույց-Էդմոն-Մարուքյանի-հետ/169295,https://www.youtube.com/embed/R9pypq5R7yk?autoplay=1&autohide=1,Հարցազրույց Էդմոն Մարուքյանի հետ,21:30,"28 Դեկ, 2020",28,Դեկ,2020,12,2020-12-28,էդմոն մարուքյան,R9pypq5R7yk,00:19:57,https://i.ytimg.com/vi/R9pypq5R7yk/hqdefault.jpg,15164
https://www.1tv.am/hy/video/Հարցազրույց-Նիկոլ-Փաշինյանի-հետ/169093,https://www.youtube.com/embed/L4ahf4SYLJo?autoplay=1&autohide=1,Հարցազրույց Նիկոլ Փաշինյանի հետ,22:00,"27 Դեկ, 2020",27,Դեկ,2020,12,2020-12-27,նիկոլ փաշինյան,L4ahf4SYLJo,01:05:36,https://i.ytimg.com/vi/L4ahf4SYLJo/hqdefault.jpg,28590
https://www.1tv.am/hy/video/Հարցազրույց-Եղիշե-Կիրակոսյանի-հետ/169111,https://www.youtube.com/embed/nVp9ThrzbiI?autoplay=1&autohide=1,Հարցազրույց Եղիշե Կիրակոսյանի հետ,21:25,"26 Դեկ, 2020",26,Դեկ,2020,12,2020-12-26,եղիշե կիրակոսյան,nVp9ThrzbiI,00:18:34,https://i.ytimg.com/vi/nVp9ThrzbiI/hqdefault.jpg,8097
https://www.1tv.am/hy/video/Հարցազրույց-Արա-Հակոբյանի-հետ/169102,https://www.youtube.com/embed/FEckBZfC6l4?autoplay=1&autohide=1,Հարցազրույց Արա Հակոբյանի հետ,21:30,"25 Դեկ, 2020",25,Դեկ,2020,12,2020-12-25,արա հակոբյան,FEckBZfC6l4,00:22:56,https://i.ytimg.com/vi/FEckBZfC6l4/hqdefault.jpg,5126
https://www.1tv.am/hy/video/Հարցազրույց-Ոսկան-արքեպիսկոպոս-Գալփաքյանի-հետ/168913,https://www.youtube.com/embed/qP_-L2IQysQ?autoplay=1&autohide=1,Հարցազրույց Ոսկան արքեպիսկոպոս Գալփաքյանի հետ,21:30,"24 Դեկ, 2020",24,Դեկ,2020,12,2020-12-24,ոսկան արքեպիսկոպոս գալփաքյան,qP_-L2IQysQ,00:20:22,https://i.ytimg.com/vi/qP_-L2IQysQ/hqdefault.jpg,152073
https://www.1tv.am/hy/video/Հարցազրույց-Աշոտ-Բլեյանի-հետ/168797,https://www.youtube.com/embed/1rzh3wgKTfg?autoplay=1&autohide=1,Հարցազրույց Աշոտ Բլեյանի հետ,21:40,"23 Դեկ, 2020",23,Դեկ,2020,12,2020-12-23,աշոտ բլեյան,1rzh3wgKTfg,00:23:00,https://i.ytimg.com/vi/1rzh3wgKTfg/hqdefault.jpg,6630
https://www.1tv.am/hy/video/Հարցազրույց-Արման-Բաբաջանյանի-հետ/168680,https://www.youtube.com/embed/NTCwCGeCJGI?autoplay=1&autohide=1,Հարցազրույց Արման Բաբաջանյանի հետ,21:45,"22 Դեկ, 2020",22,Դեկ,2020,12,2020-12-22,արման բաբաջանյան,NTCwCGeCJGI,00:19:42,https://i.ytimg.com/vi/NTCwCGeCJGI/hqdefault.jpg,23932
https://www.1tv.am/hy/video/Հարցազրույց-Ռաֆիկ-Հակոբյանի-հետ/168672,https://www.youtube.com/embed/2wFn-PCMUrA?autoplay=1&autohide=1,Հարցազրույց Ռաֆիկ Հակոբյանի հետ,20:30,"22 Դեկ, 2020",22,Դեկ,2020,12,2020-12-22,ռաֆիկ հակոբյան,2wFn-PCMUrA,00:21:02,https://i.ytimg.com/vi/2wFn-PCMUrA/hqdefault.jpg,12925
https://www.1tv.am/hy/video/Հարցազրույց-Լիլիթ-Մակունցի-հետ/168586,https://www.youtube.com/embed/lO7hU4mIldA?autoplay=1&autohide=1,Հարցազրույց Լիլիթ Մակունցի հետ,21:45,"21 Դեկ, 2020",21,Դեկ,2020,12,2020-12-21,լիլիթ մակունց,lO7hU4mIldA,00:19:43,https://i.ytimg.com/vi/lO7hU4mIldA/hqdefault.jpg,25791
https://www.1tv.am/hy/video/Հարցազրույց-Արմեն-Մկրտչյանի-հետ/168584,https://www.youtube.com/embed/4zf4xYG_3Mw?autoplay=1&autohide=1,Հարցազրույց Արմեն Մկրտչյանի հետ,21:30,"21 Դեկ, 2020",21,Դեկ,2020,12,2020-12-21,արմեն մկրտչյան,4zf4xYG_3Mw,00:14:28,https://i.ytimg.com/vi/4zf4xYG_3Mw/hqdefault.jpg,21788
https://www.1tv.am/hy/video/Հարցազրույց-Արտակ-Զեյնալյանի-հետ/168466,https://www.youtube.com/embed/yOWBp5xVlkU?autoplay=1&autohide=1,Հարցազրույց Արտակ Զեյնալյանի հետ,21:30,"19 Դեկ, 2020",19,Դեկ,2020,12,2020-12-19,արտակ զեյնալյան,yOWBp5xVlkU,00:17:27,https://i.ytimg.com/vi/yOWBp5xVlkU/hqdefault.jpg,8467
https://www.1tv.am/hy/video/Հարցազրույց-Արմեն-Գրիգորյանի-հետ/168457,https://www.youtube.com/embed/yPzPkIPaYmo?autoplay=1&autohide=1,Հարցազրույց Արմեն Գրիգորյանի հետ,21:30,"18 Դեկ, 2020",18,Դեկ,2020,12,2020-12-18,արմեն գրիգորյան,yPzPkIPaYmo,00:18:14,https://i.ytimg.com/vi/yPzPkIPaYmo/hqdefault.jpg,13153
https://www.1tv.am/hy/video/Հարցազրույց-Խոսրով-Հարությունյանի-հետ/168448,https://www.youtube.com/embed/VyzfUakmsJY?autoplay=1&autohide=1,Հարցազրույց Խոսրով Հարությունյանի հետ,20:30,"18 Դեկ, 2020",18,Դեկ,2020,12,2020-12-18,խոսրով հարությունյան,VyzfUakmsJY,00:24:48,https://i.ytimg.com/vi/VyzfUakmsJY/hqdefault.jpg,5908
https://www.1tv.am/hy/video/Հարցազրույց-Արա-Ֆիդանյանի-հետ/168348,https://www.youtube.com/embed/5-Sxp6sh0yo?autoplay=1&autohide=1,Հարցազրույց Արա Ֆիդանյանի հետ,21:30,"17 Դեկ, 2020",17,Դեկ,2020,12,2020-12-17,արա ֆիդանյան,5-Sxp6sh0yo,00:20:08,https://i.ytimg.com/vi/5-Sxp6sh0yo/hqdefault.jpg,37928
https://www.1tv.am/hy/video/Հարցազրույց-Մանե-Թանդիլյանի-հետ/168234,https://www.youtube.com/embed/tQDVcBB9-O0?autoplay=1&autohide=1,Հարցազրույց Մանե Թանդիլյանի հետ,22:45,"16 Դեկ, 2020",16,Դեկ,2020,12,2020-12-16,մանե թանդիլյան,tQDVcBB9-O0,00:19:14,https://i.ytimg.com/vi/tQDVcBB9-O0/hqdefault.jpg,6265
https://www.1tv.am/hy/video/Հարցազրույց-Ներսես-Երիցյանի-հետ/168231,https://www.youtube.com/embed/t1-L71LIphw?autoplay=1&autohide=1,Հարցազրույց Ներսես Երիցյանի հետ,22:30,"16 Դեկ, 2020",16,Դեկ,2020,12,2020-12-16,ներսես երիցյան,t1-L71LIphw,00:22:12,https://i.ytimg.com/vi/t1-L71LIphw/hqdefault.jpg,3772
https://www.1tv.am/hy/video/Հարցազրույց-Ժիրայր-Սեֆիլյանի-հետ/168133,https://www.youtube.com/embed/viDJgiFrNBA?autoplay=1&autohide=1,Հարցազրույց Ժիրայր Սեֆիլյանի հետ,21:30,"15 Դեկ, 2020",15,Դեկ,2020,12,2020-12-15,ժիրայր սեֆիլյան,viDJgiFrNBA,00:23:50,https://i.ytimg.com/vi/viDJgiFrNBA/hqdefault.jpg,52985
https://www.1tv.am/hy/video/Հարցազրույց-Արամ-Սարգսյանի-հետ/168041,https://www.youtube.com/embed/ma3FbwEUSA8?autoplay=1&autohide=1,Հարցազրույց Արամ Սարգսյանի հետ,21:30,"14 Դեկ, 2020",14,Դեկ,2020,12,2020-12-14,արամ սարգսյան,ma3FbwEUSA8,00:24:26,https://i.ytimg.com/vi/ma3FbwEUSA8/hqdefault.jpg,66855
https://www.1tv.am/hy/video/Հարցազրույց-Արսեն-Ավագյանի-հետ/167844,https://www.youtube.com/embed/jOxS8-cgyok?autoplay=1&autohide=1,Հարցազրույց Արսեն Ավագյանի հետ,20:50,"12 Դեկ, 2020",12,Դեկ,2020,12,2020-12-12,արսեն ավագյան,jOxS8-cgyok,00:24:25,https://i.ytimg.com/vi/jOxS8-cgyok/hqdefault.jpg,6794
https://www.1tv.am/hy/video/Հարցազրույց-Վահրամ-Մարտիրոսյանի-հետ/167840,https://www.youtube.com/embed/izWcMVxXQXM?autoplay=1&autohide=1,Հարցազրույց Վահրամ Մարտիրոսյանի հետ,20:30,"12 Դեկ, 2020",12,Դեկ,2020,12,2020-12-12,վահրամ մարտիրոսյան,izWcMVxXQXM,00:22:53,https://i.ytimg.com/vi/izWcMVxXQXM/hqdefault.jpg,4780
https://www.1tv.am/hy/video/Հարցազրույց-Հայկակ-Արշամյանի-հետ/167705,https://www.youtube.com/embed/GWG2615sv8A?autoplay=1&autohide=1,Հարցազրույց Հայկակ Արշամյանի հետ,21:30,"10 Դեկ, 2020",10,Դեկ,2020,12,2020-12-10,հայկակ արշամյան,GWG2615sv8A,00:18:20,https://i.ytimg.com/vi/GWG2615sv8A/hqdefault.jpg,3990
https://www.1tv.am/hy/video/Հարցազրույց-Անդրանիկ-Քոչարյանի-հետ/167615,https://www.youtube.com/embed/9qMZ7mDDai8?autoplay=1&autohide=1,Հարցազրույց Անդրանիկ Քոչարյանի հետ,20:00,"09 Դեկ, 2020",9,Դեկ,2020,12,2020-12-09,անդրանիկ քոչարյան,9qMZ7mDDai8,00:26:20,https://i.ytimg.com/vi/9qMZ7mDDai8/hqdefault.jpg,43138
https://www.1tv.am/hy/video/Հարցազրույց-Սուրեն-Սահակյանի-հետ/167480,https://www.youtube.com/embed/lE3yvsrFBqU?autoplay=1&autohide=1,Հարցազրույց Սուրեն Սահակյանի հետ,20:35,"08 Դեկ, 2020",8,Դեկ,2020,12,2020-12-08,սուրեն սահակյան,lE3yvsrFBqU,00:21:41,https://i.ytimg.com/vi/lE3yvsrFBqU/hqdefault.jpg,14118
https://www.1tv.am/hy/video/Հարցազրույց-Էդմոն-Մարուքյանի-հետ/167426,https://www.youtube.com/embed/BReYdVDEpdM?autoplay=1&autohide=1,Հարցազրույց Էդմոն Մարուքյանի հետ,20:30,"07 Դեկ, 2020",7,Դեկ,2020,12,2020-12-07,էդմոն մարուքյան,BReYdVDEpdM,00:23:44,https://i.ytimg.com/vi/BReYdVDEpdM/hqdefault.jpg,33944
https://www.1tv.am/hy/video/Հարցազրույց-Էդուարդ-Աղաջանյանի-հետ/167282,https://www.youtube.com/embed/bwvum4FfGz8?autoplay=1&autohide=1,Հարցազրույց Էդուարդ Աղաջանյանի հետ,20:45,"05 Դեկ, 2020",5,Դեկ,2020,12,2020-12-05,էդուարդ աղաջանյան,bwvum4FfGz8,00:27:58,https://i.ytimg.com/vi/bwvum4FfGz8/hqdefault.jpg,24347
https://www.1tv.am/hy/video/Հարցազրույց-Արա-Սահակյանի-հետ/167272,https://www.youtube.com/embed/Y2C4XAFEy5U?autoplay=1&autohide=1,Հարցազրույց Արա Սահակյանի հետ,21:35,"04 Դեկ, 2020",4,Դեկ,2020,12,2020-12-04,արա սահակյան,Y2C4XAFEy5U,00:26:10,https://i.ytimg.com/vi/Y2C4XAFEy5U/hqdefault.jpg,11330
https://www.1tv.am/hy/video/Հարցազրույց-Տիգրան-Ուրիխանյանի-հետ/167161,https://www.youtube.com/embed/1MTGD-s7elw?autoplay=1&autohide=1,Հարցազրույց Տիգրան Ուրիխանյանի հետ,21:15,"03 Դեկ, 2020",3,Դեկ,2020,12,2020-12-03,տիգրան ուրիխանյան,1MTGD-s7elw,00:20:22,https://i.ytimg.com/vi/1MTGD-s7elw/hqdefault.jpg,8539
https://www.1tv.am/hy/video/Հարցազրույց-Եղիշե-Կիրակոսյանի-հետ/166975,https://www.youtube.com/embed/B-Ww8xgymq0?autoplay=1&autohide=1,Հարցազրույց Եղիշե Կիրակոսյանի հետ,19:30,"02 Դեկ, 2020",2,Դեկ,2020,12,2020-12-02,եղիշե կիրակոսյան,B-Ww8xgymq0,00:21:55,https://i.ytimg.com/vi/B-Ww8xgymq0/hqdefault.jpg,7019
https://www.1tv.am/hy/video/Հարցազրույց-Մարիա-Կարապետյանի-հետ/166873,https://www.youtube.com/embed/97YKcet2zKo?autoplay=1&autohide=1,Հարցազրույց Մարիա Կարապետյանի հետ,19:30,"01 Դեկ, 2020",1,Դեկ,2020,12,2020-12-01,մարիա կարապետյան,97YKcet2zKo,00:24:47,https://i.ytimg.com/vi/97YKcet2zKo/hqdefault.jpg,10757
https://www.1tv.am/hy/video/Հարցազրույց-Գեղամ-Մանուկյանի-հետ/166796,https://www.youtube.com/embed/6uNGz3FzgaQ?autoplay=1&autohide=1,Հարցազրույց Գեղամ Մանուկյանի հետ,19:30,"30 Նմբ, 2020",30,Նմբ,2020,11,2020-11-30,գեղամ մանուկյան,6uNGz3FzgaQ,00:28:31,https://i.ytimg.com/vi/6uNGz3FzgaQ/hqdefault.jpg,21832
https://www.1tv.am/hy/video/Հարցազրույց-Վահան-Քերոբյանի-հետ/166711,https://www.youtube.com/embed/lTHZSSh7U6s?autoplay=1&autohide=1,Հարցազրույց Վահան Քերոբյանի հետ,20:35,"27 Նմբ, 2020",27,Նմբ,2020,11,2020-11-27,վահան քերոբյան,lTHZSSh7U6s,00:21:05,https://i.ytimg.com/vi/lTHZSSh7U6s/hqdefault.jpg,15917
https://www.1tv.am/hy/video/Հարցազրույց-Վիտալի-Ոսկանյանի-հետ/166559,https://www.youtube.com/embed/PcHF0NnqL8g?autoplay=1&autohide=1,Հարցազրույց Վիտալի Ոսկանյանի հետ,20:30,"26 Նմբ, 2020",26,Նմբ,2020,11,2020-11-26,վիտալ ոսկանյան,PcHF0NnqL8g,00:23:37,https://i.ytimg.com/vi/PcHF0NnqL8g/hqdefault.jpg,8203
https://www.1tv.am/hy/video/Հարցազրույց-Լենա-Նազարյանի-հետ/166480,https://www.youtube.com/embed/mpmQehzA4AQ?autoplay=1&autohide=1,Հարցազրույց Լենա Նազարյանի հետ,21:30,"25 Նմբ, 2020",25,Նմբ,2020,11,2020-11-25,լենա նազարյան,mpmQehzA4AQ,00:21:28,https://i.ytimg.com/vi/mpmQehzA4AQ/hqdefault.jpg,32003
https://www.1tv.am/hy/video/Հարցազրույց-Հակոբ-Արշակյանի-հետ/166355,https://www.youtube.com/embed/V5DMbMVSM6I?autoplay=1&autohide=1,Հարցազրույց Հակոբ Արշակյանի հետ,21:30,"24 Նմբ, 2020",24,Նմբ,2020,11,2020-11-24,հակոբ արշակյան,V5DMbMVSM6I,00:22:05,https://i.ytimg.com/vi/V5DMbMVSM6I/hqdefault.jpg,10733
https://www.1tv.am/hy/video/Հարցազրույց-Ռուբեն-Ռուբինյանի-հետ/166229,https://www.youtube.com/embed/J2dbSjZ8Msc?autoplay=1&autohide=1,Հարցազրույց Ռուբեն Ռուբինյանի հետ,20:30,"23 Նմբ, 2020",23,Նմբ,2020,11,2020-11-23,ռուբեն ռուբինյան,J2dbSjZ8Msc,00:27:47,https://i.ytimg.com/vi/J2dbSjZ8Msc/hqdefault.jpg,14959
https://www.1tv.am/hy/video/Հարցազրույց-Գուրգեն-Արսենյան-հետ/165975,https://www.youtube.com/embed/Tyq9KyBZXBs?autoplay=1&autohide=1,Հարցազրույց Գուրգեն Արսենյանի հետ,21:30,"18 Նմբ, 2020",18,Նմբ,2020,11,2020-11-18,գուրգեն արսենյան,Tyq9KyBZXBs,00:22:00,https://i.ytimg.com/vi/Tyq9KyBZXBs/hqdefault.jpg,26065
https://www.1tv.am/hy/video/Հարցազրույց-Տեր-Ասողիկ-աբեղա-Կարապետյանի-հետ/165858,https://www.youtube.com/embed/okqM5slj3sI?autoplay=1&autohide=1,Հարցազրույց Տեր Ասողիկ աբեղա Կարապետյանի հետ,19:30,"16 Նմբ, 2020",16,Նմբ,2020,11,2020-11-16,տեր ասողիկ աբեղա կարապետյան,okqM5slj3sI,00:21:23,https://i.ytimg.com/vi/okqM5slj3sI/hqdefault.jpg,2712
https://www.1tv.am/hy/video/Հարցազրույց-Էդմոն-Մարուքյանի-հետ/165670,https://www.youtube.com/embed/Z45rBngViVY?autoplay=1&autohide=1,Հարցազրույց Էդմոն Մարուքյանի հետ,20:00,"15 Նմբ, 2020",15,Նմբ,2020,11,2020-11-15,էդմոն մարուքյան,Z45rBngViVY,00:18:00,https://i.ytimg.com/vi/Z45rBngViVY/hqdefault.jpg,20203
https://www.1tv.am/hy/video/Հարցազրույց-Նիկոլ-Փաշինյանի-հետ/165651,https://www.facebook.com/plugins/video.php?href=https%3A%2F%2Fwww.facebook.com%2Flurer1tv%2Fvideos%2F1285800781771444%2F&show_text=0&width=560&autoplay=1,Հարցազրույց Նիկոլ Փաշինյանի հետ,20:00,"13 Նմբ, 2020",13,Նմբ,2020,11,2020-11-13,նիկոլ փաշինյան,,N/A,N/A,N/A
https://www.1tv.am/hy/video/Հարցազրույց-Հրանտ-Բագրատյանի-հետ/165660,https://www.youtube.com/embed/H86ZJWoMkF8?autoplay=1&autohide=1,Հարցազրույց Հրանտ Բագրատյանի հետ,19:30,"13 Նմբ, 2020",13,Նմբ,2020,11,2020-11-13,հրանտ բագրատյան,H86ZJWoMkF8,00:20:34,https://i.ytimg.com/vi/H86ZJWoMkF8/hqdefault.jpg,14797
https://www.1tv.am/hy/video/Հարցազրույց-Դավիթ-Տոնոյանի-հետ/165510,https://www.youtube.com/embed/-dmkGDaVsjo?autoplay=1&autohide=1,Հարցազրույց Դավիթ Տոնոյանի հետ,20:30,"10 Նմբ, 2020",10,Նմբ,2020,11,2020-11-10,դավիթ տոնոյան,-dmkGDaVsjo,00:15:26,https://i.ytimg.com/vi/-dmkGDaVsjo/hqdefault.jpg,109833
https://www.1tv.am/hy/video/Հարցազրույց-Վարդան-Արամյանի-հետ/165440,https://www.youtube.com/embed/DQJ2akS0BCU?autoplay=1&autohide=1,Հարցազրույց Վարդան Արամյանի հետ,19:30,"09 Նմբ, 2020",9,Նմբ,2020,11,2020-11-09,վարդան արամյան,DQJ2akS0BCU,00:21:06,https://i.ytimg.com/vi/DQJ2akS0BCU/hqdefault.jpg,9809
https://www.1tv.am/hy/video/Հարցազրույց-Նարինե-Աբգարյանի-հետ/165436,https://www.youtube.com/embed/IMW7CXuo_2Q?autoplay=1&autohide=1,Հարցազրույց Նարինե Աբգարյանի հետ,21:15,"07 Նմբ, 2020",7,Նմբ,2020,11,2020-11-07,նարինե աբգարյան,IMW7CXuo_2Q,00:18:01,https://i.ytimg.com/vi/IMW7CXuo_2Q/hqdefault.jpg,6627
https://www.1tv.am/hy/video/Հարցազրույց-Արծրուն-Հովհաննիսյանի-հետ/165432,https://www.youtube.com/embed/aM2SKeuAxDg?autoplay=1&autohide=1,Հարցազրույց Արծրուն Հովհաննիսյանի հետ,19:30,"06 Նմբ, 2020",6,Նմբ,2020,11,2020-11-06,արծրուն հովհաննիսյան,aM2SKeuAxDg,00:23:40,https://i.ytimg.com/vi/aM2SKeuAxDg/hqdefault.jpg,140146
https://www.1tv.am/hy/video/Հարցազրույց-Արծրուն-Հովհաննիսյանի-հետ/165240,https://www.youtube.com/embed/8M1WEg0S19U?autoplay=1&autohide=1,Հարցազրույց Արծրուն Հովհաննիսյանի հետ,19:30,"05 Նմբ, 2020",5,Նմբ,2020,11,2020-11-05,արծրուն հովհաննիսյան,8M1WEg0S19U,00:27:31,https://i.ytimg.com/vi/8M1WEg0S19U/hqdefault.jpg,113405
https://www.1tv.am/hy/video/Հարցազրույց-Ռուբեն-Մելքոնյանի-հետ/165083,https://www.youtube.com/embed/cXC30KnEEfg?autoplay=1&autohide=1,Հարցազրույց Ռուբեն Մելքոնյանի հետ,19:30,"04 Նմբ, 2020",4,Նմբ,2020,11,2020-11-04,ռուբեն մելքոնյան,cXC30KnEEfg,00:22:11,https://i.ytimg.com/vi/cXC30KnEEfg/hqdefault.jpg,6761
https://www.1tv.am/hy/video/Հարցազրույց-Էդմոն-Մարուքյանի-հետ/165036,https://www.youtube.com/embed/hqrd_5fmsEM?autoplay=1&autohide=1,Հարցազրույց Էդմոն Մարուքյանի հետ,19:30,"03 Նմբ, 2020",3,Նմբ,2020,11,2020-11-03,էդմոն մարուքյան,hqrd_5fmsEM,00:20:26,https://i.ytimg.com/vi/hqrd_5fmsEM/hqdefault.jpg,14327
https://www.1tv.am/hy/video/Հարցազրույց-Կարեն-Հովհաննիսյանի-և-Սարո-Սարոյանի-հետ/164905,https://www.youtube.com/embed/GwrR9A8o6ss?autoplay=1&autohide=1,Հարցազրույց Կարեն Հովհաննիսյանի և Սարո Սարոյանի հետ,19:30,"02 Նմբ, 2020",2,Նմբ,2020,11,2020-11-02,կարեն հովհաննիսյան և սարո սարոյան,GwrR9A8o6ss,00:21:05,https://i.ytimg.com/vi/GwrR9A8o6ss/hqdefault.jpg,12421
https://www.1tv.am/hy/video/Հարցազրույց-Անդրանիկ-Քոչարյանի-հետ/164643,https://www.youtube.com/embed/wEptL9CcmmA?autoplay=1&autohide=1,Հարցազրույց Անդրանիկ Քոչարյանի հետ,19:35,"29 Հոկ, 2020",29,Հոկ,2020,10,2020-10-29,անդրանիկ քոչարյան,wEptL9CcmmA,00:21:26,https://i.ytimg.com/vi/wEptL9CcmmA/hqdefault.jpg,21210
https://www.1tv.am/hy/video/Հարցազրույց-Գեորգի-Մելքոնյանի-հետ/164550,https://www.youtube.com/embed/Dz6laWTWPek?autoplay=1&autohide=1,Հարցազրույց Գեորգի Մելքոնյանի հետ,20:30,"28 Հոկ, 2020",28,Հոկ,2020,10,2020-10-28,գեորգ մելքոնյան,Dz6laWTWPek,00:19:26,https://i.ytimg.com/vi/Dz6laWTWPek/hqdefault.jpg,21017
https://www.1tv.am/hy/video/Հարցազրույց-Դավիթ-Հովհաննիսյանի-հետ/164426,https://www.youtube.com/embed/9YN-4iClPiE?autoplay=1&autohide=1,Հարցազրույց Դավիթ Հովհաննիսյանի հետ,19:30,"27 Հոկ, 2020",27,Հոկ,2020,10,2020-10-27,դավիթ հովհաննիսյան,9YN-4iClPiE,00:22:11,https://i.ytimg.com/vi/9YN-4iClPiE/hqdefault.jpg,9146
https://www.1tv.am/hy/video/Հարցազրույց-Վարդան-Պետրոսյանի-հետ/164289,https://www.youtube.com/embed/HDZLeg4gkHM?autoplay=1&autohide=1,Հարցազրույց Վարդան Պետրոսյանի հետ,21:30,"24 Հոկ, 2020",24,Հոկ,2020,10,2020-10-24,վարդան պետրոսյան,HDZLeg4gkHM,00:21:35,https://i.ytimg.com/vi/HDZLeg4gkHM/hqdefault.jpg,19237
https://www.1tv.am/hy/video/Հարցազրույց-Էդգար-Էլբակյանի-հետ/164109,https://www.youtube.com/embed/hypSAhgXTO8?autoplay=1&autohide=1,Հարցազրույց Էդգար Էլբակյանի հետ,19:30,"22 Հոկ, 2020",22,Հոկ,2020,10,2020-10-22,էդգար էլբակյան,hypSAhgXTO8,00:20:46,https://i.ytimg.com/vi/hypSAhgXTO8/hqdefault.jpg,14271
https://www.1tv.am/hy/video/Հարցազրույց-Կարեն-Հովհաննիսյանի-հետ/164015,https://www.youtube.com/embed/FUIF2uSMoCM?autoplay=1&autohide=1,Հարցազրույց Կարեն Հովհաննիսյանի հետ,20:15,"21 Հոկ, 2020",21,Հոկ,2020,10,2020-10-21,կարեն հովհաննիսյան,FUIF2uSMoCM,00:20:00,https://i.ytimg.com/vi/FUIF2uSMoCM/hqdefault.jpg,30121
https://www.1tv.am/hy/video/Հարցազրույց-Արծրուն-Հովհաննիսյանի-հետ/163896,https://www.youtube.com/embed/7QEowUEoTsg?autoplay=1&autohide=1,Հարցազրույց Արծրուն Հովհաննիսյանի հետ,20:30,"20 Հոկ, 2020",20,Հոկ,2020,10,2020-10-20,արծրուն հովհաննիսյան,7QEowUEoTsg,00:30:00,https://i.ytimg.com/vi/7QEowUEoTsg/hqdefault.jpg,129884
https://www.1tv.am/hy/video/Հարցազրույց-Եղիշե-Կիրակոսյանի-և-Լևոն-Գևորգյանի-հետ/163827,https://www.youtube.com/embed/BjfeVfeL0N4?autoplay=1&autohide=1,Հարցազրույց Եղիշե Կիրակոսյանի և Լևոն Գևորգյանի հետ,19:30,"19 Հոկ, 2020",19,Հոկ,2020,10,2020-10-19,եղիշե կիրակոսյան և լևոն գևորգյան,BjfeVfeL0N4,00:19:30,https://i.ytimg.com/vi/BjfeVfeL0N4/hqdefault.jpg,9185
https://www.1tv.am/hy/video/Հարցազրույց-Արամ-Սարգսյանի-հետ/163631,https://www.youtube.com/embed/n_rjVVMKElY?autoplay=1&autohide=1,Հարցազրույց Արամ Սարգսյանի հետ,20:30,"15 Հոկ, 2020",15,Հոկ,2020,10,2020-10-15,արամ սարգսյան,n_rjVVMKElY,00:21:06,https://i.ytimg.com/vi/n_rjVVMKElY/hqdefault.jpg,23770
https://www.1tv.am/hy/video/Հարցազրույց-Վարուժան-Ավետիքյանի-հետ/163622,https://www.youtube.com/embed/u5ZTBNAsD08?autoplay=1&autohide=1,Հարցազրույց Վարուժան Ավետիքյանի հետ,20:30,"15 Հոկ, 2020",15,Հոկ,2020,10,2020-10-15,վարուժան ավետիքյան,u5ZTBNAsD08,00:19:06,https://i.ytimg.com/vi/u5ZTBNAsD08/hqdefault.jpg,7504
https://www.1tv.am/hy/video/Հարցազրույց-Ալեն-Սիմոնյանի-հետ/163565,https://www.youtube.com/embed/cHmiIb2ui2A?autoplay=1&autohide=1,Հարցազրույց Ալեն Սիմոնյանի հետ,20:20,"14 Հոկ, 2020",14,Հոկ,2020,10,2020-10-14,ալեն սիմոնյան,cHmiIb2ui2A,00:19:51,https://i.ytimg.com/vi/cHmiIb2ui2A/hqdefault.jpg,15166
https://www.1tv.am/hy/video/Հարցազրույց-Արսեն-Թորոսյանի-հետ/163396,https://www.youtube.com/embed/FolNtdxCCEc?autoplay=1&autohide=1,Հարցազրույց Արսեն Թորոսյանի հետ,20:00,"12 Հոկ, 2020",12,Հոկ,2020,10,2020-10-12,արսեն թորոսյան,FolNtdxCCEc,00:21:06,https://i.ytimg.com/vi/FolNtdxCCEc/hqdefault.jpg,4842
https://www.1tv.am/hy/video/Հարցազրույց-Արա-Խզմալյանի-և-Արթուր-Ղուկասյանի-հետ/162677,https://www.youtube.com/embed/ZlLbn_y_N8c?autoplay=1&autohide=1,Հարցազրույց Արա Խզմալյանի և Արթուր Ղուկասյանի հետ,19:30,"26 Սեպ, 2020",26,Սեպ,2020,9,2020-09-26,արա խզմալյան և արթուր ղուկասյան,ZlLbn_y_N8c,00:17:00,https://i.ytimg.com/vi/ZlLbn_y_N8c/hqdefault.jpg,2790
https://www.1tv.am/hy/video/Հարցազրույց-Բաբկեն-Թունյանի-հետ/162545,https://www.youtube.com/embed/hO9mFIcZvkU?autoplay=1&autohide=1,Հարցազրույց Բաբկեն Թունյանի հետ,20:15,"24 Սեպ, 2020",24,Սեպ,2020,9,2020-09-24,բաբկեն թունյան,hO9mFIcZvkU,00:23:31,https://i.ytimg.com/vi/hO9mFIcZvkU/hqdefault.jpg,1802
https://www.1tv.am/hy/video/Հարցազրույց-Միքայել-Մելքումյանի-հետ/162552,https://www.youtube.com/embed/zzhyCs1cWbc?autoplay=1&autohide=1,Հարցազրույց Միքայել Մելքումյանի հետ,20:15,"23 Սեպ, 2020",23,Սեպ,2020,9,2020-09-23,միքայել մելքումյան,zzhyCs1cWbc,00:24:40,https://i.ytimg.com/vi/zzhyCs1cWbc/hqdefault.jpg,6482
https://www.1tv.am/hy/video/Հարցազրույց-Արման-Խոջոյանի-հետ/162330,https://www.youtube.com/embed/FlYGgBRPKRA?autoplay=1&autohide=1,Հարցազրույց Արման Խոջոյանի հետ,20:30,"22 Սեպ, 2020",22,Սեպ,2020,9,2020-09-22,արման խոջոյան,FlYGgBRPKRA,00:19:16,https://i.ytimg.com/vi/FlYGgBRPKRA/hqdefault.jpg,1633
https://www.1tv.am/hy/video/Հարցազրույց-Նարեկ-Մանուկյանի-հետ/162062,https://www.youtube.com/embed/1awF44yd_0g?autoplay=1&autohide=1,Հարցազրույց Նարեկ Մանուկյանի հետ,19:30,"19 Սեպ, 2020",19,Սեպ,2020,9,2020-09-19,նարեկ մանուկյան,1awF44yd_0g,00:17:35,https://i.ytimg.com/vi/1awF44yd_0g/hqdefault.jpg,2261
https://www.1tv.am/hy/video/Հարցազրույց-Ռոմելա-Աբովյանի-հետ/162059,https://www.youtube.com/embed/iNBVDVPHL-I?autoplay=1&autohide=1,Հարցազրույց Ռոմելա Աբովյանի հետ,20:30,"18 Սեպ, 2020",18,Սեպ,2020,9,2020-09-18,ռոմելա աբովյան,iNBVDVPHL-I,00:18:21,https://i.ytimg.com/vi/iNBVDVPHL-I/hqdefault.jpg,1654
https://www.1tv.am/hy/video/Հարցազրույց-Արկադի-Խաչատրյանի-հետ/161960,https://www.youtube.com/embed/Ik7sJl4cYcc?autoplay=1&autohide=1,Հարցազրույց Արկադի Խաչատրյանի հետ,19:30,"17 Սեպ, 2020",17,Սեպ,2020,9,2020-09-17,արկադ խաչատրյան,Ik7sJl4cYcc,00:22:46,https://i.ytimg.com/vi/Ik7sJl4cYcc/hqdefault.jpg,992
https://www.1tv.am/hy/video/Հարցազրույց-Արայիկ-Հարությունյանի-հետ/161801,https://www.youtube.com/embed/OANLDtC9CrY?autoplay=1&autohide=1,Հարցազրույց Արայիկ Հարությունյանի հետ,21:20,"16 Սեպ, 2020",16,Սեպ,2020,9,2020-09-16,արայիկ հարությունյան,OANLDtC9CrY,00:25:30,https://i.ytimg.com/vi/OANLDtC9CrY/hqdefault.jpg,16039
https://www.1tv.am/hy/video/Հարցազրույց-Արմեն-Խաչատրյանի-հետ/161716,https://www.youtube.com/embed/keXWTorKzBk?autoplay=1&autohide=1,Հարցազրույց Արմեն Խաչատրյանի հետ,21:15,"15 Սեպ, 2020",15,Սեպ,2020,9,2020-09-15,արմեն խաչատրյան,keXWTorKzBk,00:20:15,https://i.ytimg.com/vi/keXWTorKzBk/hqdefault.jpg,2069
https://www.1tv.am/hy/video/Հարցազրույց-Անի-Սամսոնյանի-հետ/161644,https://www.youtube.com/embed/hxxahTSw_EU?autoplay=1&autohide=1,Հարցազրույց Անի Սամսոնյանի հետ,20:30,"14 Սեպ, 2020",14,Սեպ,2020,9,2020-09-14,ան սամսոնյան,hxxahTSw_EU,00:26:06,https://i.ytimg.com/vi/hxxahTSw_EU/hqdefault.jpg,60566
https://www.1tv.am/hy/video/Հարցազրույց-Արա-Զոհրաբյանի-հետ/161404,https://www.youtube.com/embed/uZDJOMbWrWc?autoplay=1&autohide=1,Հարցազրույց Արա Զոհրաբյանի հետ,16:30,"12 Սեպ, 2020",12,Սեպ,2020,9,2020-09-12,արա զոհրաբյան,uZDJOMbWrWc,00:18:06,https://i.ytimg.com/vi/uZDJOMbWrWc/hqdefault.jpg,2644
https://www.1tv.am/hy/video/Հարցազրույց-Անահիտ-Ավանեսյանի-հետ/161402,https://www.youtube.com/embed/Fo8JEE0NPLY?autoplay=1&autohide=1,Հարցազրույց Անահիտ Ավանեսյանի հետ,18:00,"11 Սեպ, 2020",11,Սեպ,2020,9,2020-09-11,անահիտ ավանեսյան,Fo8JEE0NPLY,00:19:25,https://i.ytimg.com/vi/Fo8JEE0NPLY/hqdefault.jpg,5942
https://www.1tv.am/hy/video/Հարցազրույց-Լարիսա-Մինասյանի-հետ/161298,https://www.youtube.com/embed/7vrXUozKjoQ?autoplay=1&autohide=1,Հարցազրույց Լարիսա Մինասյանի հետ,20:30,"10 Սեպ, 2020",10,Սեպ,2020,9,2020-09-10,լարիսա մինասյան,7vrXUozKjoQ,00:23:51,https://i.ytimg.com/vi/7vrXUozKjoQ/hqdefault.jpg,4204
https://www.1tv.am/hy/video/Հարցազրույց-Ռուստամ-Բադասյանի-հետ/161166,https://www.youtube.com/embed/t0DXrHNu214?autoplay=1&autohide=1,Հարցազրույց Ռուստամ Բադասյանի հետ,21:45,"09 Սեպ, 2020",9,Սեպ,2020,9,2020-09-09,ռուստամ բադասյան,t0DXrHNu214,00:22:45,https://i.ytimg.com/vi/t0DXrHNu214/hqdefault.jpg,2938
https://www.1tv.am/hy/video/Հարցազրույց-Վարդան-Ասոյանի-հետ/160923,https://www.youtube.com/embed/b_mGSkNlWw0?autoplay=1&autohide=1,Հարցազրույց Վարդան Ասոյանի հետ,21:30,"07 Սեպ, 2020",7,Սեպ,2020,9,2020-09-07,վարդան ասոյան,b_mGSkNlWw0,00:24:51,https://i.ytimg.com/vi/b_mGSkNlWw0/hqdefault.jpg,1224
https://www.1tv.am/hy/video/Հարցազրույց-Եգոր-Զայցևի-հետ/160814,https://www.youtube.com/embed/1TzbDaW1V4w?autoplay=1&autohide=1,Հարցազրույց Եգոր Զայցևի հետ,19:30,"05 Սեպ, 2020",5,Սեպ,2020,9,2020-09-05,եգոր զայցև,1TzbDaW1V4w,00:18:26,https://i.ytimg.com/vi/1TzbDaW1V4w/hqdefault.jpg,2132
https://www.1tv.am/hy/video/Հարցազրույց-Հակոբ-Կարապետյանի-հետ/160782,https://www.youtube.com/embed/awNKwTlxrnY?autoplay=1&autohide=1,Հարցազրույց Հակոբ Կարապետյանի հետ,19:30,"04 Սեպ, 2020",4,Սեպ,2020,9,2020-09-04,հակոբ կարապետյան,awNKwTlxrnY,00:19:00,https://i.ytimg.com/vi/awNKwTlxrnY/hqdefault.jpg,2973
https://www.1tv.am/hy/video/Հարցազրույց-Գաբրիել-Բալայանի-հետ/160726,https://www.youtube.com/embed/MB6nI8thd4c?autoplay=1&autohide=1,Հարցազրույց Գաբրիել Բալայանի հետ,19:30,"03 Սեպ, 2020",3,Սեպ,2020,9,2020-09-03,գաբրիել բալայան,MB6nI8thd4c,00:21:26,https://i.ytimg.com/vi/MB6nI8thd4c/hqdefault.jpg,2551
https://www.1tv.am/hy/video/Հարցազրույց-Դեբորա-Գրիզերի-հետ/160642,https://www.youtube.com/embed/GzJ1TO-yk6U?autoplay=1&autohide=1,Հարցազրույց Դեբորա Գրիզերի հետ,19:30,"02 Սեպ, 2020",2,Սեպ,2020,9,2020-09-02,դեբորա գրիզեր,GzJ1TO-yk6U,00:20:41,https://i.ytimg.com/vi/GzJ1TO-yk6U/hqdefault.jpg,1931
https://www.1tv.am/hy/video/Հարցազրույց-Մխիթար-Հայրապետյանի-հետ/160587,https://www.youtube.com/embed/-64_MRjOHig?autoplay=1&autohide=1,Հարցազրույց Մխիթար Հայրապետյանի հետ,20:30,"01 Սեպ, 2020",1,Սեպ,2020,9,2020-09-01,մխիթար հայրապետյան,-64_MRjOHig,00:20:50,https://i.ytimg.com/vi/-64_MRjOHig/hqdefault.jpg,4088
https://www.1tv.am/hy/video/Հարցազրույց-Վիգեն-Քոչարյանի-հետ/160524,https://www.youtube.com/embed/4Zf0Ckw9pvA?autoplay=1&autohide=1,Հարցազրույց Վիգեն Քոչարյանի հետ,19:30,"31 Օգս, 2020",31,Օգս,2020,8,2020-08-31,վիգեն քոչարյան,4Zf0Ckw9pvA,00:19:35,https://i.ytimg.com/vi/4Zf0Ckw9pvA/hqdefault.jpg,4258
https://www.1tv.am/hy/video/Հարցազրույց-Դավիթ-Երևանցու-հետ/160444,https://www.youtube.com/embed/9uofuA1tFWg?autoplay=1&autohide=1,Հարցազրույց Դավիթ Երևանցու հետ,20:30,"28 Օգս, 2020",28,Օգս,2020,8,2020-08-28,դավիթ երևանցու,9uofuA1tFWg,00:17:05,https://i.ytimg.com/vi/9uofuA1tFWg/hqdefault.jpg,2420
https://www.1tv.am/hy/video/Հարցազրույց-Գայանե-Սահակյանի-հետ/160391,https://www.youtube.com/embed/_YREaA0zutk?autoplay=1&autohide=1,Հարցազրույց Գայանե Սահակյանի հետ,21:30,"27 Օգս, 2020",27,Օգս,2020,8,2020-08-27,գայանե սահակյան,_YREaA0zutk,00:21:06,https://i.ytimg.com/vi/_YREaA0zutk/hqdefault.jpg,1898
https://www.1tv.am/hy/video/Հարցազրույց-Եղիշե-Կիրակոսյանի-և-Արմեն-Մազմանյանի-հետ/160365,https://www.youtube.com/embed/y3ZfNlK9FLQ?autoplay=1&autohide=1,Հարցազրույց Եղիշե Կիրակոսյանի և Արմեն Մազմանյանի հետ,20:30,"26 Օգս, 2020",26,Օգս,2020,8,2020-08-26,եղիշե կիրակոսյան և արմեն մազմանյան,y3ZfNlK9FLQ,00:20:51,https://i.ytimg.com/vi/y3ZfNlK9FLQ/hqdefault.jpg,1319
https://www.1tv.am/hy/video/Հարցազրույց-Գևորգ-Մուրադյանի-հետ/160301,https://www.youtube.com/embed/nV6YVjI0QOY?autoplay=1&autohide=1,Հարցազրույց Գևորգ Մուրադյանի հետ,20:30,"25 Օգս, 2020",25,Օգս,2020,8,2020-08-25,գևորգ մուրադյան,nV6YVjI0QOY,00:19:31,https://i.ytimg.com/vi/nV6YVjI0QOY/hqdefault.jpg,1450
https://www.1tv.am/hy/video/Հարցազրույց-Անդրանիկ-Քոչարյանի-հետ/160260,https://www.youtube.com/embed/6vWfAeET9iQ?autoplay=1&autohide=1,Հարցազրույց Անդրանիկ Քոչարյանի հետ,19:00,"24 Օգս, 2020",24,Օգս,2020,8,2020-08-24,անդրանիկ քոչարյան,6vWfAeET9iQ,00:23:25,https://i.ytimg.com/vi/6vWfAeET9iQ/hqdefault.jpg,15401
https://www.1tv.am/hy/video/Հարցազրույց-Արամ-Մանուկյանի-հետ/160191,https://www.youtube.com/embed/1X9sTR-Zims?autoplay=1&autohide=1,Հարցազրույց Արամ Մանուկյանի հետ,21:30,"23 Օգս, 2020",23,Օգս,2020,8,2020-08-23,արամ մանուկյան,1X9sTR-Zims,00:24:47,https://i.ytimg.com/vi/1X9sTR-Zims/hqdefault.jpg,4038
https://www.1tv.am/hy/video/Հարցազրույց-Պետրոս-Ղազարյանի-հետ/160090,https://www.youtube.com/embed/7s-0-EVICGY?autoplay=1&autohide=1,Հարցազրույց Պետրոս Ղազարյանի հետ. Բեյրութը պայթյունից հետո,21:45,"20 Օգս, 2020",20,Օգս,2020,8,2020-08-20,բեյրութը պայթյունից ո,7s-0-EVICGY,00:17:56,https://i.ytimg.com/vi/7s-0-EVICGY/hqdefault.jpg,1621
https://www.1tv.am/hy/video/Հարցազրույց-Պետրոս-Ղազարյանի-հետ/160050,https://www.youtube.com/embed/rq0UqOY_kQc?autoplay=1&autohide=1,Հարցազրույց Պետրոս Ղազարյանի հետ. Լիբանանի ներքաղաքական կյանքը և պայթյունի պատճառները,21:45,"19 Օգս, 2020",19,Օգս,2020,8,2020-08-19,լիբանան ներքաղաքական կյանքը և պայթյուն պատճառները,rq0UqOY_kQc,00:18:01,https://i.ytimg.com/vi/rq0UqOY_kQc/hqdefault.jpg,1280
https://www.1tv.am/hy/video/Հարցազրույց-Պետրոս-Ղազարյանի-հետ/159981,https://www.youtube.com/embed/mr-t_i-yaZc?autoplay=1&autohide=1,Հարցազրույց Հակոբ Լադոյանի հետ,21:45,"18 Օգս, 2020",18,Օգս,2020,8,2020-08-18,հակոբ լադոյան,mr-t_i-yaZc,00:15:01,https://i.ytimg.com/vi/mr-t_i-yaZc/hqdefault.jpg,2316
https://www.1tv.am/hy/video/Հարցազրույց-Պետրոս-Ղազարյանի-հետ/159907,https://www.youtube.com/embed/RwonnF2V3fw?autoplay=1&autohide=1,Հարցազրույց Պետրոս Ղազարյանի հետ. Բեյրութը պայթյունից հետո,21:45,"17 Օգս, 2020",17,Օգս,2020,8,2020-08-17,բեյրութը պայթյունից ո,RwonnF2V3fw,00:15:35,https://i.ytimg.com/vi/RwonnF2V3fw/hqdefault.jpg,2238
https://www.1tv.am/hy/video/Բեյրութը-պայթյունից-հետո/159782,https://www.youtube.com/embed/-ucE3UstIXg?autoplay=1&autohide=1,Հարցազրույց Պետրոս Ղազարյանի հետ. Բեյրութը պայթյունից հետո,21:30,"15 Օգս, 2020",15,Օգս,2020,8,2020-08-15,բեյրութը պայթյունից ո,-ucE3UstIXg,00:17:31,https://i.ytimg.com/vi/-ucE3UstIXg/hqdefault.jpg,697
https://www.1tv.am/hy/video/Հարցազրույց-Պետրոս-Ղազարյանի-հետ/159751,https://www.youtube.com/embed/eYktYB7xJhQ?autoplay=1&autohide=1,Հարցազրույց Պետրոս Ղազարյանի հետ. Բուրջ Համուդում տիրող իրավիճակը,21:45,"14 Օգս, 2020",14,Օգս,2020,8,2020-08-14,բուրջ համուդում տիրող իրավիճակը,eYktYB7xJhQ,00:17:01,https://i.ytimg.com/vi/eYktYB7xJhQ/hqdefault.jpg,3695
https://www.1tv.am/hy/video/Հարցազրույց-Պետրոս-Ղազարյանի-հետ/159665,https://www.youtube.com/embed/QYx2OnQr1jg?autoplay=1&autohide=1,Հարցազրույց Պետրոս Ղազարյանի հետ. Բեյրութը պայթյունից հետո,21:45,"13 Օգս, 2020",13,Օգս,2020,8,2020-08-13,բեյրութը պայթյունից ո,QYx2OnQr1jg,00:24:00,https://i.ytimg.com/vi/QYx2OnQr1jg/hqdefault.jpg,2752
https://www.1tv.am/hy/video/Հարցազրույց-Ամալյա-Մխիթարյանի-հետ/159614,https://www.youtube.com/embed/3unu7dhRtu8?autoplay=1&autohide=1,Հարցազրույց Ամալյա Մխիթարյանի հետ,21:30,"12 Օգս, 2020",12,Օգս,2020,8,2020-08-12,ամալյա մխիթարյան,3unu7dhRtu8,00:16:31,https://i.ytimg.com/vi/3unu7dhRtu8/hqdefault.jpg,2293
https://www.1tv.am/hy/video/Հարցազրույց-Հրանտ-Տեր֊Աբրահամյանի-հետ/159590,https://www.youtube.com/embed/ZyyJe2mHSn0?autoplay=1&autohide=1,Հարցազրույց Հրանտ Տեր֊Աբրահամյանի հետ,20:00,"11 Օգս, 2020",11,Օգս,2020,8,2020-08-11,հրանտ տեր֊աբրահամյան,ZyyJe2mHSn0,00:22:00,https://i.ytimg.com/vi/ZyyJe2mHSn0/hqdefault.jpg,4439
https://www.1tv.am/hy/video/Հարցազրույց-Հայկ-Կոնջորյանի-հետ/159436,https://www.youtube.com/embed/WOpwmGwgPbc?autoplay=1&autohide=1,Հարցազրույց Հայկ Կոնջորյանի հետ,21:45,"08 Օգս, 2020",8,Օգս,2020,8,2020-08-08,հայկ կոնջորյան,WOpwmGwgPbc,00:17:25,https://i.ytimg.com/vi/WOpwmGwgPbc/hqdefault.jpg,9549
https://www.1tv.am/hy/video/Հարցազրույց-Զարեհ-Սինանյանի-հետ/159413,https://www.youtube.com/embed/YLAFAZOeiT0?autoplay=1&autohide=1,Հարցազրույց Զարեհ Սինանյանի հետ,20:30,"07 Օգս, 2020",7,Օգս,2020,8,2020-08-07,զարեհ սինանյան,YLAFAZOeiT0,00:19:16,https://i.ytimg.com/vi/YLAFAZOeiT0/hqdefault.jpg,2496
https://www.1tv.am/hy/video/Հարցազրույց-Սեբուհ-Մղջյանի-հետ/159383,https://www.youtube.com/embed/7rvp91LMF8Y?autoplay=1&autohide=1,Հարցազրույց Սեբուհ Մղջյանի հետ,20:25,"06 Օգս, 2020",6,Օգս,2020,8,2020-08-06,սեբուհ մղջյան,7rvp91LMF8Y,00:19:40,https://i.ytimg.com/vi/7rvp91LMF8Y/hqdefault.jpg,1625
https://www.1tv.am/hy/video/Հարցազրույց-Տեր-Պետրոս-վարդապետ-Մանվելյանի-հետ/159314,https://www.youtube.com/embed/2AXPFWd2IzQ?autoplay=1&autohide=1,Հարցազրույց Տեր Պետրոս վարդապետ Մանվելյանի հետ,20:30,"05 Օգս, 2020",5,Օգս,2020,8,2020-08-05,տեր պետրոս վարդապետ մանվելյան,2AXPFWd2IzQ,00:19:01,https://i.ytimg.com/vi/2AXPFWd2IzQ/hqdefault.jpg,2253
https://www.1tv.am/hy/video/Հարցազրույց-Ավետ-Պողոսյանի-հետ/159200,https://www.youtube.com/embed/cV2-iNsuksE?autoplay=1&autohide=1,Հարցազրույց Ավետ Պողոսյանի հետ,20:25,"04 Օգս, 2020",4,Օգս,2020,8,2020-08-04,ավետ պողոսյան,cV2-iNsuksE,00:20:52,https://i.ytimg.com/vi/cV2-iNsuksE/hqdefault.jpg,1595
https://www.1tv.am/hy/video/Հարցազրույց-Լիլիթ-Մկրտչյանի-և-Դավիթ-Թինոյանի-հետ/159196,https://www.youtube.com/embed/xC_nglIjaes?autoplay=1&autohide=1,Հարցազրույց Լիլիթ Մկրտչյանի և Դավիթ Թինոյանի հետ,21:20,"03 Օգս, 2020",3,Օգս,2020,8,2020-08-03,լիլիթ մկրտչյան և դավիթ թինոյան,xC_nglIjaes,00:22:05,https://i.ytimg.com/vi/xC_nglIjaes/hqdefault.jpg,6351
https://www.1tv.am/hy/video/Հարցազրույց-Հանս-Կլուգեի-հետ/159052,https://www.youtube.com/embed/3L_cc-vdNwI?autoplay=1&autohide=1,Հարցազրույց Հանս Կլուգեի հետ,20:40,"01 Օգս, 2020",1,Օգս,2020,8,2020-08-01,հանս կլուգե,3L_cc-vdNwI,00:20:05,https://i.ytimg.com/vi/3L_cc-vdNwI/hqdefault.jpg,2444
https://www.1tv.am/hy/video/Հարցազրույց-Ռոմանոս-Պետրոսյանի-հետ/159017,https://www.youtube.com/embed/X1yQM26Sju0?autoplay=1&autohide=1,Հարցազրույց Ռոմանոս Պետրոսյանի հետ,21:30,"31 Հլս, 2020",31,Հլս,2020,7,2020-07-31,ռոմանոս պետրոսյան,X1yQM26Sju0,00:21:55,https://i.ytimg.com/vi/X1yQM26Sju0/hqdefault.jpg,8977
https://www.1tv.am/hy/video/Հարցազրույց-Հայկ-Գաբրիելյանի-հետ/158940,https://www.youtube.com/embed/nGv9M4SJcIo?autoplay=1&autohide=1,Հարցազրույց Հայկ Գաբրիելյանի հետ,20:30,"30 Հլս, 2020",30,Հլս,2020,7,2020-07-30,հայկ գաբրիելյան,nGv9M4SJcIo,00:21:15,https://i.ytimg.com/vi/nGv9M4SJcIo/hqdefault.jpg,5554
https://www.1tv.am/hy/video/Հարցազրույց-Սիսակ-Գաբրիելյանի-հետ/158908,https://www.youtube.com/embed/EmWMYlGnfXQ?autoplay=1&autohide=1,Հարցազրույց Սիսակ Գաբրիելյանի հետ,20:30,"29 Հլս, 2020",29,Հլս,2020,7,2020-07-29,սիսակ գաբրիելյան,EmWMYlGnfXQ,00:15:46,https://i.ytimg.com/vi/EmWMYlGnfXQ/hqdefault.jpg,3096
https://www.1tv.am/hy/video/Հարցազրույց-Արայիկ-Հարությունյանի-հետ/158694,https://www.youtube.com/embed/Eozn1hlOftw?autoplay=1&autohide=1,Հարցազրույց Արայիկ Հարությունյանի հետ,21:30,"27 Հլս, 2020",27,Հլս,2020,7,2020-07-27,արայիկ հարությունյան,Eozn1hlOftw,00:22:36,https://i.ytimg.com/vi/Eozn1hlOftw/hqdefault.jpg,10399
https://www.1tv.am/hy/video/Հարցազրույց-Հակոբ-Տեր-Խաչատուրյանի-հետ/158594,https://www.youtube.com/embed/UxpI9o0ib3Y?autoplay=1&autohide=1,Հարցազրույց Հակոբ Տեր-Խաչատուրյանի հետ,21:45,"25 Հլս, 2020",25,Հլս,2020,7,2020-07-25,հակոբ տեր-խաչատուրյան,UxpI9o0ib3Y,00:20:25,https://i.ytimg.com/vi/UxpI9o0ib3Y/hqdefault.jpg,3879
https://www.1tv.am/hy/video/Հարցազրույց-Անդրանիկ-Քոչարյանի-հետ/158555,https://www.youtube.com/embed/PZ9rvJphXQw?autoplay=1&autohide=1,Հարցազրույց Անդրանիկ Քոչարյանի հետ,20:35,"24 Հլս, 2020",24,Հլս,2020,7,2020-07-24,անդրանիկ քոչարյան,PZ9rvJphXQw,00:22:55,https://i.ytimg.com/vi/PZ9rvJphXQw/hqdefault.jpg,19846
https://www.1tv.am/hy/video/Հարցազրույց-Արծրուն-Հովհաննիսյանի-հետ/158507,https://www.youtube.com/embed/PUXH_-weh6M?autoplay=1&autohide=1,Հարցազրույց Արծրուն Հովհաննիսյանի հետ,21:15,"23 Հլս, 2020",23,Հլս,2020,7,2020-07-23,արծրուն հովհաննիսյան,PUXH_-weh6M,00:20:15,https://i.ytimg.com/vi/PUXH_-weh6M/hqdefault.jpg,10904
https://www.1tv.am/hy/video/Հարցազրույց-Արմեն-Գրիգորյանի-հետ/158453,https://www.youtube.com/embed/8NStfob6jmc?autoplay=1&autohide=1,Հարցազրույց Արմեն Գրիգորյանի հետ,20:20,"22 Հլս, 2020",22,Հլս,2020,7,2020-07-22,արմեն գրիգորյան,8NStfob6jmc,00:20:45,https://i.ytimg.com/vi/8NStfob6jmc/hqdefault.jpg,7159
https://www.1tv.am/hy/video/Հարցազրույց-Հակոբ-Արշակյանի-հետ/158386,https://www.youtube.com/embed/ElM7c87pVrI?autoplay=1&autohide=1,Հարցազրույց Հակոբ Արշակյանի հետ,21:30,"21 Հլս, 2020",21,Հլս,2020,7,2020-07-21,հակոբ արշակյան,ElM7c87pVrI,00:22:51,https://i.ytimg.com/vi/ElM7c87pVrI/hqdefault.jpg,10421
https://www.1tv.am/hy/video/Հարցազրույց-Արման-Թաթոյանի-հետ/158226,https://www.youtube.com/embed/JTN-9RPMzjY?autoplay=1&autohide=1,Հարցազրույց Արման Թաթոյանի հետ,21:30,"18 Հլս, 2020",18,Հլս,2020,7,2020-07-18,արման թաթոյան,JTN-9RPMzjY,00:19:06,https://i.ytimg.com/vi/JTN-9RPMzjY/hqdefault.jpg,3530
https://www.1tv.am/hy/video/Հարցազրույց-Վաղարշակ-Հարությունյանի-հետ/158192,https://www.youtube.com/embed/1ux_1mhCjbA?autoplay=1&autohide=1,Հարցազրույց Վաղարշակ Հարությունյանի հետ,21:30,"17 Հլս, 2020",17,Հլս,2020,7,2020-07-17,վաղարշակ հարությունյան,1ux_1mhCjbA,00:20:51,https://i.ytimg.com/vi/1ux_1mhCjbA/hqdefault.jpg,11644
https://www.1tv.am/hy/video/Հարցազրույցներ-Այգեպար-գյուղի-ռմբաստարանից/158144,https://www.youtube.com/embed/voSiFk4nsiY?autoplay=1&autohide=1,Հարցազրույցներ Այգեպար գյուղի ռմբաստարանից,20:30,"16 Հլս, 2020",16,Հլս,2020,7,2020-07-16,ներ այգեպար գյուղ ռմբաստարանից,voSiFk4nsiY,00:16:20,https://i.ytimg.com/vi/voSiFk4nsiY/hqdefault.jpg,7724
https://www.1tv.am/hy/video/Հարցազրույց-Տաթևիկ-Հայրապետյանի-հետ/158095,https://www.youtube.com/embed/VpdiCnhNgro?autoplay=1&autohide=1,Հարցազրույց Տաթևիկ Հայրապետյանի հետ,19:30,"15 Հլս, 2020",15,Հլս,2020,7,2020-07-15,տաթևիկ հայրապետյան,VpdiCnhNgro,00:18:36,https://i.ytimg.com/vi/VpdiCnhNgro/hqdefault.jpg,4955
https://www.1tv.am/hy/video/Հարցազրույց-Արծրուն-Հովհաննիսյանի-հետ/157959,https://www.youtube.com/embed/msvkzbbWTN4?autoplay=1&autohide=1,Հարցազրույց Արծրուն Հովհաննիսյանի հետ,21:30,"13 Հլս, 2020",13,Հլս,2020,7,2020-07-13,արծրուն հովհաննիսյան,msvkzbbWTN4,00:19:35,https://i.ytimg.com/vi/msvkzbbWTN4/hqdefault.jpg,18760
https://www.1tv.am/hy/video/Հարցազրույց-Վահե-Գևորգյանի-հետ/157821,https://www.youtube.com/embed/Au_LE8LGxx4?autoplay=1&autohide=1,Հարցազրույց Վահե Գևորգյանի հետ,18:25,"11 Հլս, 2020",11,Հլս,2020,7,2020-07-11,վահե գևորգյան,Au_LE8LGxx4,00:18:45,https://i.ytimg.com/vi/Au_LE8LGxx4/hqdefault.jpg,1914
https://www.1tv.am/hy/video/Հարցազրույց-Լուսինե-Հակոբյանի-հետ/157778,https://www.youtube.com/embed/62HqOd6Z-94?autoplay=1&autohide=1,Հարցազրույց Լուսինե Հակոբյանի հետ,19:30,"10 Հլս, 2020",10,Հլս,2020,7,2020-07-10,լուսինե հակոբյան,62HqOd6Z-94,00:20:20,https://i.ytimg.com/vi/62HqOd6Z-94/hqdefault.jpg,3076
https://www.1tv.am/hy/video/Հարցազրույց-Արայիկ-Հարությունյանի-հետ/157703,https://www.youtube.com/embed/7IUZ74CGxkM?autoplay=1&autohide=1,Հարցազրույց Արայիկ Հարությունյանի հետ,21:30,"09 Հլս, 2020",9,Հլս,2020,7,2020-07-09,արայիկ հարությունյան,7IUZ74CGxkM,00:20:00,https://i.ytimg.com/vi/7IUZ74CGxkM/hqdefault.jpg,10941
https://www.1tv.am/hy/video/Հարցազրույց-Տեր-Արշակ-եպիսկոպոս-Խաչատրյանի-հետ/157668,https://www.youtube.com/embed/efq3wInsZmo?autoplay=1&autohide=1,Հարցազրույց Տեր Արշակ եպիսկոպոս Խաչատրյանի հետ,21:30,"08 Հլս, 2020",8,Հլս,2020,7,2020-07-08,տեր արշակ եպիսկոպոս խաչատրյան,efq3wInsZmo,00:24:11,https://i.ytimg.com/vi/efq3wInsZmo/hqdefault.jpg,3054
https://www.1tv.am/hy/video/Հարցազրույց-Արտակ-Զաքարյանի-հետ/157525,https://www.youtube.com/embed/__zd7QBc7r0?autoplay=1&autohide=1,Հարցազրույց Արտակ Զաքարյանի հետ,21:30,"07 Հլս, 2020",7,Հլս,2020,7,2020-07-07,արտակ զաքարյան,__zd7QBc7r0,00:19:56,https://i.ytimg.com/vi/__zd7QBc7r0/hqdefault.jpg,1670
https://www.1tv.am/hy/video/Հարցազրույց-Աբբաս-Բադախշան-Զոհուրիի-հետ/157438,https://www.youtube.com/embed/_0wvW0fOdTA?autoplay=1&autohide=1,Հարցազրույց Աբբաս Բադախշան Զոհուրիի հետ,21:45,"06 Հլս, 2020",6,Հլս,2020,7,2020-07-06,աբբաս բադախշան զոհուրի,_0wvW0fOdTA,00:14:31,https://i.ytimg.com/vi/_0wvW0fOdTA/hqdefault.jpg,1762
https://www.1tv.am/hy/video/Հարցազրույց-Մարիուս-Չուռլյոնիսի-հետ/157280,https://www.youtube.com/embed/qqDC3MpiPz0?autoplay=1&autohide=1,Հարցազրույց Մարիուս Չուռլյոնիսի հետ,21:45,"03 Հլս, 2020",3,Հլս,2020,7,2020-07-03,մարիուս չուռլյոնիս,qqDC3MpiPz0,00:18:11,https://i.ytimg.com/vi/qqDC3MpiPz0/hqdefault.jpg,1715
https://www.1tv.am/hy/video/Հարցազրույց-Կարապետ-Բադալյանի-հետ/157217,https://www.youtube.com/embed/VZrQdgWKTg0?autoplay=1&autohide=1,Հարցազրույց Կարապետ Բադալյանի հետ,21:30,"02 Հլս, 2020",2,Հլս,2020,7,2020-07-02,կարապետ բադալյան,VZrQdgWKTg0,00:18:15,https://i.ytimg.com/vi/VZrQdgWKTg0/hqdefault.jpg,4460
https://www.1tv.am/hy/video/Հարցազրույց-Արման-Եղոյանի-հետ/157103,https://www.youtube.com/embed/Ha_Xr7_EiKM?autoplay=1&autohide=1,Հարցազրույց Արման Եղոյանի հետ,21:30,"01 Հլս, 2020",1,Հլս,2020,7,2020-07-01,արման եղոյան,Ha_Xr7_EiKM,00:19:35,https://i.ytimg.com/vi/Ha_Xr7_EiKM/hqdefault.jpg,2549
https://www.1tv.am/hy/video/Հարցարզրույց-Գրիգոր-Մինասյանի-հետ/157040,https://www.youtube.com/embed/GWT967dR8UI?autoplay=1&autohide=1,Հարցարզրույց Գրիգոր Մինասյանի հետ,21:30,"30 Հնս, 2020",30,Հնս,2020,6,2020-06-30,հարցարզրույց գրիգոր մինասյան,GWT967dR8UI,00:18:15,https://i.ytimg.com/vi/GWT967dR8UI/hqdefault.jpg,77254
https://www.1tv.am/hy/video/Հարցազրույց-Խաչատուր-Սուքիասյանի-հետ/156941,https://www.youtube.com/embed/VLAX5q_HRsk?autoplay=1&autohide=1,Հարցազրույց Խաչատուր Սուքիասյանի հետ,21:30,"27 Հնս, 2020",27,Հնս,2020,6,2020-06-27,խաչատուր սուքիասյան,VLAX5q_HRsk,00:21:55,https://i.ytimg.com/vi/VLAX5q_HRsk/hqdefault.jpg,31925
https://www.1tv.am/hy/video/Հարցազրույց-Արսեն-Թորոսյանի-հետ/156724,https://www.youtube.com/embed/2e5nYY_cdLU?autoplay=1&autohide=1,Հարցազրույց Արսեն Թորոսյանի հետ,21:55,"26 Հնս, 2020",26,Հնս,2020,6,2020-06-26,արսեն թորոսյան,2e5nYY_cdLU,00:22:26,https://i.ytimg.com/vi/2e5nYY_cdLU/hqdefault.jpg,3033
https://www.1tv.am/hy/video/Հարցազրույց-Արսեն-Առաքելյանի-հետ/156630,https://www.youtube.com/embed/iqsonZ-9Bx8?autoplay=1&autohide=1,Հարցազրույց Արսեն Առաքելյանի հետ,21:45,"25 Հնս, 2020",25,Հնս,2020,6,2020-06-25,արսեն առաքելյան,iqsonZ-9Bx8,00:20:01,https://i.ytimg.com/vi/iqsonZ-9Bx8/hqdefault.jpg,1489
https://www.1tv.am/hy/video/Հարցազրույց-Մանե-Թանդիլյանի-հետ/156569,https://www.youtube.com/embed/eX5iePOPZjk?autoplay=1&autohide=1,Հարցազրույց Մանե Թանդիլյանի հետ,21:45,"24 Հնս, 2020",24,Հնս,2020,6,2020-06-24,մանե թանդիլյան,eX5iePOPZjk,00:20:20,https://i.ytimg.com/vi/eX5iePOPZjk/hqdefault.jpg,1752
https://www.1tv.am/hy/video/Հարցազրույց-Վլադիմիր-Վարդանյանի-հետ/156486,https://www.youtube.com/embed/l9ClrI8i-D8?autoplay=1&autohide=1,Հարցազրույց Վլադիմիր Վարդանյանի հետ,19:50,"23 Հնս, 2020",23,Հնս,2020,6,2020-06-23,վլադիմիր վարդանյան,l9ClrI8i-D8,00:21:46,https://i.ytimg.com/vi/l9ClrI8i-D8/hqdefault.jpg,5218
https://www.1tv.am/hy/video/Հարցազրույց-Արամ-Սարգսյանի-հետ/156408,https://www.youtube.com/embed/Q_YDw8V2iP4?autoplay=1&autohide=1,Հարցազրույց Արամ Սարգսյանի հետ,19:30,"22 Հնս, 2020",22,Հնս,2020,6,2020-06-22,արամ սարգսյան,Q_YDw8V2iP4,00:21:35,https://i.ytimg.com/vi/Q_YDw8V2iP4/hqdefault.jpg,18713
https://www.1tv.am/hy/video/Հարցազրույց-Էսթեր-Դեմիրճյանի-հետ/156170,https://www.youtube.com/embed/1SyAICL3aeQ?autoplay=1&autohide=1,Հարցազրույց Էսթեր Դեմիրճյանի հետ,19:15,"20 Հնս, 2020",20,Հնս,2020,6,2020-06-20,էսթեր դեմիրճյան,1SyAICL3aeQ,00:20:00,https://i.ytimg.com/vi/1SyAICL3aeQ/hqdefault.jpg,2894
https://www.1tv.am/hy/video/Հարցազրույց-Արայիկ-Հարությունյանի-հետ/156160,https://www.youtube.com/embed/sQYG6nIYTb4?autoplay=1&autohide=1,Հարցազրույց Արայիկ Հարությունյանի հետ,19:40,"19 Հնս, 2020",19,Հնս,2020,6,2020-06-19,արայիկ հարությունյան,sQYG6nIYTb4,00:19:35,https://i.ytimg.com/vi/sQYG6nIYTb4/hqdefault.jpg,2594
https://www.1tv.am/hy/video/Հարցազրույց-Լևոն-Զուրաբյանի-հետ/156061,https://www.youtube.com/embed/ITenRy0DlLc?autoplay=1&autohide=1,Հարցազրույց Լևոն Զուրաբյանի հետ,19:35,"18 Հնս, 2020",18,Հնս,2020,6,2020-06-18,լևոն զուրաբյան,ITenRy0DlLc,00:19:20,https://i.ytimg.com/vi/ITenRy0DlLc/hqdefault.jpg,12193
https://www.1tv.am/hy/video/Հարցազրույց-Ռուբեն-Ռուբինյանի-հետ/155998,https://www.youtube.com/embed/E2cS4SBeCdY?autoplay=1&autohide=1,Հարցազրույց Ռուբեն Ռուբինյանի հետ,21:45,"17 Հնս, 2020",17,Հնս,2020,6,2020-06-17,ռուբեն ռուբինյան,E2cS4SBeCdY,00:23:51,https://i.ytimg.com/vi/E2cS4SBeCdY/hqdefault.jpg,10850
https://www.1tv.am/hy/video/Հարցազրույց-Էդմոն-Մարուքյանի-հետ/155944,https://www.youtube.com/embed/Gxiqpprtsag?autoplay=1&autohide=1,Հարցազրույց Էդմոն Մարուքյանի հետ,21:40,"16 Հնս, 2020",16,Հնս,2020,6,2020-06-16,էդմոն մարուքյան,Gxiqpprtsag,00:20:51,https://i.ytimg.com/vi/Gxiqpprtsag/hqdefault.jpg,3000
https://www.1tv.am/hy/video/Հարցազրույց-Արթուր-Հովհաննիսյանի-հետ/155671,https://www.youtube.com/embed/fRRcxFOmHrs?autoplay=1&autohide=1,Հարցազրույց Արթուր Հովհաննիսյանի հետ,19:45,"12 Հնս, 2020",12,Հնս,2020,6,2020-06-12,արթուր հովհաննիսյան,fRRcxFOmHrs,00:20:11,https://i.ytimg.com/vi/fRRcxFOmHrs/hqdefault.jpg,1026
https://www.1tv.am/hy/video/Հարցազրույց-Արծրուն-Հովհաննիսյանի-հետ/155598,https://www.youtube.com/embed/VltMh-sWwmE?autoplay=1&autohide=1,Հարցազրույց Արծրուն Հովհաննիսյանի հետ,19:30,"11 Հնս, 2020",11,Հնս,2020,6,2020-06-11,արծրուն հովհաննիսյան,VltMh-sWwmE,00:19:16,https://i.ytimg.com/vi/VltMh-sWwmE/hqdefault.jpg,5341
https://www.1tv.am/hy/video/Հարցազրույց-Արտյոմ-Սմբատյանի-հետ/155500,https://www.youtube.com/embed/FTu1yn-_BYg?autoplay=1&autohide=1,Հարցազրույց Արտյոմ Սմբատյանի հետ,19:30,"10 Հնս, 2020",10,Հնս,2020,6,2020-06-10,արտյոմ սմբատյան,FTu1yn-_BYg,00:19:21,https://i.ytimg.com/vi/FTu1yn-_BYg/hqdefault.jpg,1011
https://www.1tv.am/hy/video/Հարցազրույց-Ռուբեն-Վարդազարյանի-հետ/155395,https://www.youtube.com/embed/X86-yXCQuvc?autoplay=1&autohide=1,Հարցազրույց Ռուբեն Վարդազարյանի հետ,19:30,"09 Հնս, 2020",9,Հնս,2020,6,2020-06-09,ռուբեն վարդազարյան,X86-yXCQuvc,00:17:16,https://i.ytimg.com/vi/X86-yXCQuvc/hqdefault.jpg,1049
https://www.1tv.am/hy/video/Հարցազրույց-Անդրանիկ-Քոչարյանի-հետ/155292,https://www.youtube.com/embed/FSMnKrlN33k?autoplay=1&autohide=1,Հարցազրույց Անդրանիկ Քոչարյանի հետ,19:35,"08 Հնս, 2020",8,Հնս,2020,6,2020-06-08,անդրանիկ քոչարյան,FSMnKrlN33k,00:22:40,https://i.ytimg.com/vi/FSMnKrlN33k/hqdefault.jpg,3590
https://www.1tv.am/hy/video/Հարցազրույց-Սերգեյ-Սմբատյանի-հետ/155122,https://www.youtube.com/embed/XTQb2SMaXxo?autoplay=1&autohide=1,Հարցազրույց Սերգեյ Սմբատյանի հետ,19:30,"06 Հնս, 2020",6,Հնս,2020,6,2020-06-06,սերգեյ սմբատյան,XTQb2SMaXxo,00:21:21,https://i.ytimg.com/vi/XTQb2SMaXxo/hqdefault.jpg,473
https://www.1tv.am/hy/video/Հարցազրույց-Մարինե-Գասպարյանի-հետ/155073,https://www.youtube.com/embed/nkfZIhOdgoI?autoplay=1&autohide=1,Հարցազրույց Մարինե Գասպարյանի հետ,20:30,"05 Հնս, 2020",5,Հնս,2020,6,2020-06-05,մարինե գասպարյան,nkfZIhOdgoI,00:21:11,https://i.ytimg.com/vi/nkfZIhOdgoI/hqdefault.jpg,861
https://www.1tv.am/hy/video/Հարցազրույց-Սուսաննա-Սաֆարյանի-հետ/154990,https://www.youtube.com/embed/EFwL9aXDuZY?autoplay=1&autohide=1,Հարցազրույց Սուսաննա Սաֆարյանի հետ,19:30,"04 Հնս, 2020",4,Հնս,2020,6,2020-06-04,սուսաննա սաֆարյան,EFwL9aXDuZY,00:21:36,https://i.ytimg.com/vi/EFwL9aXDuZY/hqdefault.jpg,625
https://www.1tv.am/hy/video/Հարցազրույց-Արման-Պողոսյանի-հետ/154933,https://www.youtube.com/embed/UnJgM7jx-fo?autoplay=1&autohide=1,Հարցազրույց Արման Պողոսյանի հետ,20:30,"03 Հնս, 2020",3,Հնս,2020,6,2020-06-03,արման պողոսյան,UnJgM7jx-fo,00:24:16,https://i.ytimg.com/vi/UnJgM7jx-fo/hqdefault.jpg,861
https://www.1tv.am/hy/video/Հարցազրույց-Եղիշե-Կիրակոսյանի-հետ/154776,https://www.youtube.com/embed/gm5HREVo96w?autoplay=1&autohide=1,Հարցազրույց Եղիշե Կիրակոսյանի հետ,21:30,"01 Հնս, 2020",1,Հնս,2020,6,2020-06-01,եղիշե կիրակոսյան,gm5HREVo96w,00:21:31,https://i.ytimg.com/vi/gm5HREVo96w/hqdefault.jpg,1019
https://www.1tv.am/hy/video/Հարցազրույց-Սուրեն-Պապիկյանի-հետ/154638,https://www.youtube.com/embed/zTJggY7125o?autoplay=1&autohide=1,Հարցազրույց Սուրեն Պապիկյանի հետ,19:30,"29 Մայ, 2020",29,Մայ,2020,5,2020-05-29,սուրեն պապիկյան,zTJggY7125o,00:22:46,https://i.ytimg.com/vi/zTJggY7125o/hqdefault.jpg,967
https://www.1tv.am/hy/video/Հարցազրույց-Արտավազդ-Վանյանի-հետ/154486,https://www.youtube.com/embed/hK10kHy0IVQ?autoplay=1&autohide=1,Հարցազրույց Արտավազդ Վանյանի հետ,19:20,"28 Մայ, 2020",28,Մայ,2020,5,2020-05-28,արտավազդ վանյան,hK10kHy0IVQ,00:20:21,https://i.ytimg.com/vi/hK10kHy0IVQ/hqdefault.jpg,483
https://www.1tv.am/hy/video/Հարցազրույց-Ատոմ-Ջանջուղազյանի-հետ/154285,https://www.youtube.com/embed/lYOc4YIit-A?autoplay=1&autohide=1,Հարցազրույց Ատոմ Ջանջուղազյանի հետ,19:30,"26 Մայ, 2020",26,Մայ,2020,5,2020-05-26,ատոմ ջանջուղազյան,lYOc4YIit-A,00:30:01,https://i.ytimg.com/vi/lYOc4YIit-A/hqdefault.jpg,1088
https://www.1tv.am/hy/video/Հարցազրույց-Կարեն-Անդրեասյանի-հետ/154176,https://www.youtube.com/embed/wn5BctqyY40?autoplay=1&autohide=1,Հարցազրույց Կարեն Անդրեասյանի հետ,21:30,"25 Մայ, 2020",25,Մայ,2020,5,2020-05-25,կարեն անդրեասյան,wn5BctqyY40,00:21:40,https://i.ytimg.com/vi/wn5BctqyY40/hqdefault.jpg,10759
https://www.1tv.am/hy/video/Հարցազրույց-Ալեն-Սիմոնյանի-հետ/154047,https://www.youtube.com/embed/pWqOueNvxkM?autoplay=1&autohide=1,Հարցազրույց Ալեն Սիմոնյանի հետ,19:30,"22 Մայ, 2020",22,Մայ,2020,5,2020-05-22,ալեն սիմոնյան,pWqOueNvxkM,00:14:21,https://i.ytimg.com/vi/pWqOueNvxkM/hqdefault.jpg,1329
https://www.1tv.am/hy/video/Հարցազրույց-Արայիկ-Հարությունյանի-հետ/153868,https://www.youtube.com/embed/VBZgZBNONWE?autoplay=1&autohide=1,Հարցազրույց Արայիկ Հարությունյանի հետ,19:40,"21 Մայ, 2020",21,Մայ,2020,5,2020-05-21,արայիկ հարությունյան,VBZgZBNONWE,00:16:26,https://i.ytimg.com/vi/VBZgZBNONWE/hqdefault.jpg,593
https://www.1tv.am/hy/video/Հարցազրույց-Հայաստանում-ՄԱԿ-ի-մշտական-համակարգող-Շոմբի-Շարփի-հետ/153771,https://www.youtube.com/embed/xHO48Q1z8rk?autoplay=1&autohide=1,Հարցազրույց Հայաստանում ՄԱԿ-ի մշտական համակարգող Շոմբի Շարփի հետ,19:30,"20 Մայ, 2020",20,Մայ,2020,5,2020-05-20,հայաստանում մակ- մշտական համակարգող շոմբ շարփ,xHO48Q1z8rk,00:13:48,https://i.ytimg.com/vi/xHO48Q1z8rk/hqdefault.jpg,557
https://www.1tv.am/hy/video/Հարցազրույց-Ստյոպա-Սաֆարյանի-հետ/153671,https://www.youtube.com/embed/IUDyVmXV6Zw?autoplay=1&autohide=1,Հարցազրույց Ստյոպա Սաֆարյանի հետ,19:30,"19 Մայ, 2020",19,Մայ,2020,5,2020-05-19,ստյոպա սաֆարյան,IUDyVmXV6Zw,00:20:11,https://i.ytimg.com/vi/IUDyVmXV6Zw/hqdefault.jpg,854
https://www.1tv.am/hy/video/Հարցազրույց-Արմեն-Փամբուխչյանի-հետ/153561,https://www.youtube.com/embed/gzZIzsyCKk8?autoplay=1&autohide=1,Հարցազրույց Արմեն Փամբուխչյանի հետ,19:30,"18 Մայ, 2020",18,Մայ,2020,5,2020-05-18,արմեն փամբուխչյան,gzZIzsyCKk8,N/A,N/A,N/A
https://www.1tv.am/hy/video/Հարցազրույց-Անետա-Բաբայանի-հետ/153286,https://www.youtube.com/embed/atjbeKOHXpI?autoplay=1&autohide=1,Հարցազրույց Անետա Բաբայանի հետ,19:30,"15 Մայ, 2020",15,Մայ,2020,5,2020-05-15,անետա բաբայան,atjbeKOHXpI,00:22:01,https://i.ytimg.com/vi/atjbeKOHXpI/hqdefault.jpg,619
https://www.1tv.am/hy/video/Հարցազրույց-Մարիա-Կարապետյանի-հետ/153238,https://www.youtube.com/embed/5cqxvakjAAE?autoplay=1&autohide=1,Հարցազրույց Մարիա Կարապետյանի հետ,19:30,"14 Մայ, 2020",14,Մայ,2020,5,2020-05-14,մարիա կարապետյան,5cqxvakjAAE,00:19:26,https://i.ytimg.com/vi/5cqxvakjAAE/hqdefault.jpg,1242
https://www.1tv.am/hy/video/Հարցազրույց-Սիսակ-Գաբրիելյանի-հետ/153134,https://www.youtube.com/embed/Yk77PQ2w6r0?autoplay=1&autohide=1,Հարցազրույց Սիսակ Գաբրիելյանի հետ,19:40,"13 Մայ, 2020",13,Մայ,2020,5,2020-05-13,սիսակ գաբրիելյան,Yk77PQ2w6r0,00:18:23,https://i.ytimg.com/vi/Yk77PQ2w6r0/hqdefault.jpg,570
https://www.1tv.am/hy/video/Հարցազրույց-Սրբուհի-Գալյանի-հետ/153088,https://www.youtube.com/embed/FN7rK1nbm5s?autoplay=1&autohide=1,Հարցազրույց Սրբուհի Գալյանի հետ,19:35,"12 Մայ, 2020",12,Մայ,2020,5,2020-05-12,սրբուհ գալյան,FN7rK1nbm5s,00:23:31,https://i.ytimg.com/vi/FN7rK1nbm5s/hqdefault.jpg,2389
https://www.1tv.am/hy/video/Հարցազրույց-Նունե-Բակունցի-հետ/152970,https://www.youtube.com/embed/A1v4MqCDJco?autoplay=1&autohide=1,Հարցազրույց Նունե Բակունցի հետ,19:30,"11 Մայ, 2020",11,Մայ,2020,5,2020-05-11,նունե բակունց,A1v4MqCDJco,00:23:13,https://i.ytimg.com/vi/A1v4MqCDJco/hqdefault.jpg,456
https://www.1tv.am/hy/video/Հարցազրույց-Լիլիթ-Մակունցի-հետ/152843,https://www.youtube.com/embed/y7Nw6uaMVzc?autoplay=1&autohide=1,Հարցազրույց Լիլիթ Մակունցի հետ,19:30,"08 Մայ, 2020",8,Մայ,2020,5,2020-05-08,լիլիթ մակունց,y7Nw6uaMVzc,00:20:16,https://i.ytimg.com/vi/y7Nw6uaMVzc/hqdefault.jpg,2681
https://www.1tv.am/hy/video/Հարցազրույց-Էդմոն-Մարուքյանի-հետ/152787,https://www.youtube.com/embed/Vfu0GVAkxUA?autoplay=1&autohide=1,Հարցազրույց Էդմոն Մարուքյանի հետ,19:30,"07 Մայ, 2020",7,Մայ,2020,5,2020-05-07,էդմոն մարուքյան,Vfu0GVAkxUA,00:24:42,https://i.ytimg.com/vi/Vfu0GVAkxUA/hqdefault.jpg,1685
https://www.1tv.am/hy/video/Հարցազրույց-Հայկ-Կոնջորյանի-հետ/152750,https://www.youtube.com/embed/aWby39FA9yY?autoplay=1&autohide=1,Հարցազրույց Հայկ Կոնջորյանի հետ,19:30,"06 Մայ, 2020",6,Մայ,2020,5,2020-05-06,հայկ կոնջորյան,aWby39FA9yY,00:20:41,https://i.ytimg.com/vi/aWby39FA9yY/hqdefault.jpg,952
https://www.1tv.am/hy/video/Հարցազրույց-Հովհաննես-Իգիթյանի-հետ/152694,https://www.youtube.com/embed/jvCdC3BvQMQ?autoplay=1&autohide=1,Հարցազրույց Հովհաննես Իգիթյանի հետ,19:30,"05 Մայ, 2020",5,Մայ,2020,5,2020-05-05,հովհաննես իգիթյան,jvCdC3BvQMQ,00:21:32,https://i.ytimg.com/vi/jvCdC3BvQMQ/hqdefault.jpg,693
https://www.1tv.am/hy/video/Հարցազրույց-Լենա-Նանուշյանի-հետ/152566,https://www.youtube.com/embed/ofn0DD1ZGrg?autoplay=1&autohide=1,Հարցազրույց Լենա Նանուշյանի հետ,19:30,"04 Մայ, 2020",4,Մայ,2020,5,2020-05-04,լենա նանուշյան,ofn0DD1ZGrg,00:21:50,https://i.ytimg.com/vi/ofn0DD1ZGrg/hqdefault.jpg,467
https://www.1tv.am/hy/video/Հարցազրույց-Արման-Բաբաջանյանի-հետ/152347,https://www.youtube.com/embed/BekDuyeXvAs?autoplay=1&autohide=1,Հարցազրույց Արման Բաբաջանյանի հետ,19:30,"01 Մայ, 2020",1,Մայ,2020,5,2020-05-01,արման բաբաջանյան,BekDuyeXvAs,00:19:19,https://i.ytimg.com/vi/BekDuyeXvAs/hqdefault.jpg,17347
https://www.1tv.am/hy/video/Հարցազրույց-Արտակ-Մանուկյանի-և-Գևորգ-Գորգիսյանի-հետ/152158,https://www.youtube.com/embed/NnZo-HCfoKM?autoplay=1&autohide=1,Հարցազրույց Արտակ Մանուկյանի և Գևորգ Գորգիսյանի հետ,19:35,"29 Ապր, 2020",29,Ապր,2020,4,2020-04-29,արտակ մանուկյան և գևորգ գորգիսյան,NnZo-HCfoKM,00:31:35,https://i.ytimg.com/vi/NnZo-HCfoKM/hqdefault.jpg,1593
https://www.1tv.am/hy/video/Հարցազրույց-Անդրանիկ-Քոչարյանի-հետ/152064,https://www.youtube.com/embed/-bp3vuvF5II?autoplay=1&autohide=1,Հարցազրույց Անդրանիկ Քոչարյանի հետ,19:30,"28 Ապր, 2020",28,Ապր,2020,4,2020-04-28,անդրանիկ քոչարյան,-bp3vuvF5II,00:24:22,https://i.ytimg.com/vi/-bp3vuvF5II/hqdefault.jpg,26714
https://www.1tv.am/hy/video/Հարցազրույց-Արման-Թաթոյանի-հետ/151934,https://www.youtube.com/embed/NjLn8IXr3BM?autoplay=1&autohide=1,Հարցազրույց Արման Թաթոյանի հետ,19:30,"27 Ապր, 2020",27,Ապր,2020,4,2020-04-27,արման թաթոյան,NjLn8IXr3BM,00:25:18,https://i.ytimg.com/vi/NjLn8IXr3BM/hqdefault.jpg,1497
https://www.1tv.am/hy/video/Հարցազրույց-Զոհրաբ-Մնացականյանի-հետ/151764,https://www.youtube.com/embed/Rq_heLovOYU?autoplay=1&autohide=1,Հարցազրույց Զոհրաբ Մնացականյանի հետ,17:30,"24 Ապր, 2020",24,Ապր,2020,4,2020-04-24,զոհրաբ մնացականյան,Rq_heLovOYU,00:22:50,https://i.ytimg.com/vi/Rq_heLovOYU/hqdefault.jpg,17892
https://www.1tv.am/hy/video/Հարցազրույց-Ռայմոնդ-Գևորգյանի-հետ/151660,https://www.youtube.com/embed/DIxOrX0TKJE?autoplay=1&autohide=1,Հարցազրույց Ռայմոնդ Գևորգյանի հետ,17:30,"23 Ապր, 2020",23,Ապր,2020,4,2020-04-23,ռայմոնդ գևորգյան,DIxOrX0TKJE,00:25:30,https://i.ytimg.com/vi/DIxOrX0TKJE/hqdefault.jpg,1836
https://www.1tv.am/hy/video/Հարցազրույց-Ռուբեն-Ռուբինյանի-հետ/151582,https://www.youtube.com/embed/3K1zx4AMjdE?autoplay=1&autohide=1,Հարցազրույց Ռուբեն Ռուբինյանի հետ,19:30,"22 Ապր, 2020",22,Ապր,2020,4,2020-04-22,ռուբեն ռուբինյան,3K1zx4AMjdE,00:23:25,https://i.ytimg.com/vi/3K1zx4AMjdE/hqdefault.jpg,14779
https://www.1tv.am/hy/video/Հարցազրույց-Սուրեն-Սարգսյանի-հետ/151481,https://www.youtube.com/embed/KTTXL6nLnn4?autoplay=1&autohide=1,Հարցազրույց Սուրեն Սարգսյանի հետ,19:30,"21 Ապր, 2020",21,Ապր,2020,4,2020-04-21,սուրեն սարգսյան,KTTXL6nLnn4,00:21:00,https://i.ytimg.com/vi/KTTXL6nLnn4/hqdefault.jpg,7680
https://www.1tv.am/hy/video/Հարցազրույց-Սուրեն-Գրիգորյանի-հետ/151394,https://www.youtube.com/embed/yeWCpIsNB_0?autoplay=1&autohide=1,Հարցազրույց Սուրեն Գրիգորյանի հետ,19:30,"20 Ապր, 2020",20,Ապր,2020,4,2020-04-20,սուրեն գրիգորյան,yeWCpIsNB_0,00:22:32,https://i.ytimg.com/vi/yeWCpIsNB_0/hqdefault.jpg,7592
https://www.1tv.am/hy/video/Հարցազրույց-Ռուստամ-Բադասյանի-հետ/151195,https://www.youtube.com/embed/Lfn8qoxpoy0?autoplay=1&autohide=1,Հարցազրույց Ռուստամ Բադասյանի հետ,19:25,"17 Ապր, 2020",17,Ապր,2020,4,2020-04-17,ռուստամ բադասյան,Lfn8qoxpoy0,00:16:15,https://i.ytimg.com/vi/Lfn8qoxpoy0/hqdefault.jpg,3921
https://www.1tv.am/hy/video/Հարցազրույց-Արման-Սարգսյանի-հետ/151121,https://www.youtube.com/embed/66OZgb6aC1w?autoplay=1&autohide=1,Հարցազրույց Արման Սարգսյանի հետ,19:30,"16 Ապր, 2020",16,Ապր,2020,4,2020-04-16,արման սարգսյան,66OZgb6aC1w,00:22:01,https://i.ytimg.com/vi/66OZgb6aC1w/hqdefault.jpg,5366
https://www.1tv.am/hy/video/Հարցազրույց-Արայիկ-Հարությունյանի-հետ/150956,https://www.youtube.com/embed/mdcHFz1B_xI?autoplay=1&autohide=1,Հարցազրույց Արայիկ Հարությունյանի հետ,19:30,"15 Ապր, 2020",15,Ապր,2020,4,2020-04-15,արայիկ հարությունյան,mdcHFz1B_xI,00:23:02,https://i.ytimg.com/vi/mdcHFz1B_xI/hqdefault.jpg,2212
https://www.1tv.am/hy/video/Հարցազրույց-Մխիթար-Հայրապետյանի-հետ/150903,https://www.youtube.com/embed/4X-wA7pFOhI?autoplay=1&autohide=1,Հարցազրույց Մխիթար Հայրապետյանի հետ,19:20,"14 Ապր, 2020",14,Ապր,2020,4,2020-04-14,մխիթար հայրապետյան,4X-wA7pFOhI,00:21:50,https://i.ytimg.com/vi/4X-wA7pFOhI/hqdefault.jpg,3908
https://www.1tv.am/hy/video/Հարցազրույց-Ավագ-Ավանեսյանի-հետ/150822,https://www.youtube.com/embed/jBLta5Kr8tE?autoplay=1&autohide=1,Հարցազրույց Ավագ Ավանեսյանի հետ,19:30,"13 Ապր, 2020",13,Ապր,2020,4,2020-04-13,ավագ ավանեսյան,jBLta5Kr8tE,00:18:28,https://i.ytimg.com/vi/jBLta5Kr8tE/hqdefault.jpg,1550
https://www.1tv.am/hy/video/Հարցազրույց-Զոհրաբ-Մնացականյանի-հետ/150658,https://www.youtube.com/embed/N4mde1DlXvQ?autoplay=1&autohide=1,Հարցազրույց Զոհրաբ Մնացականյանի հետ,19:30,"10 Ապր, 2020",10,Ապր,2020,4,2020-04-10,զոհրաբ մնացականյան,N4mde1DlXvQ,00:17:21,https://i.ytimg.com/vi/N4mde1DlXvQ/hqdefault.jpg,5658
https://www.1tv.am/hy/video/Հարցազրույց-Հակոբ-Արշակյանի-հետ/150620,https://www.youtube.com/embed/bqbofcZgbWg?autoplay=1&autohide=1,Հարցազրույց Հակոբ Արշակյանի հետ,19:35,"09 Ապր, 2020",9,Ապր,2020,4,2020-04-09,հակոբ արշակյան,bqbofcZgbWg,00:23:41,https://i.ytimg.com/vi/bqbofcZgbWg/hqdefault.jpg,1144
https://www.1tv.am/hy/video/Հարցազրույց-Արայիկ-Հարությունյանի-հետ/150541,https://www.youtube.com/embed/9VKj8dm4sT0?autoplay=1&autohide=1,Հարցազրույց Արայիկ Հարությունյանի հետ,19:30,"08 Ապր, 2020",8,Ապր,2020,4,2020-04-08,արայիկ հարությունյան,9VKj8dm4sT0,00:23:21,https://i.ytimg.com/vi/9VKj8dm4sT0/hqdefault.jpg,16355
https://www.1tv.am/hy/video/Հարցազրույց-Վարդան-Պետրոսյանի-հետ/150458,https://www.youtube.com/embed/a7HxLN8IN2c?autoplay=1&autohide=1,Հարցազրույց Վարդան Պետրոսյանի հետ,19:30,"07 Ապր, 2020",7,Ապր,2020,4,2020-04-07,վարդան պետրոսյան,a7HxLN8IN2c,00:22:35,https://i.ytimg.com/vi/a7HxLN8IN2c/hqdefault.jpg,17046
https://www.1tv.am/hy/video/Հարցազրույց-Արայիկ-Հարությունյանի-հետ/150348,https://www.youtube.com/embed/akRZeU7a2dU?autoplay=1&autohide=1,Հարցազրույց Արայիկ Հարությունյանի հետ,15:35,"06 Ապր, 2020",6,Ապր,2020,4,2020-04-06,արայիկ հարությունյան,akRZeU7a2dU,00:16:56,https://i.ytimg.com/vi/akRZeU7a2dU/hqdefault.jpg,4507
https://www.1tv.am/hy/video/Հարցազրույց-Տաթևիկ-Ռևազյանի-հետ/150248,https://www.youtube.com/embed/hcD5y8ms8pA?autoplay=1&autohide=1,Հարցազրույց Տաթևիկ Ռևազյանի հետ,22:00,"04 Ապր, 2020",4,Ապր,2020,4,2020-04-04,տաթևիկ ռևազյան,hcD5y8ms8pA,00:13:45,https://i.ytimg.com/vi/hcD5y8ms8pA/hqdefault.jpg,29615
https://www.1tv.am/hy/video/Հարցազրույց-Զարուհի-Բաթոյանի-հետ/150179,https://www.youtube.com/embed/yGpfDqL-lyA?autoplay=1&autohide=1,Հարցազրույց Զարուհի Բաթոյանի հետ,19:30,"03 Ապր, 2020",3,Ապր,2020,4,2020-04-03,զարուհ բաթոյան,yGpfDqL-lyA,00:25:15,https://i.ytimg.com/vi/yGpfDqL-lyA/hqdefault.jpg,5655
https://www.1tv.am/hy/video/Հարցազրույց-Անդրանիկ-Քոչարյանի-հետ/150120,https://www.youtube.com/embed/jAOKWNwGQFM?autoplay=1&autohide=1,Հարցազրույց Անդրանիկ Քոչարյանի հետ,19:40,"02 Ապր, 2020",2,Ապր,2020,4,2020-04-02,անդրանիկ քոչարյան,jAOKWNwGQFM,00:21:52,https://i.ytimg.com/vi/jAOKWNwGQFM/hqdefault.jpg,29993
https://www.1tv.am/hy/video/Հարցազրույց-Չինաստանում-ՀՀ-դեսպան-Սերգեյ-Մանասարյանի-հետ/150059,https://www.youtube.com/embed/ot5UTHxgLPo?autoplay=1&autohide=1,Հարցազրույց Չինաստանում ՀՀ դեսպան Սերգեյ Մանասարյանի հետ,19:30,"01 Ապր, 2020",1,Ապր,2020,4,2020-04-01,չինաստանում հհ դեսպան սերգեյ մանասարյան,ot5UTHxgLPo,00:19:10,https://i.ytimg.com/vi/ot5UTHxgLPo/hqdefault.jpg,35954
https://www.1tv.am/hy/video/Հարցազրույց-Ֆրանսիայում-ՀՀ-դեսպան-Հասմիկ-Տոլմաջյանի-հետ/150055,https://www.youtube.com/embed/tvLrV9yINCA?autoplay=1&autohide=1,Հարցազրույց Ֆրանսիայում ՀՀ դեսպան Հասմիկ Տոլմաջյանի հետ,19:30,"31 Մար, 2020",31,Մար,2020,3,2020-03-31,ֆրանսիայում հհ դեսպան հասմիկ տոլմաջյան,tvLrV9yINCA,00:17:34,https://i.ytimg.com/vi/tvLrV9yINCA/hqdefault.jpg,2345
https://www.1tv.am/hy/video/Պետրոս-Ղազարյանի-հեռավար-հարցազրույցը-Մեծի-տանն-Կիլիկիո-կաթողիկոս-Արամ-Առաջինի-հետ/149920,https://www.youtube.com/embed/S-l_YQtpk88?autoplay=1&autohide=1,Պետրոս Ղազարյանի հեռավար հարցազրույցը Մեծի տանն Կիլիկիո կաթողիկոս Արամ Առաջինի հետ,20:30,"30 Մար, 2020",30,Մար,2020,3,2020-03-30,պետրոս ղազարյան հեռավար հարցազրույցը մեծ տանն կիլիկիո կաթողիկոս արամ առաջին,S-l_YQtpk88,00:22:54,https://i.ytimg.com/vi/S-l_YQtpk88/hqdefault.jpg,5251
https://www.1tv.am/hy/video/Հարցազրույց-փոխվարչապետ-Մհեր-Գրիգորյանի-հետ/149925,https://www.youtube.com/embed/bfVIn_kXZVY?autoplay=1&autohide=1,Հարցազրույց փոխվարչապետ Մհեր Գրիգորյանի հետ,19:30,"30 Մար, 2020",30,Մար,2020,3,2020-03-30,մհեր գրիգորյան,bfVIn_kXZVY,00:24:56,https://i.ytimg.com/vi/bfVIn_kXZVY/hqdefault.jpg,10040
https://www.1tv.am/hy/video/Հարցազրույց-Արամ-Սարգսյանի-հետ/149702,https://www.facebook.com/plugins/video.php?href=https%3A%2F%2Fwww.facebook.com%2Flurer.1tv%2Fvideos%2F322899835336041%2F&show_text=0&width=560&autoplay=1,Հարցազրույց Արամ Սարգսյանի հետ,19:30,"26 Մար, 2020",26,Մար,2020,3,2020-03-26,արամ սարգսյան,,N/A,N/A,N/A
https://www.1tv.am/hy/video/Հարցազրույց-Ելենա-Սարդարյանի-հետ/149617,https://www.youtube.com/embed/KfOW7UMesao?autoplay=1&autohide=1,Հարցազրույց Ելենա Սարդարյանի հետ,19:35,"25 Մար, 2020",25,Մար,2020,3,2020-03-25,ելենա սարդարյան,KfOW7UMesao,00:20:49,https://i.ytimg.com/vi/KfOW7UMesao/hqdefault.jpg,573
https://www.1tv.am/hy/video/Հարցազրույց-Վարդուհի-Պետրոսյանի-հետ/149710,https://www.youtube.com/embed/7i5-GhxLFys?autoplay=1&autohide=1,Հարցազրույց Վարդուհի Պետրոսյանի հետ,19:30,"25 Մար, 2020",25,Մար,2020,3,2020-03-25,վարդուհ պետրոսյան,7i5-GhxLFys,00:22:13,https://i.ytimg.com/vi/7i5-GhxLFys/hqdefault.jpg,2137
https://www.1tv.am/hy/video/Հարցազրույց-Համբարձում-Մաթևոսյանի-հետ/149474,https://www.facebook.com/plugins/video.php?href=https%3A%2F%2Fwww.facebook.com%2Flurer.1tv%2Fvideos%2F501143377462564%2F&show_text=0&width=560&autoplay=1,Հարցազրույց Համբարձում Մաթևոսյանի հետ,19:30,"23 Մար, 2020",23,Մար,2020,3,2020-03-23,համբարձում մաթևոսյան,,N/A,N/A,N/A
https://www.1tv.am/hy/video/Հարցազրույց-Տիգրան-Ավինյանի-հետ/149282,https://www.youtube.com/embed/2gQma93VAdY?autoplay=1&autohide=1,Հարցազրույց Տիգրան Ավինյանի հետ,21:00,"22 Մար, 2020",22,Մար,2020,3,2020-03-22,տիգրան ավինյան,2gQma93VAdY,00:30:39,https://i.ytimg.com/vi/2gQma93VAdY/hqdefault.jpg,13315
https://www.1tv.am/hy/video/Հարցազրույց-Ռոմանոս-Պետրոսյանի-հետ/149270,https://www.youtube.com/embed/vsHj8Hmr1-o?autoplay=1&autohide=1,Հարցազրույց Ռոմանոս Պետրոսյանի հետ,19:30,"20 Մար, 2020",20,Մար,2020,3,2020-03-20,ռոմանոս պետրոսյան,vsHj8Hmr1-o,00:16:57,https://i.ytimg.com/vi/vsHj8Hmr1-o/hqdefault.jpg,961
https://www.1tv.am/hy/video/Հարցազրույց-Դիանա-Գասպարյանի-հետ/149186,https://www.youtube.com/embed/M-5HHO0WD0Y?autoplay=1&autohide=1,Հարցազրույց Դիանա Գասպարյանի հետ,19:30,"19 Մար, 2020",19,Մար,2020,3,2020-03-19,դիանա գասպարյան,M-5HHO0WD0Y,00:19:28,https://i.ytimg.com/vi/M-5HHO0WD0Y/hqdefault.jpg,642
https://www.1tv.am/hy/video/Հարցազրույց-Արսեն-Թորոսյանի-հետ/149103,https://www.youtube.com/embed/pWhAdkP48io?autoplay=1&autohide=1,Հարցազրույց Արսեն Թորոսյանի հետ,21:50,"18 Մար, 2020",18,Մար,2020,3,2020-03-18,արսեն թորոսյան,pWhAdkP48io,00:28:07,https://i.ytimg.com/vi/pWhAdkP48io/hqdefault.jpg,19029
https://www.1tv.am/hy/video/Հարցազրույց-Վարդուհի-Պետրոսյանի-և-Վահե-Խաչադուրյանի-հետ/149066,https://www.youtube.com/embed/FfUCuzYc3Ic?autoplay=1&autohide=1,Հարցազրույց Վարդուհի Պետրոսյանի և Վահե Խաչադուրյանի հետ,19:30,"17 Մար, 2020",17,Մար,2020,3,2020-03-17,վարդուհ պետրոսյան և վահե խաչադուրյան,FfUCuzYc3Ic,00:20:53,https://i.ytimg.com/vi/FfUCuzYc3Ic/hqdefault.jpg,7193
https://www.1tv.am/hy/video/Հարցազրույց-Ծաղկաձորում-մեկուսացված-Մելինե-Մելիքյանի-և-Արման-Թադևոսյանի-հետ/149074,https://www.youtube.com/embed/65k20ae4BZE?autoplay=1&autohide=1,Հարցազրույց Ծաղկաձորում մեկուսացված Մելինե Մելիքյանի և Արման Թադևոսյանի հետ,19:15,"17 Մար, 2020",17,Մար,2020,3,2020-03-17,ծաղկաձորում մեկուսացված մելինե մելիքյան և արման թադևոսյան,65k20ae4BZE,00:22:32,https://i.ytimg.com/vi/65k20ae4BZE/hqdefault.jpg,4418
https://www.1tv.am/hy/video/Հարցազրույց-Լին-Թրեյսիի-հետ/148894,https://www.youtube.com/embed/ZStyojQk9ks?autoplay=1&autohide=1,Հարցազրույց Լին Թրեյսիի հետ,19:30,"13 Մար, 2020",13,Մար,2020,3,2020-03-13,լին թրեյսի,ZStyojQk9ks,00:16:20,https://i.ytimg.com/vi/ZStyojQk9ks/hqdefault.jpg,593
https://www.1tv.am/hy/video/Հարցազրույց-Վիգեն-Ասոյանի-և-Մերի-Տեր-Ստեփանյանի-հետ/148726,https://www.youtube.com/embed/CRdohErk9-Q?autoplay=1&autohide=1,Հարցազրույց Վիգեն Ասոյանի և Մերի Տեր-Ստեփանյանի հետ,19:30,"12 Մար, 2020",12,Մար,2020,3,2020-03-12,վիգեն ասոյան և մեր տեր-ստեփանյան,CRdohErk9-Q,00:22:06,https://i.ytimg.com/vi/CRdohErk9-Q/hqdefault.jpg,175
https://www.1tv.am/hy/video/Հարցազրույց-Մարտին-Գալստյանի-հետ/148553,https://www.youtube.com/embed/hKz9OmwK1ak?autoplay=1&autohide=1,Հարցազրույց Մարտին Գալստյանի հետ,19:30,"10 Մար, 2020",10,Մար,2020,3,2020-03-10,մարտին գալստյան,hKz9OmwK1ak,00:19:42,https://i.ytimg.com/vi/hKz9OmwK1ak/hqdefault.jpg,982
https://www.1tv.am/hy/video/Հարցազրույց-Սուրեն-Պապիկյանի-հետ/148536,https://www.youtube.com/embed/1mwtilU5DJM?autoplay=1&autohide=1,Հարցազրույց Սուրեն Պապիկյանի հետ,19:30,"09 Մար, 2020",9,Մար,2020,3,2020-03-09,սուրեն պապիկյան,1mwtilU5DJM,00:22:00,https://i.ytimg.com/vi/1mwtilU5DJM/hqdefault.jpg,773
https://www.1tv.am/hy/video/Հարցազրույց-Սամվել-Բաբայանի-հետ/148152,https://www.youtube.com/embed/RTZYuG_1baY?autoplay=1&autohide=1,Հարցազրույց Սամվել Բաբայանի հետ,19:25,"05 Մար, 2020",5,Մար,2020,3,2020-03-05,սամվել բաբայան,RTZYuG_1baY,00:23:44,https://i.ytimg.com/vi/RTZYuG_1baY/hqdefault.jpg,32657
https://www.1tv.am/hy/video/Հարցազրույց-Հայկ-Խանումյանի-հետ/148079,https://www.youtube.com/embed/Q_Ao8RJlYgY?autoplay=1&autohide=1,Հարցազրույց Հայկ Խանումյանի հետ,19:30,"04 Մար, 2020",4,Մար,2020,3,2020-03-04,հայկ խանումյան,Q_Ao8RJlYgY,00:21:14,https://i.ytimg.com/vi/Q_Ao8RJlYgY/hqdefault.jpg,3113
https://www.1tv.am/hy/video/Հարցազրույց-Աշոտ-Ղուլյանի-հետ/148011,https://www.youtube.com/embed/nlTfpAmwjDA?autoplay=1&autohide=1,Հարցազրույց Աշոտ Ղուլյանի հետ,19:30,"03 Մար, 2020",3,Մար,2020,3,2020-03-03,աշոտ ղուլյան,nlTfpAmwjDA,00:20:28,https://i.ytimg.com/vi/nlTfpAmwjDA/hqdefault.jpg,1129
https://www.1tv.am/hy/video/Հարցազրույց-Պետրոս-Ղազարյանի-հետ-Արսեն-Թորոսյան/147932,https://www.youtube.com/embed/IVnIQYIAQ1M?autoplay=1&autohide=1,Հարցազրույց Պետրոս Ղազարյանի հետ. Արսեն Թորոսյան,19:00,"02 Մար, 2020",2,Մար,2020,3,2020-03-02,արսեն թորոսյան,IVnIQYIAQ1M,00:21:32,https://i.ytimg.com/vi/IVnIQYIAQ1M/hqdefault.jpg,2412
https://www.1tv.am/hy/video/Հարցազրույց-Պետրոս-Ղազարյանի-հետ-Վիտալի-Բալասանյան/147775,https://www.youtube.com/embed/NIKe-KJzOWI?autoplay=1&autohide=1,Հարցազրույց Պետրոս Ղազարյանի հետ. Վիտալի Բալասանյան,19:30,"28 Փտր, 2020",28,Փտր,2020,2,2020-02-28,վիտալ բալասանյան,NIKe-KJzOWI,00:23:32,https://i.ytimg.com/vi/NIKe-KJzOWI/hqdefault.jpg,40678
https://www.1tv.am/hy/video/Հարցազրույց-Պետրոս-Ղազարյանի-հետ/147675,https://www.youtube.com/embed/-DI_5WFfD80?autoplay=1&autohide=1,Հարցազրույց Պետրոս Ղազարյանի հետ. Արայիկ Հարությունյան,19:30,"27 Փտր, 2020",27,Փտր,2020,2,2020-02-27,արայիկ հարությունյան,-DI_5WFfD80,00:20:19,https://i.ytimg.com/vi/-DI_5WFfD80/hqdefault.jpg,4353
https://www.1tv.am/hy/video/Հարցազրույց-Պետրոս-Ղազարյանի-հետ/147542,https://www.youtube.com/embed/bZlBaS7dyvM?autoplay=1&autohide=1,Հարցազրույց Պետրոս Ղազարյանի հետ. Մասիս Մայիլյան,19:30,"26 Փտր, 2020",26,Փտր,2020,2,2020-02-26,մասիս մայիլյան,bZlBaS7dyvM,00:19:29,https://i.ytimg.com/vi/bZlBaS7dyvM/hqdefault.jpg,3289
https://www.1tv.am/hy/video/Հարցազրույց-Պետրոս-Ղազարյանի-հետ/147458,https://www.youtube.com/embed/CLMlnYrH150?autoplay=1&autohide=1,Հարցազրույց Պետրոս Ղազարյանի հետ. Դավիթ Իշխանյան,19:30,"25 Փտր, 2020",25,Փտր,2020,2,2020-02-25,դավիթ իշխանյան,CLMlnYrH150,00:19:27,https://i.ytimg.com/vi/CLMlnYrH150/hqdefault.jpg,2057
https://www.1tv.am/hy/video/Հարցազրույց-Պետրոս-Ղազարյանի-հետ-Դավիթ-Բաբայան/147351,https://www.youtube.com/embed/ornjNcXMsfs?autoplay=1&autohide=1,Հարցազրույց Պետրոս Ղազարյանի հետ. Դավիթ Բաբայան,19:30,"24 Փտր, 2020",24,Փտր,2020,2,2020-02-24,դավիթ բաբայան,ornjNcXMsfs,00:20:19,https://i.ytimg.com/vi/ornjNcXMsfs/hqdefault.jpg,1842
https://www.1tv.am/hy/video/Հարցազրույց-Պետրոս-Ղազարյանի-հետ-Ռուբեն-Մելիքյան/147237,https://www.youtube.com/embed/eFTa65uXE6o?autoplay=1&autohide=1,Հարցազրույց Պետրոս Ղազարյանի հետ. Ռուբեն Մելիքյան,19:30,"21 Փտր, 2020",21,Փտր,2020,2,2020-02-21,ռուբեն մելիքյան,eFTa65uXE6o,00:21:14,https://i.ytimg.com/vi/eFTa65uXE6o/hqdefault.jpg,2317
https://www.1tv.am/hy/video/Հարցազրույց-Պետրոս-Ղազարյանի-հետ-Նիկոլ-Փաշինյան/147148,https://www.youtube.com/embed/jYu5yvGtQcQ?autoplay=1&autohide=1,Հարցազրույց Պետրոս Ղազարյանի հետ. Նիկոլ Փաշինյան,22:00,"20 Փտր, 2020",20,Փտր,2020,2,2020-02-20,նիկոլ փաշինյան,jYu5yvGtQcQ,01:11:53,https://i.ytimg.com/vi/jYu5yvGtQcQ/hqdefault.jpg,65025
https://www.1tv.am/hy/video/Հարցազրույց-Պետրոս-Ղազարյանի-հետ/147062,https://www.youtube.com/embed/QtwDXRqzI_s?autoplay=1&autohide=1,Հարցազրույց Պետրոս Ղազարյանի հետ. Գագիկ Ջհանգիրյան,19:30,"19 Փտր, 2020",19,Փտր,2020,2,2020-02-19,գագիկ ջհանգիրյան,QtwDXRqzI_s,N/A,N/A,N/A
https://www.1tv.am/hy/video/Հարցազրույց-Պետրոս-Ղազարյանի-հետ-Արմեն-Գրիգորյան/146988,https://www.youtube.com/embed/GKXbQNOhxIY?autoplay=1&autohide=1,Հարցազրույց Պետրոս Ղազարյանի հետ. Արմեն Գրիգորյան,19:30,"18 Փտր, 2020",18,Փտր,2020,2,2020-02-18,արմեն գրիգորյան,GKXbQNOhxIY,00:21:59,https://i.ytimg.com/vi/GKXbQNOhxIY/hqdefault.jpg,4725
https://www.1tv.am/hy/video/Հարցազրույց-Պետրոս-Ղազարյանի-հետ/146864,https://www.youtube.com/embed/53xgbFt_Do0?autoplay=1&autohide=1,Հարցազրույց Պետրոս Ղազարյանի հետ. Արամ Սարգսյան,19:30,"17 Փտր, 2020",17,Փտր,2020,2,2020-02-17,արամ սարգսյան,53xgbFt_Do0,00:20:39,https://i.ytimg.com/vi/53xgbFt_Do0/hqdefault.jpg,20731
https://www.1tv.am/hy/video/Հարցազրույց-Պետրոս-Ղազարյանի-հետ/146780,https://www.youtube.com/embed/oHElz3ihDq4?autoplay=1&autohide=1,Հարցազրույց Պետրոս Ղազարյանի հետ. Վիգեն Խաչատրյան,19:30,"14 Փտր, 2020",14,Փտր,2020,2,2020-02-14,վիգեն խաչատրյան,oHElz3ihDq4,00:50:36,https://i.ytimg.com/vi/oHElz3ihDq4/hqdefault.jpg,25276
https://www.1tv.am/hy/video/Հարցազրույց-Պետրոս-Ղազարյանի-հետ-Գևորգ-Տեր-Գաբրիելյան/146634,https://www.youtube.com/embed/3XXy2kux-gk?autoplay=1&autohide=1,Հարցազրույց Պետրոս Ղազարյանի հետ. Գևորգ Տեր-Գաբրիելյան,19:30,"13 Փտր, 2020",13,Փտր,2020,2,2020-02-13,գևորգ տեր-գաբրիելյան,3XXy2kux-gk,00:25:43,https://i.ytimg.com/vi/3XXy2kux-gk/hqdefault.jpg,10635
https://www.1tv.am/hy/video/Հարցազրույց-Պետրոս-Ղազարյանի-հետ-Նաիրա-Զոհրաբյան/146568,https://www.youtube.com/embed/vKd8KGdI46Y?autoplay=1&autohide=1,Հարցազրույց Պետրոս Ղազարյանի հետ. Նաիրա Զոհրաբյան,19:30,"12 Փտր, 2020",12,Փտր,2020,2,2020-02-12,նաիրա զոհրաբյան,vKd8KGdI46Y,00:21:56,https://i.ytimg.com/vi/vKd8KGdI46Y/hqdefault.jpg,3220
https://www.1tv.am/hy/video/Հարցազրույց-Պետրոս-Ղազարյանի-հետ-Ռուստամ-Բադասյան/146365,https://www.youtube.com/embed/gserVX98a5g?autoplay=1&autohide=1,Հարցազրույց Պետրոս Ղազարյանի հետ. Ռուստամ Բադասյան,19:30,"10 Փտր, 2020",10,Փտր,2020,2,2020-02-10,ռուստամ բադասյան,gserVX98a5g,00:23:30,https://i.ytimg.com/vi/gserVX98a5g/hqdefault.jpg,16136
https://www.1tv.am/hy/video/Հարցազրույց-Պետրոս-Ղազարյանի-հետ/146212,https://www.youtube.com/embed/UEEzIFSDANo?autoplay=1&autohide=1,Հարցազրույց Պետրոս Ղազարյանի հետ. Վահագն Հովակիմյան,19:30,"07 Փտր, 2020",7,Փտր,2020,2,2020-02-07,վահագն հովակիմյան,UEEzIFSDANo,00:21:38,https://i.ytimg.com/vi/UEEzIFSDANo/hqdefault.jpg,5361
https://www.1tv.am/hy/video/Հարցազրույց-Պետրոս-Ղազարյանի-հետ-Կարեն-Անդրեասյան/146092,https://www.youtube.com/embed/6g5sFkYDopo?autoplay=1&autohide=1,Հարցազրույց Պետրոս Ղազարյանի հետ. Կարեն Անդրեասյան,19:30,"06 Փտր, 2020",6,Փտր,2020,2,2020-02-06,կարեն անդրեասյան,6g5sFkYDopo,00:22:14,https://i.ytimg.com/vi/6g5sFkYDopo/hqdefault.jpg,30398
https://www.1tv.am/hy/video/Հարցազրույց-Պետրոս-Ղազարյանի-հետ-Էդմոն-Մարուքյան/145994,https://www.youtube.com/embed/g_N7y10q5jE?autoplay=1&autohide=1,Հարցազրույց Պետրոս Ղազարյանի հետ. Էդմոն Մարուքյան,19:30,"05 Փտր, 2020",5,Փտր,2020,2,2020-02-05,էդմոն մարուքյան,g_N7y10q5jE,00:20:16,https://i.ytimg.com/vi/g_N7y10q5jE/hqdefault.jpg,1801
https://www.1tv.am/hy/video/Հարցազրույց-Պետրոս-Ղազարյանի-հետ-Տիգրան-Խաչատրյան/145905,https://www.youtube.com/embed/PLfaKqneN8g?autoplay=1&autohide=1,Հարցազրույց Պետրոս Ղազարյանի հետ. Տիգրան Խաչատրյան,19:30,"04 Փտր, 2020",4,Փտր,2020,2,2020-02-04,տիգրան խաչատրյան,PLfaKqneN8g,00:19:36,https://i.ytimg.com/vi/PLfaKqneN8g/hqdefault.jpg,2123
https://www.1tv.am/hy/video/Հարցազրույց-Պետրոս-Ղազարյանի-հետ-Ռուբեն-Ռուբինյան/145824,https://www.youtube.com/embed/XA3jcUzjQRI?autoplay=1&autohide=1,Հարցազրույց Պետրոս Ղազարյանի հետ. Ռուբեն Ռուբինյան,19:30,"03 Փտր, 2020",3,Փտր,2020,2,2020-02-03,ռուբեն ռուբինյան,XA3jcUzjQRI,00:20:11,https://i.ytimg.com/vi/XA3jcUzjQRI/hqdefault.jpg,15580
https://www.1tv.am/hy/video/Հարցազրույց-Արսեն-Թորոսյանի-հետ/188404,https://www.youtube.com/embed/Mo-CuhQ4wNg?autoplay=1&autohide=1,Հարցազրույց Արսեն Թորոսյանի հետ,18:24,"12 Հոկ, 2021",12,Հոկ,2021,10,2021-10-12,արսեն թորոսյան,Mo-CuhQ4wNg,00:26:36,https://i.ytimg.com/vi/Mo-CuhQ4wNg/hqdefault.jpg,14683
